site_id,year,month,day,hour,wl,time_LST,n,area_m2
GoodwinIsland,2024,9,22,0,0.79175,2024-09-22T00:22:30Z,4,132560.78458389489
GoodwinIsland,2024,9,22,1,0.6775,2024-09-22T01:22:30Z,4,110878.93075446293
GoodwinIsland,2024,9,22,2,0.53075,2024-09-22T02:22:30Z,4,62215.99736242203
GoodwinIsland,2024,9,22,3,0.34025,2024-09-22T03:22:30Z,4,17950.55836913434
GoodwinIsland,2024,9,22,4,0.22575,2024-09-22T04:22:30Z,4,12293.63885463821
GoodwinIsland,2024,9,22,5,0.16925,2024-09-22T05:22:30Z,4,8675.836828029618
GoodwinIsland,2024,9,22,6,0.19325,2024-09-22T06:22:30Z,4,9837.904359466986
GoodwinIsland,2024,9,22,7,0.324,2024-09-22T07:22:30Z,4,17146.962229071843
GoodwinIsland,2024,9,22,8,0.538,2024-09-22T08:22:30Z,4,65417.59161329449
GoodwinIsland,2024,9,22,9,0.7805,2024-09-22T09:22:30Z,4,131510.4072295086
GoodwinIsland,2024,9,22,10,0.96075,2024-09-22T10:22:30Z,4,138642.75731385133
GoodwinIsland,2024,9,22,11,1.0670000000000002,2024-09-22T11:22:30Z,4,140333.67986678053
GoodwinIsland,2024,9,22,12,1.0465,2024-09-22T12:22:30Z,4,140007.43128009772
GoodwinIsland,2024,9,22,13,0.944,2024-09-22T13:22:30Z,4,138376.1883466837
GoodwinIsland,2024,9,22,14,0.78425,2024-09-22T14:22:30Z,4,131860.53301430403
GoodwinIsland,2024,9,22,15,0.62625,2024-09-22T15:22:30Z,4,93928.68894671388
GoodwinIsland,2024,9,22,16,0.472,2024-09-22T16:22:30Z,4,38913.51592886612
GoodwinIsland,2024,9,22,17,0.36425,2024-09-22T17:22:30Z,4,19252.947798072913
GoodwinIsland,2024,9,22,18,0.31425000000000003,2024-09-22T18:22:30Z,4,16715.654068292206
GoodwinIsland,2024,9,22,19,0.33825,2024-09-22T19:22:30Z,4,17842.025916722796
GoodwinIsland,2024,9,22,20,0.423,2024-09-22T20:22:30Z,4,25172.51234495891
GoodwinIsland,2024,9,22,21,0.53975,2024-09-22T21:22:30Z,4,66056.55181918906
GoodwinIsland,2024,9,22,22,0.68425,2024-09-22T22:22:30Z,4,113190.5091966363
GoodwinIsland,2024,9,22,23,0.8182499999999999,2024-09-22T23:22:30Z,4,135035.00679644928
GoodwinIsland,2024,9,23,0,0.86,2024-09-23T00:22:30Z,4,137039.36486954437
GoodwinIsland,2024,9,23,1,0.80975,2024-09-23T01:22:30Z,4,134241.38835091298
GoodwinIsland,2024,9,23,2,0.68075,2024-09-23T02:22:30Z,4,111991.9129673612
GoodwinIsland,2024,9,23,3,0.5285,2024-09-23T03:22:30Z,4,61156.84564146583
GoodwinIsland,2024,9,23,4,0.392,2024-09-23T04:22:30Z,4,20634.682184595073
GoodwinIsland,2024,9,23,5,0.31125,2024-09-23T05:22:30Z,4,16582.943864975394
GoodwinIsland,2024,9,23,6,0.2755,2024-09-23T06:22:30Z,4,15097.49548777162
GoodwinIsland,2024,9,23,7,0.302,2024-09-23T07:22:30Z,4,16173.754071415224
GoodwinIsland,2024,9,23,8,0.39725,2024-09-23T08:22:30Z,4,21450.650997138866
GoodwinIsland,2024,9,23,9,0.57725,2024-09-23T09:22:30Z,4,78788.26212220738
GoodwinIsland,2024,9,23,10,0.7737499999999999,2024-09-23T10:22:30Z,4,130880.1808168768
GoodwinIsland,2024,9,23,11,0.9355,2024-09-23T11:22:30Z,4,138240.91454244935
GoodwinIsland,2024,9,23,12,1.014,2024-09-23T12:22:30Z,4,139490.20791096642
GoodwinIsland,2024,9,23,13,1.003,2024-09-23T13:22:30Z,4,139315.14769372198
GoodwinIsland,2024,9,23,14,0.911,2024-09-23T14:22:30Z,4,137851.0076949504
GoodwinIsland,2024,9,23,15,0.78225,2024-09-23T15:22:30Z,4,131673.79926241314
GoodwinIsland,2024,9,23,16,0.6195,2024-09-23T16:22:30Z,4,91737.23681443918
GoodwinIsland,2024,9,23,17,0.47975,2024-09-23T17:22:30Z,4,42000.721016143354
GoodwinIsland,2024,9,23,18,0.3885,2024-09-23T18:22:30Z,4,20274.46495092081
GoodwinIsland,2024,9,23,19,0.35375,2024-09-23T19:22:30Z,4,18683.152422912288
GoodwinIsland,2024,9,23,20,0.39075,2024-09-23T20:22:30Z,4,20440.403895894167
GoodwinIsland,2024,9,23,21,0.438,2024-09-23T21:22:30Z,4,27307.15164734259
GoodwinIsland,2024,9,23,22,0.5425,2024-09-23T22:22:30Z,4,67060.63214273774
GoodwinIsland,2024,9,23,23,0.67025,2024-09-23T23:22:30Z,4,108396.12427953599
GoodwinIsland,2024,9,24,0,0.788,2024-09-24T00:22:30Z,4,132210.65879909947
GoodwinIsland,2024,9,24,1,0.8312499999999999,2024-09-24T01:22:30Z,4,136248.77618374012
GoodwinIsland,2024,9,24,2,0.77925,2024-09-24T02:22:30Z,4,131393.69863457678
GoodwinIsland,2024,9,24,3,0.6765,2024-09-24T03:22:30Z,4,110536.47468895576
GoodwinIsland,2024,9,24,4,0.5475,2024-09-24T04:22:30Z,4,68886.23273100803
GoodwinIsland,2024,9,24,5,0.44275,2024-09-24T05:22:30Z,4,28169.956656500846
GoodwinIsland,2024,9,24,6,0.3645,2024-09-24T06:22:30Z,4,19266.514354624356
GoodwinIsland,2024,9,24,7,0.32475,2024-09-24T07:22:30Z,4,17180.139779901045
GoodwinIsland,2024,9,24,8,0.33625,2024-09-24T08:22:30Z,4,17733.493464311246
GoodwinIsland,2024,9,24,9,0.41725,2024-09-24T09:22:30Z,4,24467.31883057882
GoodwinIsland,2024,9,24,10,0.5640000000000001,2024-09-24T10:22:30Z,4,74760.85985911073
GoodwinIsland,2024,9,24,11,0.736,2024-09-24T11:22:30Z,4,126792.88031025523
GoodwinIsland,2024,9,24,12,0.86675,2024-09-24T12:22:30Z,4,137146.78818467163
GoodwinIsland,2024,9,24,13,0.93525,2024-09-24T13:22:30Z,4,138236.93590114833
GoodwinIsland,2024,9,24,14,0.9137500000000001,2024-09-24T14:22:30Z,4,137894.7727492615
GoodwinIsland,2024,9,24,15,0.8425,2024-09-24T15:22:30Z,4,136760.8599784737
GoodwinIsland,2024,9,24,16,0.7262500000000001,2024-09-24T16:22:30Z,4,124510.96972931498
GoodwinIsland,2024,9,24,17,0.61725,2024-09-24T17:22:30Z,4,91020.18284531028
GoodwinIsland,2024,9,24,18,0.50475,2024-09-24T18:22:30Z,4,50157.48998353476
GoodwinIsland,2024,9,24,19,0.40825,2024-09-24T19:22:30Z,4,23160.299937706815
GoodwinIsland,2024,9,24,20,0.368,2024-09-24T20:22:30Z,4,19442.75131691935
GoodwinIsland,2024,9,24,21,0.37124999999999997,2024-09-24T21:22:30Z,4,19574.608356456167
GoodwinIsland,2024,9,24,22,0.436,2024-09-24T22:22:30Z,4,26943.865327697007
GoodwinIsland,2024,9,24,23,0.54525,2024-09-24T23:22:30Z,4,68064.71246628641
GoodwinIsland,2024,9,25,0,0.683,2024-09-25T00:22:30Z,4,112762.43911475236
GoodwinIsland,2024,9,25,1,0.764,2024-09-25T01:22:30Z,4,129969.8537764087
GoodwinIsland,2024,9,25,2,0.76875,2024-09-25T02:22:30Z,4,130413.34643714958
GoodwinIsland,2024,9,25,3,0.7132499999999999,2024-09-25T03:22:30Z,4,121468.42228806125
GoodwinIsland,2024,9,25,4,0.62475,2024-09-25T04:22:30Z,4,93441.69958398618
GoodwinIsland,2024,9,25,5,0.529,2024-09-25T05:22:30Z,4,61392.21269056723
GoodwinIsland,2024,9,25,6,0.4155,2024-09-25T06:22:30Z,4,24252.694717506613
GoodwinIsland,2024,9,25,7,0.329,2024-09-25T07:22:30Z,4,17368.14590126653
GoodwinIsland,2024,9,25,8,0.29074999999999995,2024-09-25T08:22:30Z,4,15697.967616847915
GoodwinIsland,2024,9,25,9,0.31575,2024-09-25T09:22:30Z,4,16782.00916995061
GoodwinIsland,2024,9,25,10,0.40375,2024-09-25T10:22:30Z,4,22460.898098383565
GoodwinIsland,2024,9,25,11,0.521,2024-09-25T11:22:30Z,4,57626.339904945344
GoodwinIsland,2024,9,25,12,0.6695,2024-09-25T12:22:30Z,4,108139.2822304056
GoodwinIsland,2024,9,25,13,0.78825,2024-09-25T13:22:30Z,4,132234.0005180858
GoodwinIsland,2024,9,25,14,0.85275,2024-09-25T14:22:30Z,4,136923.98427181508
GoodwinIsland,2024,9,25,15,0.8434999999999999,2024-09-25T15:22:30Z,4,136776.77454367772
GoodwinIsland,2024,9,25,16,0.7825,2024-09-25T16:22:30Z,4,131697.14098139948
GoodwinIsland,2024,9,25,17,0.69475,2024-09-25T17:22:30Z,4,116786.29788446153
GoodwinIsland,2024,9,25,18,0.58175,2024-09-25T18:22:30Z,4,80156.05911722133
GoodwinIsland,2024,9,25,19,0.46325,2024-09-25T19:22:30Z,4,34662.130021814424
GoodwinIsland,2024,9,25,20,0.35250000000000004,2024-09-25T20:22:30Z,4,18615.319640155074
GoodwinIsland,2024,9,25,21,0.29925,2024-09-25T21:22:30Z,4,16052.103051708147
GoodwinIsland,2024,9,25,22,0.29574999999999996,2024-09-25T22:22:30Z,4,15897.274481171864
GoodwinIsland,2024,9,25,23,0.35025,2024-09-25T23:22:30Z,4,18493.22063119208
GoodwinIsland,2024,9,26,0,0.45825,2024-09-26T00:22:30Z,4,32232.766646356307
GoodwinIsland,2024,9,26,1,0.57025,2024-09-26T01:22:30Z,4,76660.57790774122
GoodwinIsland,2024,9,26,2,0.66025,2024-09-26T02:22:30Z,4,104971.56362446432
GoodwinIsland,2024,9,26,3,0.69,2024-09-26T03:22:30Z,4,115159.63157330248
GoodwinIsland,2024,9,26,4,0.66025,2024-09-26T04:22:30Z,4,104971.56362446432
GoodwinIsland,2024,9,26,5,0.588,2024-09-26T05:22:30Z,4,82055.77716585182
GoodwinIsland,2024,9,26,6,0.47775,2024-09-26T06:22:30Z,4,41348.17949875204
GoodwinIsland,2024,9,26,7,0.3605,2024-09-26T07:22:30Z,4,19049.44944980126
GoodwinIsland,2024,9,26,8,0.27275,2024-09-26T08:22:30Z,4,14989.213628429992
GoodwinIsland,2024,9,26,9,0.23525000000000001,2024-09-26T09:22:30Z,4,13011.468937842108
GoodwinIsland,2024,9,26,10,0.25125,2024-09-26T10:22:30Z,4,14142.64636448636
GoodwinIsland,2024,9,26,11,0.31,2024-09-26T11:22:30Z,4,16527.64794692672
GoodwinIsland,2024,9,26,12,0.424,2024-09-26T12:22:30Z,4,25295.15469528588
GoodwinIsland,2024,9,26,13,0.5755,2024-09-26T13:22:30Z,4,78256.34106859083
GoodwinIsland,2024,9,26,14,0.703,2024-09-26T14:22:30Z,4,119069.49065168815
GoodwinIsland,2024,9,26,15,0.76575,2024-09-26T15:22:30Z,4,130133.24580931323
GoodwinIsland,2024,9,26,16,0.761,2024-09-26T16:22:30Z,4,129689.75314857234
GoodwinIsland,2024,9,26,17,0.70575,2024-09-26T17:22:30Z,4,119713.10645656876
GoodwinIsland,2024,9,26,18,0.618,2024-09-26T18:22:30Z,4,91250.24745171145
GoodwinIsland,2024,9,26,19,0.4925,2024-09-26T19:22:30Z,4,46160.67318951296
GoodwinIsland,2024,9,26,20,0.36375,2024-09-26T20:22:30Z,4,19225.814684970028
GoodwinIsland,2024,9,26,21,0.25525,2024-09-26T21:22:30Z,4,14300.147250801454
GoodwinIsland,2024,9,26,22,0.2085,2024-09-26T22:22:30Z,4,10990.210545662712
GoodwinIsland,2024,9,26,23,0.22675,2024-09-26T23:22:30Z,4,12369.199916028094
GoodwinIsland,2024,9,27,0,0.29075,2024-09-27T00:22:30Z,4,15697.967616847916
GoodwinIsland,2024,9,27,1,0.398,2024-09-27T01:22:30Z,4,21567.217970359412
GoodwinIsland,2024,9,27,2,0.50925,2024-09-27T02:22:30Z,4,52095.2142510632
GoodwinIsland,2024,9,27,3,0.589,2024-09-27T03:22:30Z,4,82359.7320536327
GoodwinIsland,2024,9,27,4,0.63825,2024-09-27T04:22:30Z,4,97824.60384853563
GoodwinIsland,2024,9,27,5,0.62875,2024-09-27T05:22:30Z,4,94740.33788459343
GoodwinIsland,2024,9,27,6,0.56175,2024-09-27T06:22:30Z,4,74076.96136160372
GoodwinIsland,2024,9,27,7,0.44475,2024-09-27T07:22:30Z,4,28533.24297614643
GoodwinIsland,2024,9,27,8,0.324,2024-09-27T08:22:30Z,4,17146.962229071843
GoodwinIsland,2024,9,27,9,0.22975,2024-09-27T09:22:30Z,4,12595.883100197745
GoodwinIsland,2024,9,27,10,0.19925,2024-09-27T10:22:30Z,4,10291.270727806288
GoodwinIsland,2024,9,27,11,0.21975,2024-09-27T11:22:30Z,4,11840.272486298907
GoodwinIsland,2024,9,27,12,0.2815,2024-09-27T12:22:30Z,4,15333.74681724426
GoodwinIsland,2024,9,27,13,0.3955,2024-09-27T13:22:30Z,4,21178.661392957605
GoodwinIsland,2024,9,27,14,0.53975,2024-09-27T14:22:30Z,4,66056.55181918906
GoodwinIsland,2024,9,27,15,0.67325,2024-09-27T15:22:30Z,4,109423.49247605748
GoodwinIsland,2024,9,27,16,0.80525,2024-09-27T16:22:30Z,4,133821.23740915846
GoodwinIsland,2024,9,27,17,0.8765000000000001,2024-09-27T17:22:30Z,4,137301.95519541102
GoodwinIsland,2024,9,27,18,0.80925,2024-09-27T18:22:30Z,4,134194.70491294024
GoodwinIsland,2024,9,27,19,0.6765,2024-09-27T19:22:30Z,4,110536.47468895576
GoodwinIsland,2024,9,27,20,0.51225,2024-09-27T20:22:30Z,4,53507.4165456714
GoodwinIsland,2024,9,27,21,0.327,2024-09-27T21:22:30Z,4,17279.672432388656
GoodwinIsland,2024,9,27,22,0.21875,2024-09-27T22:22:30Z,4,11764.711424909023
GoodwinIsland,2024,9,27,23,0.154,2024-09-27T23:22:30Z,4,8281.83740628256
GoodwinIsland,2024,9,28,0,0.158,2024-09-28T00:00:00Z,1,8385.18151690474
GCREW,2024,7,14,4,0.22690000000000002,2024-07-14T04:27:00Z,10,27101.020907896316
GCREW,2024,7,14,5,0.209,2024-07-14T05:27:00Z,10,19219.292896301085
GCREW,2024,7,14,6,0.1633,2024-07-14T06:27:00Z,10,5516.326656169368
GCREW,2024,7,14,7,0.1143,2024-07-14T07:27:00Z,10,2100.9429877244997
GCREW,2024,7,14,8,0.06420000000000001,2024-07-14T08:27:00Z,10,737.7330582568434
GCREW,2024,7,14,9,0.019299999999999998,2024-07-14T09:27:00Z,10,511.2713196295857
GCREW,2024,7,14,10,-0.0017999999999999997,2024-07-14T10:27:00Z,10,404.8494335486251
GCREW,2024,7,14,11,0.0102,2024-07-14T11:27:00Z,10,465.37372895011936
GCREW,2024,7,14,12,0.0453,2024-07-14T12:27:00Z,10,642.40729299949
GCREW,2024,7,14,13,0.079,2024-07-14T13:27:00Z,10,812.3796892520196
GCREW,2024,7,14,14,0.1079,2024-07-14T14:27:00Z,10,1739.6201053869863
GCREW,2024,7,14,15,0.1214,2024-07-14T15:27:00Z,10,2501.7855603176786
GCREW,2024,7,14,16,0.1159,2024-07-14T16:27:00Z,10,2191.273708308878
GCREW,2024,7,14,17,0.0911,2024-07-14T17:27:00Z,10,873.4083537818597
GCREW,2024,7,14,18,0.0537,2024-07-14T18:27:00Z,10,684.7742997805359
GCREW,2024,7,14,19,-0.002700000000000001,2024-07-14T19:27:00Z,10,400.310111393513
GCREW,2024,7,14,20,-0.0338,2024-07-14T20:27:00Z,10,303.7033894937582
GCREW,2024,7,14,21,-0.0487,2024-07-14T21:27:00Z,10,296.3075552219484
GCREW,2024,7,14,22,-0.0189,2024-07-14T22:27:00Z,10,318.6023126014958
GCREW,2024,7,14,23,0.029,2024-07-14T23:27:00Z,10,560.1951250791269
GCREW,2024,7,15,0,0.1373,2024-07-15T00:27:00Z,10,3399.447096124939
GCREW,2024,7,15,1,0.2157,2024-07-15T01:27:00Z,10,22169.436900641198
GCREW,2024,7,15,2,0.3143,2024-07-15T02:27:00Z,10,79004.44942092209
GCREW,2024,7,15,3,0.38480000000000003,2024-07-15T03:27:00Z,10,84765.19643125964
GCREW,2024,7,15,4,0.43069999999999997,2024-07-15T04:27:00Z,10,86117.27870208926
GCREW,2024,7,15,5,0.4391,2024-07-15T05:27:00Z,10,86322.37449175684
GCREW,2024,7,15,6,0.421,2024-07-15T06:27:00Z,10,85880.44189735409
GCREW,2024,7,15,7,0.3897,2024-07-15T07:27:00Z,10,84931.05773604753
GCREW,2024,7,15,8,0.3397,2024-07-15T08:27:00Z,10,82472.76685581317
GCREW,2024,7,15,9,0.2921,2024-07-15T09:27:00Z,10,73298.25545889053
GCREW,2024,7,15,10,0.25630000000000003,2024-07-15T10:27:00Z,10,54171.495710868694
GCREW,2024,7,15,11,0.23809999999999998,2024-07-15T11:27:00Z,10,35124.357730517535
GCREW,2024,7,15,12,0.24159999999999998,2024-07-15T12:27:00Z,10,38787.26888058506
GCREW,2024,7,15,13,0.255,2024-07-15T13:27:00Z,10,52810.98585512931
GCREW,2024,7,15,14,0.26980000000000004,2024-07-15T14:27:00Z,10,65051.52687577503
GCREW,2024,7,15,15,0.2697,2024-07-15T15:27:00Z,10,65014.546030110825
GCREW,2024,7,15,16,0.25880000000000003,2024-07-15T16:27:00Z,10,56787.86081805978
GCREW,2024,7,15,17,0.2318,2024-07-15T17:27:00Z,10,29258.58891107042
GCREW,2024,7,15,18,0.1842,2024-07-15T18:27:00Z,10,11002.37068632956
GCREW,2024,7,15,19,0.121,2024-07-15T19:27:00Z,10,2479.202880171584
GCREW,2024,7,15,20,0.0643,2024-07-15T20:27:00Z,10,738.2374273851892
GCREW,2024,7,15,21,0.0146,2024-07-15T21:27:00Z,10,487.5659705973339
GCREW,2024,7,15,22,-0.017,2024-07-15T22:27:00Z,10,328.1853260400657
GCREW,2024,7,15,23,-0.020200000000000003,2024-07-15T23:27:00Z,10,312.04551393300056
GCREW,2024,7,16,0,0.0452,2024-07-16T00:27:00Z,10,641.9029238711441
GCREW,2024,7,16,1,0.1387,2024-07-16T01:27:00Z,10,3478.4864766362693
GCREW,2024,7,16,2,0.2251,2024-07-16T02:27:00Z,10,26308.444906730307
GCREW,2024,7,16,3,0.3063,2024-07-16T03:27:00Z,10,77355.02949349614
GCREW,2024,7,16,4,0.3744,2024-07-16T04:27:00Z,10,84413.1642741588
GCREW,2024,7,16,5,0.42519999999999997,2024-07-16T05:27:00Z,10,85982.98979218787
GCREW,2024,7,16,6,0.4319,2024-07-16T06:27:00Z,10,86146.5781006132
GCREW,2024,7,16,7,0.4073,2024-07-16T07:27:00Z,10,85477.42271195748
GCREW,2024,7,16,8,0.3693,2024-07-16T08:27:00Z,10,84240.53312019589
GCREW,2024,7,16,9,0.3206,2024-07-16T09:27:00Z,10,80303.36761377
GCREW,2024,7,16,10,0.2673,2024-07-16T10:27:00Z,10,64127.00573417013
GCREW,2024,7,16,11,0.2351,2024-07-16T11:27:00Z,10,31984.719601888257
GCREW,2024,7,16,12,0.2276,2024-07-16T12:27:00Z,10,27409.24490834975
GCREW,2024,7,16,13,0.243,2024-07-16T13:27:00Z,10,40252.43334061208
GCREW,2024,7,16,14,0.2584,2024-07-16T14:27:00Z,10,56369.2424009092
GCREW,2024,7,16,15,0.2731,2024-07-16T15:27:00Z,10,66271.89478269346
GCREW,2024,7,16,16,0.2818,2024-07-16T16:27:00Z,10,69489.22835547842
GCREW,2024,7,16,17,0.27690000000000003,2024-07-16T17:27:00Z,10,67677.16691793289
GCREW,2024,7,16,18,0.2449,2024-07-16T18:27:00Z,10,42240.87082207732
GCREW,2024,7,16,19,0.2002,2024-07-16T19:27:00Z,10,15344.476890600641
GCREW,2024,7,16,20,0.1522,2024-07-16T20:27:00Z,10,4240.651931566963
GCREW,2024,7,16,21,0.1058,2024-07-16T21:27:00Z,10,1621.06103461999
GCREW,2024,7,16,22,0.06,2024-07-16T22:27:00Z,10,716.5495548663205
GCREW,2024,7,16,23,0.0312,2024-07-16T23:27:00Z,10,571.2912459027343
GCREW,2024,7,17,0,0.0563,2024-07-17T00:27:00Z,10,697.8878971175263
GCREW,2024,7,17,1,0.12480000000000001,2024-07-17T01:27:00Z,10,2693.738341559483
GCREW,2024,7,17,2,0.2104,2024-07-17T02:27:00Z,10,19835.74089720798
GCREW,2024,7,17,3,0.3068,2024-07-17T03:27:00Z,10,77458.11823896026
GCREW,2024,7,17,4,0.3824,2024-07-17T04:27:00Z,10,84683.95824115945
GCREW,2024,7,17,5,0.43310000000000004,2024-07-17T05:27:00Z,10,86175.87749913715
GCREW,2024,7,17,6,0.4546,2024-07-17T06:27:00Z,10,86672.64951489799
GCREW,2024,7,17,7,0.4359,2024-07-17T07:27:00Z,10,86244.24276235966
GCREW,2024,7,17,8,0.3894,2024-07-17T08:27:00Z,10,84920.902962285
GCREW,2024,7,17,9,0.3304,2024-07-17T09:27:00Z,10,81517.1813809748
GCREW,2024,7,17,10,0.2612,2024-07-17T10:27:00Z,10,59299.57132096318
GCREW,2024,7,17,11,0.19619999999999999,2024-07-17T11:27:00Z,10,14152.252426134446
GCREW,2024,7,17,12,0.1459,2024-07-17T12:27:00Z,10,3884.9747192659725
GCREW,2024,7,17,13,0.1285,2024-07-17T13:27:00Z,10,2902.628132910858
GCREW,2024,7,17,14,0.1406,2024-07-17T14:27:00Z,10,3585.7542073302193
GCREW,2024,7,17,15,0.1686,2024-07-17T15:27:00Z,10,6907.524424583196
GCREW,2024,7,17,16,0.2038,2024-07-17T16:27:00Z,10,16929.628892932647
GCREW,2024,7,17,17,0.2204,2024-07-17T17:27:00Z,10,24238.940903685758
GCREW,2024,7,17,18,0.22240000000000001,2024-07-17T18:27:00Z,10,25119.580904981314
GCREW,2024,7,17,19,0.1975,2024-07-17T19:27:00Z,10,14493.489614613316
GCREW,2024,7,17,20,0.1602,2024-07-17T20:27:00Z,10,4702.607206719773
GCREW,2024,7,17,21,0.1019,2024-07-17T21:27:00Z,10,1400.8799031955677
GCREW,2024,7,17,22,0.0422,2024-07-17T22:27:00Z,10,626.7718500207707
GCREW,2024,7,17,23,-0.0172,2024-07-17T23:27:00Z,10,327.17658778337415
GCREW,2024,7,18,0,-0.0229,2024-07-18T00:27:00Z,10,309.11376490065254
GCREW,2024,7,18,1,-0.0159,2024-07-18T01:27:00Z,10,333.73338645186936
GCREW,2024,7,18,2,0.1092,2024-07-18T02:27:00Z,10,1813.0138158617942
GCREW,2024,7,18,3,0.1801,2024-07-18T03:27:00Z,10,9926.161091896221
GCREW,2024,7,18,4,0.2615,2024-07-18T04:27:00Z,10,59613.53513382614
GCREW,2024,7,18,5,0.3295,2024-07-18T05:27:00Z,10,81424.70536728077
GCREW,2024,7,18,6,0.3927,2024-07-18T06:27:00Z,10,85027.45522965219
GCREW,2024,7,18,7,0.4228,2024-07-18T07:27:00Z,10,85924.39099514
GCREW,2024,7,18,8,0.3919,2024-07-18T08:27:00Z,10,85002.7994771971
GCREW,2024,7,18,9,0.35559999999999997,2024-07-18T09:27:00Z,10,83533.51811009453
GCREW,2024,7,18,10,0.2992,2024-07-18T10:27:00Z,10,75891.16930790564
GCREW,2024,7,18,11,0.227,2024-07-18T11:27:00Z,10,27145.052907961086
GCREW,2024,7,18,12,0.1508,2024-07-18T12:27:00Z,10,4161.61255105563
GCREW,2024,7,18,13,0.0958,2024-07-18T13:27:00Z,10,1056.494030967625
GCREW,2024,7,18,14,0.0661,2024-07-18T14:27:00Z,10,747.3160716954133
GCREW,2024,7,18,15,0.0509,2024-07-18T15:27:00Z,10,670.651964186854
GCREW,2024,7,18,16,0.0497,2024-07-18T16:27:00Z,10,664.5995346467046
GCREW,2024,7,18,17,0.0672,2024-07-18T17:27:00Z,10,752.8641321072168
GCREW,2024,7,18,18,0.0786,2024-07-18T18:27:00Z,10,810.3622127386366
GCREW,2024,7,18,19,0.0707,2024-07-18T19:27:00Z,10,770.5170515993194
GCREW,2024,7,18,20,0.0273,2024-07-18T20:27:00Z,10,551.6208498972486
GCREW,2024,7,18,21,-0.0301,2024-07-18T21:27:00Z,10,305.5399389438049
GCREW,2024,7,18,22,-0.1004,2024-07-18T22:27:00Z,10,270.64549939291703
GCREW,2024,7,18,23,-0.1649,2024-07-18T23:27:00Z,10,238.62997519615655
GCREW,2024,7,19,0,-0.2108,2024-07-19T00:27:00Z,10,215.84683472125258
GCREW,2024,7,19,1,-0.226,2024-07-19T01:27:00Z,10,208.30209103457412
GCREW,2024,7,19,2,-0.1935,2024-07-19T02:27:00Z,10,224.4339443120116
GCREW,2024,7,19,3,-0.1167,2024-07-19T03:27:00Z,10,262.55475451838686
GCREW,2024,7,19,4,-0.0129,2024-07-19T04:27:00Z,10,348.86446030224295
GCREW,2024,7,19,5,0.0925,2024-07-19T05:27:00Z,10,880.4695215787007
GCREW,2024,7,19,6,0.1839,2024-07-19T06:27:00Z,10,10923.623642834438
GCREW,2024,7,19,7,0.2609,2024-07-19T07:27:00Z,10,58985.60750810029
GCREW,2024,7,19,8,0.311,2024-07-19T08:27:00Z,10,78324.06370085888
GCREW,2024,7,19,9,0.3202,2024-07-19T09:27:00Z,10,80220.8966173987
GCREW,2024,7,19,10,0.28759999999999997,2024-07-19T10:27:00Z,10,71634.11740400174
GCREW,2024,7,19,11,0.2228,2024-07-19T11:27:00Z,10,25295.70890524042
GCREW,2024,7,19,12,0.1396,2024-07-19T12:27:00Z,10,3529.2975069649824
GCREW,2024,7,19,13,0.0627,2024-07-19T13:27:00Z,10,730.1675213316566
GCREW,2024,7,19,14,0.0191,2024-07-19T14:27:00Z,10,510.26258137289426
GCREW,2024,7,19,15,0.0163,2024-07-19T15:27:00Z,10,496.14024577921225
GCREW,2024,7,19,16,0.0438,2024-07-19T16:27:00Z,10,634.8417560743032
GCREW,2024,7,19,17,0.094,2024-07-19T17:27:00Z,10,954.8719703101995
GCREW,2024,7,19,18,0.1457,2024-07-19T18:27:00Z,10,3873.683379192925
GCREW,2024,7,19,19,0.1888,2024-07-19T19:27:00Z,10,12209.825353254764
GCREW,2024,7,19,20,0.2051,2024-07-19T20:27:00Z,10,17502.044893774757
GCREW,2024,7,19,21,0.1889,2024-07-19T21:27:00Z,10,12236.074367753145
GCREW,2024,7,19,22,0.1479,2024-07-19T22:27:00Z,10,3997.8881199964453
GCREW,2024,7,19,23,0.0935,2024-07-19T23:27:00Z,10,926.6436201275811
GCREW,2024,7,20,0,0.0436,2024-07-20T00:27:00Z,10,633.8330178176116
GCREW,2024,7,20,1,0.0105,2024-07-20T01:27:00Z,10,466.88683633515666
GCREW,2024,7,20,2,0.0222,2024-07-20T02:27:00Z,10,525.8980243516136
GCREW,2024,7,20,3,0.08889999999999999,2024-07-20T03:27:00Z,10,862.3122329582524
GCREW,2024,7,20,4,0.125,2024-07-20T04:00:00Z,1,2705.02968163253
SweetHall,2024,8,18,0,0.469,2024-08-18T00:22:30Z,4,78416.07902424003
SweetHall,2024,8,18,1,0.34125,2024-08-18T01:22:30Z,4,9576.73497979085
SweetHall,2024,8,18,2,0.23725000000000002,2024-08-18T02:22:30Z,4,31.598967583204157
SweetHall,2024,8,18,3,0.12199999999999996,2024-08-18T03:22:30Z,4,23.84909678090157
SweetHall,2024,8,18,4,0.005499999999999926,2024-08-18T04:22:30Z,4,18.767024970972095
SweetHall,2024,8,18,5,-0.03900000000000015,2024-08-18T05:22:30Z,4,16.825804408381003
SweetHall,2024,8,18,6,0.03899999999999993,2024-08-18T06:22:30Z,4,20.228393259664262
SweetHall,2024,8,18,7,0.18175000000000002,2024-08-18T07:22:30Z,4,26.455567086852525
SweetHall,2024,8,18,8,0.31575,2024-08-18T08:22:30Z,4,491.4969417745239
SweetHall,2024,8,18,9,0.43425,2024-08-18T09:22:30Z,4,67630.67796752758
SweetHall,2024,8,18,10,0.5165,2024-08-18T10:22:30Z,4,87552.1642423068
SweetHall,2024,8,18,11,0.53625,2024-08-18T11:22:30Z,4,89310.23764571443
SweetHall,2024,8,18,12,0.44975,2024-08-18T12:22:30Z,4,72732.41839786952
SweetHall,2024,8,18,13,0.27125,2024-08-18T13:22:30Z,4,43.435518752235694
SweetHall,2024,8,18,14,0.12024999999999997,2024-08-18T14:22:30Z,4,23.77275664641765
SweetHall,2024,8,18,15,-0.023750000000000042,2024-08-18T15:22:30Z,4,17.491054151740876
SweetHall,2024,8,18,16,-0.14025,2024-08-18T16:22:30Z,4,14.243326716125011
SweetHall,2024,8,18,17,-0.16375,2024-08-18T17:22:30Z,4,14.243326716125011
SweetHall,2024,8,18,18,-0.027500000000000115,2024-08-18T18:22:30Z,4,17.327468149275333
SweetHall,2024,8,18,19,0.20175,2024-08-18T19:22:30Z,4,27.328025766668745
SweetHall,2024,8,18,20,0.362,2024-08-18T20:22:30Z,4,32801.49318019602
SweetHall,2024,8,18,21,0.4915,2024-08-18T21:22:30Z,4,83685.10130552224
SweetHall,2024,8,18,22,0.60025,2024-08-18T22:22:30Z,4,91543.21568249485
SweetHall,2024,8,18,23,0.657,2024-08-18T23:22:30Z,4,91951.5171193071
SweetHall,2024,8,19,0,0.61625,2024-08-19T00:22:30Z,4,91731.3477806198
SweetHall,2024,8,19,1,0.48324999999999996,2024-08-19T01:22:30Z,4,82040.44183220337
SweetHall,2024,8,19,2,0.318,2024-08-19T02:22:30Z,4,529.6136261261606
SweetHall,2024,8,19,3,0.157,2024-08-19T03:22:30Z,4,25.37589947057996
SweetHall,2024,8,19,4,-0.010250000000000082,2024-08-19T04:22:30Z,4,18.07996376061682
SweetHall,2024,8,19,5,-0.144,2024-08-19T05:22:30Z,4,14.243326716125011
SweetHall,2024,8,19,6,-0.12574999999999997,2024-08-19T06:22:30Z,4,14.243326716125011
SweetHall,2024,8,19,7,0.06549999999999988,2024-08-19T07:22:30Z,4,21.38440101042075
SweetHall,2024,8,19,8,0.2715,2024-08-19T08:22:30Z,4,43.522552216713876
SweetHall,2024,8,19,9,0.3855,2024-08-19T09:22:30Z,4,38508.01298456053
SweetHall,2024,8,19,10,0.50425,2024-08-19T10:22:30Z,4,85929.51955030269
SweetHall,2024,8,19,11,0.58225,2024-08-19T11:22:30Z,4,91232.76977435642
SweetHall,2024,8,19,12,0.57975,2024-08-19T12:22:30Z,4,91174.82000172733
SweetHall,2024,8,19,13,0.47675,2024-08-19T13:22:30Z,4,80387.22370927274
SweetHall,2024,8,19,14,0.30974999999999997,2024-08-19T14:22:30Z,4,389.85245017016075
SweetHall,2024,8,19,15,0.15549999999999997,2024-08-19T15:22:30Z,4,25.31046506959374
SweetHall,2024,8,19,16,0.004499999999999924,2024-08-19T16:22:30Z,4,18.723402036981284
SweetHall,2024,8,19,17,-0.12625000000000006,2024-08-19T17:22:30Z,4,14.243326716125011
SweetHall,2024,8,19,18,-0.20350000000000001,2024-08-19T18:22:30Z,4,14.243326716125011
SweetHall,2024,8,19,19,-0.10999999999999997,2024-08-19T19:22:30Z,4,14.243326716125011
SweetHall,2024,8,19,20,0.14650000000000002,2024-08-19T20:22:30Z,4,24.91785866367644
SweetHall,2024,8,19,21,0.37,2024-08-19T21:22:30Z,4,35075.7622079947
SweetHall,2024,8,19,22,0.49524999999999997,2024-08-19T22:22:30Z,4,84405.8386100366
SweetHall,2024,8,19,23,0.5955,2024-08-19T23:22:30Z,4,91487.36396586399
SweetHall,2024,8,20,0,0.61475,2024-08-20T00:22:30Z,4,91713.71039642059
SweetHall,2024,8,20,1,0.51475,2024-08-20T01:22:30Z,4,87320.3578577348
SweetHall,2024,8,20,2,0.34075,2024-08-20T02:22:30Z,4,9017.102252070243
SweetHall,2024,8,20,3,0.1975,2024-08-20T03:22:30Z,4,27.1426282972078
SweetHall,2024,8,20,4,0.04675,2024-08-20T04:22:30Z,4,20.56647099809305
SweetHall,2024,8,20,5,-0.08150000000000006,2024-08-20T05:22:30Z,4,14.971829713771543
SweetHall,2024,8,20,6,-0.176,2024-08-20T06:22:30Z,4,14.243326716125011
SweetHall,2024,8,20,7,-0.1925,2024-08-20T07:22:30Z,4,14.243326716125011
SweetHall,2024,8,20,8,0.003999999999999945,2024-08-20T08:22:30Z,4,18.70159056998588
SweetHall,2024,8,20,9,0.25175,2024-08-20T09:22:30Z,4,36.64690852293819
SweetHall,2024,8,20,10,0.40175,2024-08-20T10:22:30Z,4,45577.06743551251
SweetHall,2024,8,20,11,0.5267499999999999,2024-08-20T11:22:30Z,4,88579.44968373995
SweetHall,2024,8,20,12,0.6072500000000001,2024-08-20T12:22:30Z,4,91625.52347542452
SweetHall,2024,8,20,13,0.59575,2024-08-20T13:22:30Z,4,91490.3035298972
SweetHall,2024,8,20,14,0.4725,2024-08-20T14:22:30Z,4,79306.27339812576
SweetHall,2024,8,20,15,0.2965,2024-08-20T15:22:30Z,4,165.38753121052588
SweetHall,2024,8,20,16,0.13325000000000004,2024-08-20T16:22:30Z,4,24.339854788298197
SweetHall,2024,8,20,17,-0.04300000000000005,2024-08-20T17:22:30Z,4,16.651312672417767
SweetHall,2024,8,20,18,-0.19574999999999998,2024-08-20T18:22:30Z,4,14.243326716125011
SweetHall,2024,8,20,19,-0.26475000000000004,2024-08-20T19:22:30Z,4,14.243326716125011
SweetHall,2024,8,20,20,-0.10150000000000005,2024-08-20T20:22:30Z,4,14.243326716125011
SweetHall,2024,8,20,21,0.19599999999999998,2024-08-20T21:22:30Z,4,27.07719389622158
SweetHall,2024,8,20,22,0.36375,2024-08-20T22:22:30Z,4,33691.79012066978
SweetHall,2024,8,20,23,0.4865,2024-08-20T23:22:30Z,4,82724.11823283642
SweetHall,2024,8,21,0,0.58075,2024-08-21T00:22:30Z,4,91197.99991077898
SweetHall,2024,8,21,1,0.61375,2024-08-21T01:22:30Z,4,91701.95214028779
SweetHall,2024,8,21,2,0.547,2024-08-21T02:22:30Z,4,90052.20410670346
SweetHall,2024,8,21,3,0.39025,2024-08-21T03:22:30Z,4,39559.83177092748
SweetHall,2024,8,21,4,0.21625,2024-08-21T04:22:30Z,4,27.960558309535504
SweetHall,2024,8,21,5,0.05099999999999995,2024-08-21T05:22:30Z,4,20.751868467553994
SweetHall,2024,8,21,6,-0.11475000000000006,2024-08-21T06:22:30Z,4,14.243326716125011
SweetHall,2024,8,21,7,-0.2445,2024-08-21T07:22:30Z,4,14.243326716125011
SweetHall,2024,8,21,8,-0.20575,2024-08-21T08:22:30Z,4,14.243326716125011
SweetHall,2024,8,21,9,0.07124999999999995,2024-08-21T09:22:30Z,4,21.635232880867918
SweetHall,2024,8,21,10,0.29825,2024-08-21T10:22:30Z,4,195.03384126179893
SweetHall,2024,8,21,11,0.42925,2024-08-21T11:22:30Z,4,65924.07864273277
SweetHall,2024,8,21,12,0.53575,2024-08-21T12:22:30Z,4,89271.77512139997
SweetHall,2024,8,21,13,0.5855,2024-08-21T13:22:30Z,4,91308.10447877424
SweetHall,2024,8,21,14,0.517,2024-08-21T14:22:30Z,4,87618.39463789882
SweetHall,2024,8,21,15,0.3325,2024-08-21T15:22:30Z,4,775.2544808367049
SweetHall,2024,8,21,16,0.15499999999999992,2024-08-21T16:22:30Z,4,25.28865360259833
SweetHall,2024,8,21,17,-0.01550000000000007,2024-08-21T17:22:30Z,4,17.850943357165065
SweetHall,2024,8,21,18,-0.1825,2024-08-21T18:22:30Z,4,14.243326716125011
SweetHall,2024,8,21,19,-0.309,2024-08-21T19:22:30Z,4,14.243326716125011
SweetHall,2024,8,21,20,-0.32999999999999996,2024-08-21T20:22:30Z,4,14.243326716125011
SweetHall,2024,8,21,21,-0.13200000000000003,2024-08-21T21:22:30Z,4,14.243326716125011
SweetHall,2024,8,21,22,0.14425,2024-08-21T22:22:30Z,4,24.819707062197118
SweetHall,2024,8,21,23,0.3235,2024-08-21T23:22:30Z,4,622.7877434301602
SweetHall,2024,8,22,0,0.4475,2024-08-22T00:22:30Z,4,72032.38699325976
SweetHall,2024,8,22,1,0.5315,2024-08-22T01:22:30Z,4,88944.84366472719
SweetHall,2024,8,22,2,0.53875,2024-08-22T02:22:30Z,4,89502.55026728666
SweetHall,2024,8,22,3,0.42525,2024-08-22T03:22:30Z,4,64558.799182896924
SweetHall,2024,8,22,4,0.23175,2024-08-22T04:22:30Z,4,29.684231364684347
SweetHall,2024,8,22,5,0.06249999999999994,2024-08-22T05:22:30Z,4,21.25353220844832
SweetHall,2024,8,22,6,-0.11125000000000004,2024-08-22T06:22:30Z,4,14.243326716125011
SweetHall,2024,8,22,7,-0.262,2024-08-22T07:22:30Z,4,14.243326716125011
SweetHall,2024,8,22,8,-0.3525,2024-08-22T08:22:30Z,4,14.243326716125011
SweetHall,2024,8,22,9,-0.242,2024-08-22T09:22:30Z,4,14.243326716125011
SweetHall,2024,8,22,10,0.03499999999999991,2024-08-22T10:22:30Z,4,20.053901523701015
SweetHall,2024,8,22,11,0.25375000000000003,2024-08-22T11:22:30Z,4,37.34317623876359
SweetHall,2024,8,22,12,0.40249999999999997,2024-08-22T12:22:30Z,4,46253.545118919
SweetHall,2024,8,22,13,0.5065,2024-08-22T13:22:30Z,4,86227.55633046672
SweetHall,2024,8,22,14,0.54625,2024-08-22T14:22:30Z,4,90020.00366376326
SweetHall,2024,8,22,15,0.4705,2024-08-22T15:22:30Z,4,78797.59089876249
SweetHall,2024,8,22,16,0.291,2024-08-22T16:22:30Z,4,72.2134139065263
SweetHall,2024,8,22,17,0.11649999999999992,2024-08-22T17:22:30Z,4,23.609170643952112
SweetHall,2024,8,22,18,-0.05750000000000004,2024-08-22T18:22:30Z,4,16.018780129551008
SweetHall,2024,8,22,19,-0.21325,2024-08-22T19:22:30Z,4,14.243326716125011
SweetHall,2024,8,22,20,-0.31975,2024-08-22T20:22:30Z,4,14.243326716125011
SweetHall,2024,8,22,21,-0.3085,2024-08-22T21:22:30Z,4,14.243326716125011
SweetHall,2024,8,22,22,-0.10725000000000012,2024-08-22T22:22:30Z,4,14.243326716125011
SweetHall,2024,8,22,23,0.14024999999999996,2024-08-22T23:22:30Z,4,24.64521532623387
SweetHall,2024,8,23,0,0.3125,2024-08-23T00:22:30Z,4,436.43950882216103
SweetHall,2024,8,23,1,0.4215,2024-08-23T01:22:30Z,4,63278.84968930081
SweetHall,2024,8,23,2,0.48075,2024-08-23T02:22:30Z,4,81404.5887079993
SweetHall,2024,8,23,3,0.4465,2024-08-23T03:22:30Z,4,71721.2619245443
SweetHall,2024,8,23,4,0.2925,2024-08-23T04:22:30Z,4,97.62453680761709
SweetHall,2024,8,23,5,0.11599999999999988,2024-08-23T05:22:30Z,4,23.587359176956703
SweetHall,2024,8,23,6,-0.054250000000000034,2024-08-23T06:22:30Z,4,16.16055466502114
SweetHall,2024,8,23,7,-0.222,2024-08-23T07:22:30Z,4,14.243326716125011
SweetHall,2024,8,23,8,-0.35250000000000004,2024-08-23T08:22:30Z,4,14.243326716125011
SweetHall,2024,8,23,9,-0.39575,2024-08-23T09:22:30Z,4,14.243326716125011
SweetHall,2024,8,23,10,-0.23275,2024-08-23T10:22:30Z,4,14.243326716125011
SweetHall,2024,8,23,11,0.0492499999999999,2024-08-23T11:22:30Z,4,20.675528333070073
SweetHall,2024,8,23,12,0.259,2024-08-23T12:22:30Z,4,39.17087899280522
SweetHall,2024,8,23,13,0.40275,2024-08-23T13:22:30Z,4,46479.037680054535
SweetHall,2024,8,23,14,0.49774999999999997,2024-08-23T14:22:30Z,4,84886.3301463795
SweetHall,2024,8,23,15,0.53225,2024-08-23T15:22:30Z,4,89002.53745119886
SweetHall,2024,8,23,16,0.45375,2024-08-23T16:22:30Z,4,73976.91867273132
SweetHall,2024,8,23,17,0.26875,2024-08-23T17:22:30Z,4,42.565184107453966
SweetHall,2024,8,23,18,0.0994999999999999,2024-08-23T18:22:30Z,4,22.867580766108325
SweetHall,2024,8,23,19,-0.06825000000000009,2024-08-23T19:22:30Z,4,15.549833589149786
SweetHall,2024,8,23,20,-0.2255,2024-08-23T20:22:30Z,4,14.243326716125011
SweetHall,2024,8,23,21,-0.3325,2024-08-23T21:22:30Z,4,14.243326716125011
SweetHall,2024,8,23,22,-0.31174999999999997,2024-08-23T22:22:30Z,4,14.243326716125011
SweetHall,2024,8,23,23,-0.11350000000000005,2024-08-23T23:22:30Z,4,14.243326716125011
SweetHall,2024,8,24,0,0.0474999999999999,2024-08-24T00:00:00Z,1,20.599188198586155
