Site,Type,SET,Pin,Azi,07_28_1998,10_27_1998,01_26_1999,07_12_1999,10_27_1999,02_25_2000,06_22_2000,07_18_2000,10_17_2000,01_17_2001,05_02_2001,07_31_2001,01_07_2002,03_18_2002,04_18_2002,05_16_2002,06_03_2002,07_12_2002,08_12_2002,09_10_2002,10_10_2002,11_09_2002,12_13_2002,01_09_2003,02_20_2003,03_21_2003,04_24_2003,10_02_2003,02_25_2004,07_21_2004,02_11_2005,06_13_2005,11_09_2005,06_19_2006,11_14_2006,03_17_2007,06_09_2007,09_12_2007,11_20_2007,03_10_2008,06_13_2008,09_15_2008,11_11_2008,02_02_2009,05_08_2009,08_18_2009,12_01_2009,01_19_2010,04_20_2010,07_29_2010,10_28_2010,01_25_2011,04_06_2011,07_20_2011,08_03_2011,05_08_2013,09_08_2014,09_21_2015,09_19_2016,05_09_2017,12_05_2017,05_08_2018,12_09_2018,04_27_2019
SH3,Original,1,1,115,469,454,456,464,470,457,459,463,463,450,440,444,453,452,442,439,443,442,443,444,449,454,445,440,442,445,442,453,452,460,472,457,496,493,498,497,504,491,484,484,484,494,489,476,488,487,492,489,476,494,500,484,482,489,Nr,500,509,496,514,520,556,529,514,537
SH3,Original,1,2,115,427,416,417,428,468,456,456,H,468,451,440,461,456,443,444,442,442,442,444,452,453,449,448,446,448,447,451,457,452,464,471,463,504,D,511,499,506,492,511,504,473,489,500,478,488,474,494,499,486,492,496,484,485,492,Nr,501,511,513,500,514,545,527,538,538
SH3,Original,1,3,115,409,395,401,401,471,464,463,R,467,458,450,460,458,446,448,446,451,451,450,453,455,455,447,444,443,443,450,457,462,464,469,465,508,501,499,498,501,482,491,493,486,491,487,470,489,481,493,494,479,456,494,483,478,480,Nr,501,511,516,516,514,531,526,541,H
SH3,Original,1,4,115,438,425,428,403,463,452,456,462,466,423,H,446,424,441,413,H,434,441,439,446,449,449,447,442,441,441,447,450,453,451,474,466,507,497,500,503,504,499,486,485,478,496,496,474,481,494,497,494,488,493,463,484,484,490,Nr,514,493,493,518,514,534,522,522,536
SH3,Original,1,5,115,470,453,456,456,465,455,459,462,467,449,436,444,469,446,441,441,443,447,422,423,450,450,447,448,442,419,449,450,449,465,475,468,512,487,507,D,D,D,489,484,483,492,493,471,489,486,489,498,482,491,495,480,486,489,Nr,496,510,517,511,512,559,529,527,521
SH3,Original,1,6,115,468,456,456,404,466,443,454,Bd,471,439,429,434,458,447,442,439,438,454,425,447,432,438,445,445,448,434,450,452,464,440,471,462,511,501,503,498,504,499,485,488,484,495,478,471,459,489,489,490,486,489,494,485,485,490,Nr,502,512,454,518,520,557,528,537,541
SH3,Original,1,7,115,467,452,451,462,469,452,456,470,472,451,H,454,422,433,436,435,439,446,439,452,448,448,446,438,439,439,438,441,501,462,474,464,522,510,516,506,516,507,482,D,492,493,499,478,493,493,495,495,487,488,500,484,482,487,Nr,500,518,517,515,522,541,527,532,530
SH3,Original,1,8,115,461,446,451,453,460,454,457,467,469,450,441,452,453,435,438,439,446,449,447,447,452,454,446,439,441,441,446,454,445,464,474,466,513,505,513,507,507,495,487,490,488,499,490,473,489,488,493,489,479,490,492,483,475,482,Nr,503,513,519,514,523,555,H,524,525
SH3,Original,1,9,115,448,428,433,442,464,446,452,436,455,441,443,444,448,443,451,447,448,449,448,452,452,453,450,443,446,445,446,453,450,457,474,470,510,506,508,510,502,506,490,500,482,498,490,458,481,485,491,491,478,489,495,481,484,484,Nr,508,517,515,522,505,551,534,534,544
SH3,Original,1,1,160,480,464,462,470,468,463,462,465,472,453,447,454,459,440,449,448,454,455,454,457,455,456,454,447,450,449,452,457,456,464,478,472,517,507,501,500,488,495,483,483,481,491,497,474,492,486,487,501,496,507,501,490,485,476,Nr,506,517,515,523,529,554,513,537,534
SH3,Original,1,2,160,460,447,448,456,465,460,464,464,462,440,448,458,R,449,455,448,449,447,449,453,452,449,447,443,449,445,453,450,455,461,482,468,515,501,503,461,486,486,478,482,481,491,482,474,494,478,492,483,476,500,486,483,483,472,Nr,501,517,508,535,526,539,535,540,538
SH3,Original,1,3,160,455,443,445,457,469,456,455,464,460,451,440,448,455,453,449,444,448,447,447,449,453,448,450,441,444,445,449,451,459,458,472,468,511,497,506,493,493,490,484,484,490,485,486,469,489,489,489,488,493,490,479,465,464,455,Nr,498,509,500,522,H,554,527,546,H
SH3,Original,1,4,160,476,465,461,459,466,461,464,460,462,451,443,439,451,443,445,443,448,454,447,458,455,458,450,446,452,448,456,457,467,473,476,478,510,506,500,506,494,499,488,489,487,500,493,485,488,492,503,498,490,496,497,481,491,474,Nr,493,519,520,529,529,548,531,537,536
SH3,Original,1,5,160,481,474,472,478,463,456,461,458,463,452,444,451,460,447,452,446,451,448,454,454,454,454,449,447,447,446,452,445,458,456,H,472,509,501,501,495,495,496,488,488,484,495,500,482,488,490,499,498,494,503,500,490,488,490,Nr,506,502,519,522,528,551,542,529,539
SH3,Original,1,6,160,464,461,455,471,468,458,458,Bd,459,453,441,449,458,447,449,441,443,445,444,452,450,455,444,443,442,443,443,446,456,464,473,469,508,492,500,488,493,498,484,487,482,495,491,475,488,485,497,497,494,497,496,485,484,486,Nr,502,498,511,519,524,554,547,542,538
SH3,Original,1,7,160,456,436,442,461,472,464,463,465,472,435,443,452,454,442,441,444,447,450,456,460,456,459,445,449,446,446,456,440,460,473,456,475,514,503,495,497,503,501,491,496,489,494,513,478,492,487,479,486,488,485,478,485,486,487,Nr,502,508,514,521,528,540,550,532,541
SH3,Original,1,8,160,449,439,438,450,465,455,459,458,468,454,448,450,455,445,450,445,449,452,446,453,452,453,449,444,444,444,447,439,453,456,446,H,515,502,498,495,496,502,491,499,488,499,497,487,501,488,502,497,501,486,498,487,489,490,Nr,508,503,519,524,526,531,538,553,548
SH3,Original,1,9,160,461,449,452,460,468,463,462,H,454,443,441,448,446,446,450,441,446,446,450,449,450,443,436,435,434,437,448,452,465,457,459,466,515,506,498,484,495,510,489,495,477,491,492,477,487,471,497,495,491,491,503,490,483,491,Nr,499,513,513,518,517,557,535,527,544
SH3,Original,1,1,250,466,447,455,444,463,464,458,469,440,448,439,457,469,449,454,446,449,453,453,454,457,459,454,447,449,449,451,454,457,461,467,465,502,489,491,489,498,490,490,480,472,488,479,468,477,482,489,494,480,496,498,482,480,480,Nr,491,494,494,524,507,547,529,536,545
SH3,Original,1,2,250,460,453,458,464,464,461,454,469,466,450,443,459,462,447,449,449,448,453,455,453,453,456,453,453,447,451,452,451,457,460,463,465,501,483,502,486,494,493,484,485,487,485,482,474,481,487,484,488,481,496,497,485,488,489,Nr,488,496,504,519,503,537,527,531,543
SH3,Original,1,3,250,481,470,465,461,463,459,455,462,465,451,444,461,474,454,460,450,454,454,444,452,447,449,451,440,445,449,452,456,457,458,472,465,503,488,497,487,491,494,483,470,473,491,494,486,489,495,489,498,492,494,503,489,487,485,Nr,493,499,497,525,495,542,526,537,518
SH3,Original,1,4,250,483,460,463,468,464,460,450,466,465,452,444,460,465,451,454,449,452,455,452,455,454,454,453,446,448,449,452,453,460,457,465,467,505,490,498,484,488,496,482,477,469,486,479,472,481,484,489,487,482,492,497,478,479,481,Nr,499,500,490,527,512,D,531,543,535
SH3,Original,1,5,250,460,467,456,461,471,447,459,463,436,449,438,446,460,438,448,H,448,448,444,454,451,454,451,446,444,450,448,455,459,461,468,457,500,487,494,485,495,497,484,481,478,487,480,472,488,496,485,486,488,494,496,485,483,482,Nr,491,499,489,505,505,553,532,544,536
SH3,Original,1,6,250,471,463,469,466,463,462,450,Bd,469,448,442,459,466,449,455,448,452,456,457,459,456,458,459,449,451,450,451,458,458,457,471,464,501,481,490,482,488,493,486,482,477,491,492,479,490,490,494,498,496,493,499,486,480,485,Nr,493,497,486,501,505,544,533,532,534
SH3,Original,1,7,250,467,451,451,461,466,460,459,459,460,448,448,461,456,444,462,452,444,449,436,431,448,448,448,444,443,444,444,456,457,449,473,461,502,493,492,483,488,491,484,474,470,488,482,471,482,484,491,490,480,492,496,480,479,480,Nr,487,499,494,521,513,537,534,H,541
SH3,Original,1,8,250,459,446,447,468,470,457,458,462,463,452,445,458,458,442,448,443,446,448,451,451,453,449,451,441,443,444,448,459,457,458,468,466,506,486,492,486,488,490,488,476,464,490,484,477,487,483,484,487,487,495,493,481,478,484,Nr,486,495,496,512,504,555,540,540,545
SH3,Original,1,9,250,472,455,460,436,471,460,458,452,463,447,442,454,462,443,450,443,451,449,453,456,456,453,454,463,445,444,448,451,460,454,466,465,500,491,509,477,490,492,479,476,473,487,484,471,486,486,489,494,488,493,497,483,487,481,Nr,492,502,506,512,509,559,540,537,538
SH3,Original,1,1,340,467,451,451,442,H,450,451,H,459,449,444,455,458,444,452,447,451,448,455,456,456,455,453,447,454,454,457,461,464,478,478,475,511,492,507,503,508,495,493,487,494,490,487,470,478,490,486,486,487,490,486,478,484,483,Nr,494,504,511,519,527,555,538,538,537
SH3,Original,1,2,340,435,415,432,414,469,449,453,465,463,447,442,453,H,444,449,442,453,441,432,450,443,467,462,443,424,422,430,465,464,474,477,473,487,499,509,499,499,493,492,484,489,494,489,472,487,480,487,486,468,495,492,481,480,485,Nr,498,493,526,515,524,561,543,533,545
SH3,Original,1,3,340,443,426,428,412,474,466,458,467,469,456,445,448,466,446,458,446,451,446,456,459,458,453,459,450,451,453,453,463,457,459,472,463,486,494,505,494,499,492,487,481,487,490,482,434,484,479,488,481,482,490,480,472,476,490,Nr,499,499,506,R,R,H,545,R,538
SH3,Original,1,4,340,471,458,463,459,465,460,461,464,465,447,445,454,463,455,457,450,453,450,455,456,453,458,457,449,453,451,455,461,466,469,484,473,510,496,507,493,497,491,486,476,481,485,480,459,469,479,485,487,484,494,490,482,478,453,Nr,498,500,522,523,519,565,545,549,534
SH3,Original,1,5,340,476,458,458,458,H,441,451,466,462,448,438,449,462,442,452,446,453,451,456,453,453,460,452,446,449,451,456,464,461,468,483,474,515,501,519,503,502,492,469,464,469,495,478,428,467,479,484,480,484,493,489,472,479,487,Nr,493,502,510,519,R,570,537,542,540
SH3,Original,1,6,340,477,448,460,466,478,463,H,Bd,466,450,443,444,460,444,451,443,449,451,458,459,456,462,458,446,451,455,462,459,463,464,475,475,504,493,504,494,499,493,486,478,484,490,481,462,477,482,488,484,485,491,489,476,476,487,Nr,496,502,D,525,522,565,534,533,546
SH3,Original,1,7,340,466,453,457,457,473,459,462,469,466,447,440,462,464,446,452,451,455,445,454,454,453,452,453,439,447,448,448,454,465,466,476,468,513,490,507,494,498,487,484,476,480,490,480,462,474,479,494,489,482,493,489,479,480,488,Nr,494,502,516,519,512,559,538,549,541
SH3,Original,1,8,340,443,421,425,423,465,448,454,458,453,441,437,456,463,443,456,446,449,448,454,456,457,453,454,448,449,449,451,460,459,463,476,465,506,488,509,498,498,491,481,474,480,490,480,465,481,483,487,475,478,494,492,479,478,488,Nr,491,499,494,515,515,570,541,533,535
SH3,Original,1,9,340,468,455,459,461,462,458,451,462,463,445,433,436,465,442,449,445,453,448,452,457,456,461,455,442,444,451,451,455,456,462,476,465,506,493,506,491,492,487,483,473,484,495,488,471,478,480,486,491,485,488,487,479,478,492,Nr,489,498,498,522,515,550,530,537,537
SH3,Original,2,1,20,403,385,388,392,407,401,383,388,401,388,372,385,393,388,390,383,375,383,386,379,382,384,374,367,374,373,371,369,378,379,388,384,426,406,402,397,398,406,391,403,417,406,412,394,405,394,410,396,395,407,403,389,394,399,Nr,383,407,410,423,411,447,440,538,440
SH3,Original,2,2,20,404,396,393,392,401,395,384,389,408,399,373,387,388,370,373,369,368,374,383,379,383,379,368,365,368,368,366,372,377,383,381,380,433,406,411,401,399,402,396,392,392,403,408,384,407,403,410,400,400,406,410,397,396,401,Nr,397,406,408,421,397,465,444,H,454
SH3,Original,2,3,20,399,389,385,385,R,404,383,392,398,384,373,369,R,R,R,R,365,368,384,370,377,384,370,H,H,365,364,364,R,377,382,377,423,402,402,393,399,392,430,402,R,394,392,384,390,403,404,394,397,397,399,388,388,386,Nr,399,414,517,421,396,469,R,442,435
SH3,Original,2,4,20,399,382,381,386,405,389,390,396,406,389,370,378,389,371,375,371,371,371,384,378,379,378,374,362,369,367,366,371,375,378,389,382,429,412,399,396,390,401,392,397,392,400,415,390,416,398,400,396,393,390,396,390,394,400,Nr,403,412,409,418,416,469,433,441,442
SH3,Original,2,5,20,391,373,373,382,402,387,389,395,403,385,377,376,385,367,372,365,372,372,359,378,378,369,370,367,374,360,361,356,363,371,377,369,417,407,402,397,400,407,397,392,384,396,404,381,397,396,403,403,400,401,362,372,373,394,Nr,H,400,402,423,407,468,432,444,450
SH3,Original,2,6,20,392,375,381,H,403,388,394,Bd,395,380,364,364,384,374,378,372,367,377,388,374,381,374,372,364,372,372,366,366,375,372,380,372,431,411,366,368,391,363,397,391,386,395,398,384,400,397,406,401,402,401,390,374,380,388,Nr,397,426,431,R,409,H,448,435,443
SH3,Original,2,7,20,387,369,370,375,406,384,384,389,402,380,369,372,386,371,372,371,371,375,387,378,380,377,374,365,372,363,364,370,377,374,390,383,425,394,398,395,395,404,387,384,384,393,399,382,382,398,406,393,396,400,401,388,388,395,Nr,400,411,412,420,410,457,436,439,440
SH3,Original,2,8,20,403,388,388,390,400,390,386,394,396,378,365,377,382,365,372,363,367,371,386,378,378,376,375,362,371,363,363,367,374,371,385,382,413,413,406,396,401,397,389,387,386,395,402,378,393,392,407,396,391,397,395,383,383,391,Nr,391,408,405,410,408,433,429,444,436
SH3,Original,2,9,20,397,384,388,392,402,393,391,392,399,376,367,369,384,368,368,365,362,370,385,380,382,377,367,361,368,362,363,369,369,369,379,373,415,410,401,397,397,405,390,391,388,396,403,378,395,393,404,389,388,397,398,382,385,391,Nr,393,407,406,415,407,434,432,442,437
SH3,Original,2,1,65,404,389,386,393,401,392,398,398,402,383,365,379,383,372,375,365,366,368,379,365,372,369,368,358,358,363,361,365,363,364,376,377,412,407,368,361,364,407,397,392,384,390,395,380,387,390,400,397,394,402,402,388,389,395,Nr,398,406,354,430,415,H,426,D,436
SH3,Original,2,2,65,397,378,383,389,400,389,396,399,404,390,370,386,386,378,377,374,374,368,380,374,374,377,368,363,363,359,363,362,367,362,376,369,408,399,400,392,388,398,390,387,380,392,397,381,390,389,403,395,398,397,398,398,393,399,Nr,402,409,399,423,420,460,446,437,421
SH3,Original,2,3,65,406,396,392,402,404,397,397,401,402,387,368,H,383,364,369,382,368,362,372,365,363,365,365,353,357,360,359,364,374,367,379,373,409,408,403,386,384,398,389,385,382,388,397,381,386,398,397,400,400,406,403,393,396,399,Nr,412,413,411,428,401,461,455,454,444
SH3,Original,2,4,65,368,354,355,358,402,398,393,398,411,392,373,386,391,375,378,368,370,370,378,377,379,374,359,361,360,364,365,361,370,369,379,375,416,393,403,399,394,401,397,394,389,393,397,378,376,398,396,394,397,367,397,392,391,394,Nr,398,407,405,428,410,461,437,447,440
SH3,Original,2,5,65,407,397,391,397,405,392,393,390,400,371,359,373,390,375,375,370,364,367,378,369,375,374,371,361,358,361,359,357,365,370,377,373,407,404,404,393,390,399,402,392,384,392,395,374,390,391,403,387,396,402,402,389,395,394,Nr,401,408,403,416,419,468,453,H,438
SH3,Original,2,6,65,405,397,386,397,400,390,396,Bd,399,388,366,378,388,387,368,360,364,368,374,369,371,373,367,359,356,362,369,361,364,371,379,375,412,403,405,397,391,399,394,393,382,391,404,382,392,399,398,395,400,409,404,392,393,400,Nr,411,415,405,424,416,463,445,450,D
SH3,Original,2,7,65,407,384,H,400,404,392,388,395,403,391,368,380,388,370,371,365,366,367,383,375,381,380,367,361,363,364,359,365,374,373,382,377,421,413,409,405,400,407,403,394,388,391,404,384,399,400,404,392,395,404,401,388,395,398,Nr,396,409,410,435,415,461,441,446,438
SH3,Original,2,8,65,387,374,374,379,405,393,389,392,400,380,362,374,380,369,378,381,365,376,379,369,373,373,370,360,361,365,367,359,371,369,376,376,413,403,403,398,391,399,393,389,383,395,401,380,395,397,401,396,397,408,402,391,395,397,Nr,404,398,412,426,402,464,427,441,434
SH3,Original,2,9,65,418,410,404,408,401,393,387,397,394,383,364,377,381,373,379,366,367,367,382,376,378,377,372,367,373,370,368,367,377,373,376,383,420,404,402,398,393,400,399,386,393,401,420,393,410,392,398,398,397,391,408,391,393,397,Nr,395,424,407,420,418,467,456,D,D
SH3,Original,2,1,155,408,389,397,393,396,381,389,395,407,374,371,374,395,365,367,362,359,363,379,372,378,371,371,360,366,373,376,373,372,367,384,H,419,400,408,403,393,399,390,385,391,390,395,377,384,400,399,394,391,394,399,385,389,395,Nr,417,414,404,426,411,450,431,432,461
SH3,Original,2,2,155,404,382,389,394,395,378,383,393,396,377,363,369,374,354,357,H,358,361,370,369,374,382,372,362,368,373,373,370,378,361,389,367,416,380,419,416,360,401,347,395,388,412,415,332,413,393,401,400,403,394,399,391,391,393,Nr,413,420,405,427,409,456,433,434,438
SH3,Original,2,3,155,411,384,396,388,393,382,380,387,386,369,358,369,377,358,361,359,361,365,378,370,374,369,369,357,362,369,368,371,374,373,385,379,421,393,401,399,390,397,386,385,376,392,388,369,391,389,391,386,382,393,404,390,387,394,Nr,418,404,389,424,404,447,426,442,444
SH3,Original,2,4,155,402,374,387,392,399,377,384,386,394,375,355,364,364,363,368,364,366,368,380,377,374,378,369,359,363,367,365,371,373,376,380,378,416,398,403,400,397,399,388,384,386,393,392,373,391,394,386,388,389,395,399,384,386,394,Nr,414,415,407,429,406,453,430,438,443
SH3,Original,2,5,155,389,370,377,386,396,377,387,388,389,371,H,370,369,352,359,359,357,363,378,374,376,377,367,354,359,361,355,365,372,373,387,380,417,400,400,396,397,401,391,384,391,391,395,359,396,393,410,397,392,398,401,390,388,398,Nr,402,416,412,415,406,456,434,H,452
SH3,Original,2,6,155,401,383,387,388,395,385,384,Bd,369,366,367,360,373,358,356,354,357,361,374,359,376,380,368,371,366,363,362,376,376,374,379,374,419,400,400,395,399,399,383,387,358,369,398,373,384,381,376,392,362,374,389,377,383,393,Nr,419,408,403,424,411,461,438,440,450
SH3,Original,2,7,155,374,356,363,371,401,387,387,391,395,375,359,371,379,359,363,367,365,368,380,374,375,381,371,361,366,367,363,370,373,376,384,376,409,392,400,395,395,401,391,386,385,396,399,378,399,393,403,400,397,397,395,389,388,398,Nr,409,408,400,431,411,453,427,445,445
SH3,Original,2,8,155,372,355,388,H,400,378,385,383,393,366,354,371,368,353,357,356,357,363,375,373,377,371,366,356,362,363,360,360,372,374,385,376,412,400,401,396,398,402,397,388,387,395,397,375,396,403,406,403,398,400,402,397,395,368,Nr,398,414,411,420,418,440,424,442,442
SH3,Original,2,9,155,396,382,390,389,399,376,386,386,388,367,354,364,370,354,356,355,360,363,376,369,377,371,365,357,366,367,365,364,372,377,380,379,416,400,402,395,395,399,389,386,385,398,400,371,395,398,398,390,360,368,401,379,382,387,Nr,403,412,406,424,410,455,430,450,451
SH3,Original,2,1,240,330,311,320,319,400,391,H,H,399,360,370,372,383,334,369,361,368,364,369,331,H,338,366,373,368,367,366,364,372,344,370,373,429,408,411,409,416,401,403,395,392,387,379,372,342,369,392,393,403,404,404,400,396,400,Nr,402,417,409,422,422,443,430,441,459
SH3,Original,2,2,240,330,389,372,H,395,391,382,388,400,380,378,H,386,366,369,367,371,365,375,372,375,384,372,363,366,371,372,375,371,374,380,381,423,410,416,414,419,405,396,396,393,391,394,377,394,390,396,397,396,404,405,398,396,405,Nr,405,414,408,426,412,441,424,450,440
SH3,Original,2,3,240,408,387,393,390,395,390,393,398,398,378,372,369,381,364,369,368,369,370,383,373,377,390,371,369,372,377,376,375,378,378,380,381,428,415,417,420,418,414,406,403,404,393,408,384,366,377,418,329,359,391,409,395,392,406,Nr,403,412,400,403,411,446,434,444,442
SH3,Original,2,4,240,403,384,390,380,401,396,397,393,405,378,370,378,383,366,369,365,367,368,380,375,379,380,372,363,362,369,369,373,371,373,392,380,425,412,368,374,399,401,389,391,382,382,390,373,381,392,391,369,390,402,404,390,386,402,Nr,403,414,408,408,418,445,434,437,439
SH3,Original,2,5,240,411,392,391,392,402,390,393,395,397,378,377,379,385,366,369,367,369,368,378,374,380,379,378,367,369,371,374,372,379,377,388,381,424,419,417,412,413,406,398,394,397,372,392,375,386,393,404,397,392,405,409,395,393,406,Nr,396,428,400,412,415,453,431,439,432
SH3,Original,2,6,240,395,370,373,372,402,390,390,Bd,393,347,370,375,385,364,368,365,366,358,378,371,381,382,377,365,369,370,374,375,378,378,389,382,419,407,420,413,417,412,406,394,392,382,402,386,379,400,404,402,403,406,410,396,394,403,Nr,403,420,406,412,411,455,428,437,431
SH3,Original,2,7,240,391,370,374,385,398,387,385,394,397,371,367,369,385,367,365,362,362,364,375,369,375,377,368,360,359,363,364,372,370,369,383,376,423,403,415,399,399,396,401,385,374,382,404,371,372,400,399,394,396,396,408,395,378,404,Nr,402,416,399,421,409,451,433,429,434
SH3,Original,2,8,240,406,385,390,390,399,383,392,397,392,380,384,372,377,354,363,364,367,368,374,367,380,378,370,363,363,368,370,370,372,374,384,379,427,407,408,398,402,401,389,372,390,385,401,381,378,398,402,391,396,396,402,399,395,406,Nr,409,411,395,Bd,402,450,436,436,436
SH3,Original,2,9,240,406,368,384,H,H,395,400,395,392,379,376,371,R,347,350,350,369,362,375,369,370,383,382,366,368,368,375,373,384,379,394,382,433,394,404,398,401,401,392,392,391,381,399,384,381,396,396,395,399,397,396,378,387,399,Nr,404,418,394,431,397,439,430,434,436
SH3,Original,3,1,220,506,517,493,481,501,498,490,484,491,480,475,492,495,481,466,H,479,487,487,488,484,494,496,478,484,470,463,489,496,498,508,510,563,554,542,543,537,542,539,543,544,548,551,530,548,549,567,574,567,567,568,565,565,562,Nr,581,572,568,585,577,H,607,H,630
SH3,Original,3,2,220,495,508,482,475,503,499,498,498,500,494,494,497,503,488,494,482,490,488,489,488,499,498,493,485,491,491,489,498,500,500,518,512,559,552,548,546,536,536,547,538,542,546,549,534,545,552,557,559,557,562,559,563,564,564,Nr,569,568,571,584,580,618,617,612,611
SH3,Original,3,3,220,486,503,477,480,496,496,490,501,502,495,489,500,500,493,502,485,487,492,491,491,492,497,496,485,492,488,489,490,498,502,516,516,557,547,558,542,522,534,539,540,543,552,546,532,549,546,561,553,558,556,560,552,558,557,Nr,566,569,555,580,575,618,614,607,H
SH3,Original,3,4,220,504,516,497,490,505,491,447,494,497,468,463,497,440,462,505,472,440,481,467,457,H,469,494,468,453,512,492,501,486,480,508,506,554,534,533,530,536,537,540,539,544,544,550,532,539,549,558,551,553,554,558,554,559,559,Nr,555,564,566,579,576,608,611,610,609
SH3,Original,3,5,220,512,543,512,497,510,509,498,506,509,499,490,499,503,484,484,479,487,489,483,488,497,502,499,485,491,497,500,502,497,502,518,507,550,546,545,542,532,533,539,536,536,545,548,529,548,549,552,552,552,554,563,555,562,554,Nr,562,553,579,563,573,622,602,612,613
SH3,Original,3,6,220,488,508,479,486,495,495,496,Bd,494,490,484,495,492,483,489,482,485,489,487,489,496,491,493,486,492,488,489,496,493,495,511,507,558,527,543,535,529,535,534,534,534,544,545,529,540,545,554,556,551,561,552,558,553,555,Nr,563,565,571,577,574,625,609,606,607
SH3,Original,3,7,220,488,506,479,489,500,491,493,495,497,489,489,496,497,484,486,479,484,489,484,491,496,499,492,486,492,499,492,501,500,503,514,513,549,533,548,546,533,534,533,535,529,534,537,524,535,543,548,565,546,547,548,547,541,542,Nr,569,567,566,580,574,598,598,612,615
SH3,Original,3,8,220,483,511,477,480,500,496,496,477,476,474,467,489,489,479,483,479,485,488,497,493,493,489,487,481,487,488,486,504,500,504,512,509,552,544,548,542,533,534,534,534,537,541,541,528,541,545,559,553,547,553,562,549,556,556,Nr,559,588,568,572,565,609,616,618,612
SH3,Original,3,9,220,507,532,497,481,501,494,484,498,R,491,484,H,496,480,R,R,484,489,486,487,491,498,493,483,490,488,467,499,501,496,512,H,562,544,544,540,532,533,530,536,532,537,545,527,540,545,553,548,547,553,553,551,546,555,Nr,565,563,568,577,570,607,603,609,605
SH3,Original,3,1,265,451,448,451,439,490,491,490,491,494,488,484,492,491,483,487,478,485,488,483,487,492,494,491,483,490,488,489,492,494,498,509,506,557,545,545,541,541,548,541,542,537,551,551,539,547,548,552,550,551,552,558,551,551,558,Nr,567,579,571,566,578,623,609,621,608
SH3,Original,3,2,265,488,481,483,484,494,489,488,499,500,493,485,490,495,485,491,486,484,486,487,489,493,493,491,484,491,489,491,494,492,501,508,506,557,547,546,539,519,533,529,541,523,541,541,529,527,543,547,522,547,550,555,539,550,529,Nr,561,570,575,570,575,618,606,H,624
SH3,Original,3,3,265,462,448,448,450,491,491,491,486,495,485,484,492,492,481,488,481,478,487,487,490,494,490,494,485,488,490,490,497,494,498,508,503,554,548,547,539,539,543,534,538,547,548,546,535,542,545,547,543,551,552,556,551,549,559,Nr,559,568,567,571,578,625,610,613,607
SH3,Original,3,4,265,472,474,477,486,497,488,489,499,498,497,489,493,501,489,494,484,484,491,490,492,496,491,488,482,486,486,491,497,494,500,523,508,555,551,548,543,544,545,538,542,537,553,550,539,549,556,561,556,549,553,559,547,547,561,Nr,561,571,568,580,580,617,609,616,605
SH3,Original,3,5,265,497,497,494,483,H,490,485,489,483,482,485,489,486,485,489,484,474,486,491,486,491,477,479,479,481,471,477,490,496,489,514,506,561,552,551,543,540,543,534,538,535,552,548,540,546,551,547,551,549,556,560,554,555,561,Nr,561,567,575,573,578,605,604,612,605
SH3,Original,3,6,265,502,496,498,486,497,489,494,Bd,499,495,488,489,505,485,490,484,486,486,489,493,498,498,490,484,487,484,490,496,491,498,514,505,556,551,549,544,543,544,542,542,540,549,546,537,541,549,551,550,546,554,561,551,554,550,Nr,556,569,566,580,576,615,606,611,600
SH3,Original,3,7,265,452,448,457,450,498,488,488,493,499,492,487,H,487,487,490,487,487,484,486,489,494,495,489,482,490,489,489,498,498,499,519,512,H,551,546,544,541,544,538,543,538,548,554,546,546,555,552,551,551,554,562,554,553,559,Nr,562,571,568,577,577,615,607,612,600
SH3,Original,3,8,265,487,485,483,485,496,491,488,491,511,499,486,490,505,490,499,492,484,483,490,491,493,495,492,484,489,487,488,498,503,502,524,511,559,556,547,544,548,546,536,540,538,549,549,539,548,556,556,551,548,560,557,550,550,556,Nr,562,570,563,572,576,613,604,613,600
SH3,Original,3,9,265,512,504,510,497,497,490,493,496,503,496,491,493,501,490,490,485,485,487,486,491,499,495,492,485,488,483,492,495,500,501,514,509,559,550,547,543,543,546,537,535,539,550,545,538,538,551,548,549,543,560,557,552,551,557,Nr,566,570,565,578,577,609,604,610,601
SH3,Original,3,1,305,502,495,494,492,495,497,493,495,494,492,492,494,493,490,498,494,485,489,488,493,492,487,487,480,484,484,487,494,494,500,511,502,552,544,553,544,548,545,481,524,514,543,543,535,523,530,553,550,549,552,557,549,554,546,Nr,568,582,550,575,569,607,593,606,612
SH3,Original,3,2,305,502,485,489,501,496,494,498,497,497,489,492,494,496,484,489,484,481,486,488,488,494,488,501,495,489,482,485,496,489,498,509,504,551,539,550,546,546,543,551,545,540,553,550,539,548,555,552,547,551,551,555,551,554,554,Nr,562,566,562,575,575,D,D,606,604
SH3,Original,3,3,305,534,527,526,485,492,492,494,494,501,489,489,498,497,487,492,485,487,491,487,489,488,486,486,480,484,485,490,500,492,502,512,505,552,546,548,546,548,540,546,539,539,552,548,539,551,559,555,550,551,555,560,551,552,557,Nr,561,574,565,593,572,606,595,609,608
SH3,Original,3,4,305,497,494,488,490,490,490,488,491,498,489,490,494,493,488,495,496,494,502,494,504,498,500,493,489,493,488,494,499,488,503,513,505,551,550,552,543,553,540,534,537,524,547,541,530,533,544,556,553,551,543,528,543,511,542,Nr,569,580,565,586,580,606,589,602,607
SH3,Original,3,5,305,536,529,528,488,494,492,495,496,500,491,487,496,500,488,492,490,490,493,503,496,494,494,491,483,493,487,491,496,494,502,512,507,553,547,548,542,544,543,546,545,538,551,542,537,548,559,555,551,554,557,557,551,551,552,Nr,571,572,561,582,575,605,591,H,H
SH3,Original,3,6,305,472,H,H,466,489,495,490,Bd,509,493,489,478,488,482,482,482,481,485,487,489,489,487,484,478,485,484,492,497,492,497,514,513,560,545,551,544,543,544,541,541,535,554,543,539,555,544,538,548,548,550,556,551,552,557,Nr,565,565,558,587,579,594,598,609,608
SH3,Original,3,7,305,490,489,489,458,499,502,494,492,495,492,482,495,503,492,486,488,488,486,486,495,494,492,490,483,490,484,490,497,494,504,513,506,555,554,549,539,546,540,540,541,540,550,550,536,550,539,560,548,556,552,548,545,549,545,Nr,H,572,564,569,H,606,589,602,606
SH3,Original,3,8,305,506,502,505,484,496,H,487,500,496,490,493,496,498,489,488,485,488,491,490,493,494,489,490,485,488,489,489,495,500,502,515,509,554,555,546,541,544,546,538,544,539,556,547,537,553,555,557,555,533,554,517,548,546,546,Nr,566,583,570,590,578,601,H,H,604
SH3,Original,3,9,305,471,466,465,460,491,490,485,493,492,491,488,492,493,483,485,484,479,488,485,488,485,490,490,480,485,482,489,501,493,501,517,507,551,553,556,556,548,540,540,546,537,540,560,543,555,554,556,551,557,557,556,550,553,553,Nr,561,567,550,568,579,604,588,605,606
SH3,Original,3,1,350,435,430,433,415,490,484,475,494,497,483,478,492,503,494,497,491,491,492,495,492,494,494,491,486,488,491,489,493,496,504,511,502,546,564,549,538,545,550,550,544,531,557,554,541,554,541,544,552,551,557,555,549,554,555,Nr,555,566,569,576,579,589,596,H,602
SH3,Original,3,2,350,489,497,490,490,479,493,493,500,504,493,487,492,496,490,492,501,490,492,498,497,497,496,495,488,490,492,490,497,496,505,513,514,558,548,548,541,548,547,541,545,539,550,552,535,550,548,558,558,552,561,558,555,552,556,Nr,556,570,569,586,569,615,594,596,604
SH3,Original,3,3,350,433,432,430,448,489,487,494,496,497,491,488,489,496,488,486,485,485,481,484,493,497,483,494,487,482,479,480,498,487,504,512,507,555,536,543,540,544,540,549,545,537,547,550,532,549,550,553,554,550,537,558,555,551,557,Nr,556,566,561,573,579,622,596,H,602
SH3,Original,3,4,350,493,496,488,494,490,484,489,496,496,482,483,488,490,487,490,485,489,495,494,489,494,497,495,488,491,492,490,497,495,503,513,508,553,553,548,540,544,544,548,543,540,559,549,444,549,551,557,548,549,553,561,553,553,553,Nr,559,564,571,572,578,613,594,604,604
SH3,Original,3,5,350,501,498,493,496,490,482,489,488,499,490,482,495,498,490,489,487,487,496,497,493,508,499,497,489,491,491,490,496,499,510,516,512,555,557,548,541,553,543,550,544,550,553,552,539,554,552,563,558,553,559,561,554,542,557,Nr,566,570,569,578,575,632,601,H,606
SH3,Original,3,6,350,484,481,477,488,490,488,494,Bd,501,488,486,489,498,489,492,483,488,493,499,492,502,493,492,489,489,489,492,499,499,508,511,509,556,553,528,530,542,543,535,543,539,546,548,539,553,551,560,565,552,551,556,549,550,555,Nr,568,569,569,578,580,619,591,604,593
SH3,Original,3,7,350,487,492,487,444,493,489,490,500,501,491,491,493,496,489,491,486,489,491,497,492,501,498,495,488,489,495,493,499,503,509,514,513,561,552,551,546,544,546,540,541,539,557,559,545,553,558,561,559,554,561,566,561,561,557,Nr,569,570,571,572,579,617,596,611,608
SH3,Original,3,8,350,492,490,489,492,486,484,492,497,495,488,484,492,496,489,492,483,485,489,486,487,490,491,492,485,491,492,490,499,500,470,R,492,553,546,541,525,543,546,533,538,541,576,555,518,573,558,558,553,559,545,571,538,559,560,Nr,566,567,562,574,574,H,593,606,607
SH3,Original,3,9,350,496,492,494,490,496,489,493,492,498,488,488,493,503,494,496,491,493,483,479,486,483,491,493,486,491,491,480,H,486,447,R,490,546,544,549,540,541,540,546,545,545,557,561,543,556,553,565,559,552,562,559,562,560,561,Nr,566,569,563,573,578,627,595,604,610
SH3,Deep,1,1,55,Nr,Nr,Nr,Nr,Nr,Nr,Nr,Nr,Nr,Nr,Nr,Nr,Nr,214,219,R,224,223,221,225,225,230,227,209,212,222,Nr,218,219,216,219,217,H,227,245,232,231,239,212,212,222,236,237,222,237,236,245,246,243,257,253,247,248,Nr,252,254,253,262,270,272,307,286,290,293
SH3,Deep,1,2,55,Nr,Nr,Nr,Nr,Nr,Nr,Nr,Nr,Nr,Nr,Nr,Nr,Nr,230,231,232,235,237,237,241,238,242,239,227,230,228,Nr,231,227,224,227,227,270,239,255,239,243,245,239,236,239,239,239,225,243,231,248,247,250,254,253,254,251,Nr,254,256,249,263,273,276,311,287,297,295
SH3,Deep,1,3,55,Nr,Nr,Nr,Nr,Nr,Nr,Nr,Nr,Nr,Nr,Nr,Nr,Nr,228,223,224,230,226,230,234,232,235,232,220,227,229,Nr,228,221,224,227,225,254,249,252,242,245,244,236,233,233,241,239,224,242,222,249,254,249,253,251,249,249,Nr,254,259,253,255,269,271,309,H,297,296
SH3,Deep,1,4,55,Nr,Nr,Nr,Nr,Nr,Nr,Nr,Nr,Nr,Nr,Nr,Nr,Nr,219,230,H,H,221,222,232,232,230,228,217,219,222,Nr,228,219,217,229,H,265,256,250,239,245,259,237,233,237,242,244,222,241,237,249,248,245,248,250,248,248,Nr,254,258,252,262,268,278,312,282,293,298
SH3,Deep,1,5,55,Nr,Nr,Nr,Nr,Nr,Nr,Nr,Nr,Nr,Nr,Nr,Nr,Nr,224,225,226,229,227,229,232,236,230,228,218,222,223,Nr,229,218,219,228,221,269,224,255,252,254,249,224,228,229,239,247,234,247,244,252,250,251,257,253,247,246,Nr,252,254,255,259,271,286,308,288,296,298
SH3,Deep,1,6,55,Nr,Nr,Nr,Nr,Nr,Nr,Nr,Nr,Nr,Nr,Nr,Nr,Nr,214,208,219,228,224,225,228,224,231,222,214,224,228,Nr,H,220,H,232,222,260,254,257,252,252,254,242,240,238,246,242,233,248,244,253,246,249,251,238,247,243,Nr,246,251,255,264,271,280,310,280,298,297
SH3,Deep,1,7,55,Nr,Nr,Nr,Nr,Nr,Nr,Nr,Nr,Nr,Nr,Nr,Nr,Nr,217,219,220,223,231,230,235,235,236,229,216,218,H,Nr,228,217,223,225,225,264,253,256,246,254,251,240,237,238,244,242,236,244,236,245,244,246,242,239,247,247,Nr,255,249,259,266,273,280,308,289,298,273
SH3,Deep,1,8,55,Nr,Nr,Nr,Nr,Nr,Nr,Nr,Nr,Nr,Nr,Nr,Nr,Nr,215,221,223,225,229,230,234,238,239,R,H,220,222,Nr,230,228,229,230,227,262,253,255,244,252,253,238,235,238,239,244,226,246,240,244,241,243,246,238,248,244,Nr,243,236,229,253,262,273,316,289,295,295
SH3,Deep,1,9,55,Nr,Nr,Nr,Nr,Nr,Nr,Nr,Nr,Nr,Nr,Nr,Nr,Nr,220,227,231,230,230,H,H,H,238,H,H,220,220,Nr,224,226,229,221,216,261,248,254,242,247,256,241,231,239,240,249,230,249,241,248,247,251,254,248,249,250,Nr,254,259,254,257,269,276,308,247,302,294
SH3,Deep,1,1,100,Nr,Nr,Nr,Nr,Nr,Nr,Nr,Nr,Nr,Nr,Nr,Nr,Nr,221,220,223,225,225,H,225,221,226,224,212,215,218,Nr,215,227,214,222,224,249,241,237,231,234,244,233,R,230,234,245,R,245,240,240,238,237,240,238,238,237,Nr,240,250,243,252,240,284,313,308,H,289
SH3,Deep,1,2,100,Nr,Nr,Nr,Nr,Nr,Nr,Nr,Nr,Nr,Nr,Nr,Nr,Nr,H,224,225,228,230,234,235,235,238,231,220,224,227,Nr,230,225,220,228,229,248,248,239,235,244,246,241,238,238,238,247,225,247,238,237,239,238,244,243,237,241,Nr,246,255,257,264,270,283,315,307,H,291
SH3,Deep,1,3,100,Nr,Nr,Nr,Nr,Nr,Nr,Nr,Nr,Nr,Nr,Nr,Nr,Nr,227,232,234,232,232,232,236,234,237,229,220,222,225,Nr,225,225,221,232,229,252,254,250,236,244,245,243,238,237,244,247,226,219,239,227,237,241,242,243,234,239,Nr,244,267,266,256,271,292,307,292,287,290
SH3,Deep,1,4,100,Nr,Nr,Nr,Nr,Nr,Nr,Nr,Nr,Nr,Nr,Nr,Nr,Nr,226,234,231,233,235,235,234,235,235,229,220,218,219,Nr,229,225,220,232,224,251,253,248,238,243,243,248,244,238,246,260,227,237,233,233,235,239,240,244,235,238,Nr,247,260,201,205,268,295,306,286,290,289
SH3,Deep,1,5,100,Nr,Nr,Nr,Nr,Nr,Nr,Nr,Nr,Nr,Nr,Nr,Nr,Nr,224,227,229,235,236,233,236,233,242,226,216,215,216,Nr,227,226,222,237,226,256,253,250,244,248,248,248,241,239,242,216,199,241,239,235,239,238,284,244,234,237,Nr,246,253,263,264,273,281,307,288,291,292
SH3,Deep,1,6,100,Nr,Nr,Nr,Nr,Nr,Nr,Nr,Nr,Nr,Nr,Nr,Nr,Nr,229,231,232,238,234,236,236,235,230,226,215,219,222,Nr,229,223,223,238,228,264,255,247,248,244,248,239,234,235,234,247,219,238,238,233,241,240,238,247,235,236,Nr,240,248,261,254,273,280,306,278,297,294
SH3,Deep,1,7,100,Nr,Nr,Nr,Nr,Nr,Nr,Nr,Nr,Nr,Nr,Nr,Nr,Nr,228,228,230,239,232,233,235,231,238,235,223,224,227,Nr,233,223,220,232,225,255,233,253,242,247,247,237,229,239,238,240,189,237,201,239,224,177,196,220,203,224,Nr,239,249,255,258,271,278,309,286,295,294
SH3,Deep,1,8,100,Nr,Nr,Nr,Nr,Nr,Nr,Nr,Nr,Nr,Nr,Nr,Nr,Nr,223,226,227,234,H,233,230,232,H,234,222,225,229,Nr,231,226,226,233,223,257,247,245,237,250,251,239,237,237,248,253,227,242,243,231,236,239,244,243,232,235,Nr,244,241,246,256,266,275,304,279,297,295
SH3,Deep,1,9,100,Nr,Nr,Nr,Nr,Nr,Nr,Nr,Nr,Nr,Nr,Nr,Nr,Nr,227,230,229,237,237,236,234,231,235,241,229,228,227,Nr,227,227,226,241,225,260,251,248,237,248,249,243,236,236,244,251,224,239,239,199,232,244,213,235,230,229,Nr,211,205,233,254,241,H,305,288,H,288
SH3,Deep,1,1,190,Nr,Nr,Nr,Nr,Nr,Nr,Nr,Nr,Nr,Nr,Nr,Nr,Nr,218,216,221,224,227,231,227,227.5,224,218,H,210,H,Nr,H,218,215,226,223,259,223,240,248,R,236,215,R,R,R,R,R,R,232,R,R,R,R,R,R,R,Nr,R,R,R,R,R,276,R,R,R,R
SH3,Deep,1,2,190,Nr,Nr,Nr,Nr,Nr,Nr,Nr,Nr,Nr,Nr,Nr,Nr,Nr,228,227,228,233,233,232,H,239,243,235,224,221,229,Nr,H,233,232,236,230,269,228,244,249,249,249,255,179,179,189,219,204,233,244,229,235,230,223,239,237,243,Nr,238,260,269,272,281,287,295,301,H,283
SH3,Deep,1,3,190,Nr,Nr,Nr,Nr,Nr,Nr,Nr,Nr,Nr,Nr,Nr,Nr,Nr,222,224,228,230,237,234,237,240,241,232,220,225,232,Nr,H,220,223,231,231,D,264,251,249,250,253,250,233,233,218,226,218,235,245,239,243,247,244,251,247,254,Nr,252,269,263,273,282,281,321,296,H,283
SH3,Deep,1,4,190,Nr,Nr,Nr,Nr,Nr,Nr,Nr,Nr,Nr,Nr,Nr,Nr,Nr,220,222,226,232,236,231,240,240,236,234,217,224,229,Nr,228,230,226,234,233,272,260,262,254,257,257,247,237,234,253,253,231,225,241,248,253,254,252,250,247,216,Nr,210,263,260,266,276,285,319,297,296,303
SH3,Deep,1,5,190,Nr,Nr,Nr,Nr,Nr,Nr,Nr,Nr,Nr,Nr,Nr,Nr,Nr,215,226,225,H,236,228,237,238,238,233,216,220,229,Nr,228,232,227,234,230,268,233,H,251,251,247,248,232,236,254,253,234,252,254,247,250,247,258,250,249,251,Nr,253,266,261,268,261,281,333,298,297,299
SH3,Deep,1,6,190,Nr,Nr,Nr,Nr,Nr,Nr,Nr,Nr,Nr,Nr,Nr,Nr,Nr,225,229,231,230,234,234,237,235,241,233,216,219,224,Nr,230,230,223,231,223,259,261,257,244,252,246,248,236,236,258,253,236,243,238,242,248,251,253,254,243,248,Nr,254,268,263,273,280,284,326,H,299,296
SH3,Deep,1,7,190,Nr,Nr,Nr,Nr,Nr,Nr,Nr,Nr,Nr,Nr,Nr,Nr,Nr,226,231,231,231,235,233,236,237,237,230,217,219,221,Nr,229,H,H,H,225,265,235,251,244,246,250,250,226,234,257,249,230,243,245,244,244,252,254,256,249,253,Nr,256,258,266,279,278,282,321,293,296,297
SH3,Deep,1,8,190,Nr,Nr,Nr,Nr,Nr,Nr,Nr,Nr,Nr,Nr,Nr,Nr,Nr,221,226,227,229,234,229,233,234,232,230,217,219,224,Nr,227,226,219,233,226,264,260,253,244,245,250,248,225,230,258,253,233,250,246,242,242,245,249,254,244,244,Nr,254,262,259,270,280,280,291,295,297,286
SH3,Deep,1,9,190,Nr,Nr,Nr,Nr,Nr,Nr,Nr,Nr,Nr,Nr,Nr,Nr,Nr,224,227,231,230,234,229,233,H,231,228,223,223,H,Nr,225,226,223,232,221,265,261,259,252,250,255,224,213,224,254,H,H,H,232,241,246,244,243,251,243,244,Nr,253,257,252,R,280,R,314,299,298,294
SH3,Deep,1,1,280,Nr,Nr,Nr,Nr,Nr,Nr,Nr,Nr,Nr,Nr,Nr,Nr,Nr,217,224,222,226,226,227,230,233,224,220,214,215,223,Nr,216,214,208,220,219,257,242,247,245,236,237,228,225,226,242,234,215,230,240,243,245,241,237,247,239,227,Nr,234,258,256,261,273,274,301,296,284,294
SH3,Deep,1,2,280,Nr,Nr,Nr,Nr,Nr,Nr,Nr,Nr,Nr,Nr,Nr,Nr,Nr,232,236,233,237,233,240,238,235,235,231,217,217,H,Nr,223,227,223,227,228,268,255,255,255,247,252,239,235,229,236,242,214,233,244,250,249,241,252,257,243,244,Nr,269,260,258,261,236,H,304,296,295,293
SH3,Deep,1,3,280,Nr,Nr,Nr,Nr,Nr,Nr,Nr,Nr,Nr,Nr,Nr,Nr,Nr,224,228,229,234,234,238,238,237,233,231,219,220,226,Nr,230,230,225,230,233,248,249,257,252,248,255,237,233,229,188,237,209,231,242,246,247,241,253,255,241,245,Nr,255,258,257,263,269,272,304,291,296,293
SH3,Deep,1,4,280,Nr,Nr,Nr,Nr,Nr,Nr,Nr,Nr,Nr,Nr,Nr,Nr,Nr,222,225,229,230,232,235,235,235,237,233,223,224,228,Nr,H,H,H,230,H,263,245,249,245,240,255,242,236,230,240,234,222,233,243,241,247,238,250,252,243,243,Nr,257,260,259,258,267,274,305,287,290,294
SH3,Deep,1,5,280,Nr,Nr,Nr,Nr,Nr,Nr,Nr,Nr,Nr,Nr,Nr,Nr,Nr,224,229,230,236,232,234,233,231,243,239,224,227,228,Nr,237,235,226,230,233,269,262,250,241,249,257,240,239,236,249,245,216,235,239,247,255,245,239,249,243,243,Nr,252,259,260,260,263,274,295,H,293,295
SH3,Deep,1,6,280,Nr,Nr,Nr,Nr,Nr,Nr,Nr,Nr,Nr,Nr,Nr,Nr,Nr,R,R,R,R,R,R,R,R,R,R,R,R,R,Nr,R,228,227,H,234,269,259,259,248,249,258,242,238,233,253,241,225,239,243,244,251,246,243,242,242,240,Nr,225,262,204,230,262,262,300,287,294,294
SH3,Deep,1,7,280,Nr,Nr,Nr,Nr,Nr,Nr,Nr,Nr,Nr,Nr,Nr,Nr,Nr,230,238,243,237,H,H,H,H,H,H,H,H,H,Nr,H,227,226,H,H,H,273,257,248,248,262,239,239,234,251,244,224,236,247,245,251,245,251,258,245,244,Nr,247,245,259,264,264,271,308,290,297,295
SH3,Deep,1,8,280,Nr,Nr,Nr,Nr,Nr,Nr,Nr,Nr,Nr,Nr,Nr,Nr,Nr,255,259,258,248,239,243,243,243,245,238,226,226,231,Nr,232,229,223,226,219,264,247,258,253,247,256,244,237,237,245,243,225,237,247,239,249,247,251,261,243,248,Nr,248,249,254,257,266,281,306,288,293,295
SH3,Deep,1,9,280,Nr,Nr,Nr,Nr,Nr,Nr,Nr,Nr,Nr,Nr,Nr,Nr,Nr,248,251,250,H,H,H,H,H,234,H,H,H,H,Nr,224,230,227,231,230,H,239,H,258,248,264,257,240,240,249,246,225,237,248,209,249,248,248,263,241,250,Nr,252,253,254,267,267,286,306,290,295,294
SH3,Deep,2,1,50,Nr,Nr,Nr,Nr,Nr,Nr,Nr,Nr,Nr,Nr,Nr,Nr,Nr,251,260,259,265,259,259,266,264,270,268,258,264,273,Nr,273,274,H,H,239,285,264,278,268,260,266,256,227,270,281,275,249,239,270,280,268,267,280,270,273,268,Nr,227,254,299,294,305,305,339,318,327,323
SH3,Deep,2,2,50,Nr,Nr,Nr,Nr,Nr,Nr,Nr,Nr,Nr,Nr,Nr,Nr,Nr,263.5,271,270,276,270,H,H,H,H,284,270,277,281,Nr,280,H,281,271,253,294,277,281,274,267,276,267,256,269,276,273,259,275,280,279,274,270,282,284,274,274,Nr,281,286,298,303,308,307,344,320,337,324
SH3,Deep,2,3,50,Nr,Nr,Nr,Nr,Nr,Nr,Nr,Nr,Nr,Nr,Nr,Nr,Nr,266,265,270,273,265,272,276,278,283,278,266,272,279,Nr,286,287,284,275,255,294,280,272,277,266,279,265,264,264,272,272,251,269,272,281,267,264,271,279,269,274,Nr,277,289,285,294,308,302,337,H,326,326
SH3,Deep,2,4,50,Nr,Nr,Nr,Nr,Nr,Nr,Nr,Nr,Nr,Nr,Nr,Nr,Nr,263,266,266,269,268,269,276,277,281,276,262,277,276,Nr,281,286,284,273,254,293,271,275,274,269,276,R,264,263,266,268,249,266,263,269,270,258,270,274,270,272,Nr,287,293,283,300,303,304,345,318,326,324
SH3,Deep,2,5,50,Nr,Nr,Nr,Nr,Nr,Nr,Nr,Nr,Nr,Nr,Nr,Nr,Nr,277,277,271,275,274,277,H,H,H,H,H,H,H,Nr,H,H,281,276,252,281,283,283,273,265,278,274,259,259,269,265,250,248,279,281,269,271,279,276,269,281,Nr,279,283,288,284,310,307,335,314,324,324
SH3,Deep,2,6,50,Nr,Nr,Nr,Nr,Nr,Nr,Nr,Nr,Nr,Nr,Nr,Nr,Nr,265,269,275,278,272,272,279,281,280,277,266,274,275,Nr,286,282,278,269,251,297,280,283,273,269,282,268,259,258,271,268,253,273,269,267,272,272,276,281,275,273,Nr,283,287,287,297,310,314,339,320,323,320
SH3,Deep,2,7,50,Nr,Nr,Nr,Nr,Nr,Nr,Nr,Nr,Nr,Nr,Nr,Nr,Nr,264,272,275,279,H,H,H,H,H,H,H,H,274,Nr,285,281,H,277,248,301,283,285,277,274,280,283,251,259,259,271,251,273,272,270,268,271,275,282,273,271,Nr,281,286,283,288,314,312,330,312,322,328
SH3,Deep,2,8,50,Nr,Nr,Nr,Nr,Nr,Nr,Nr,Nr,Nr,Nr,Nr,Nr,Nr,267.5,269,275,277,275,275,276,277,280,278,268,277,278,Nr,281,281,282,274,255,296,280,284,280,267,272,263,255,231,269,268,256,259,273,284,273,272,282,283,270,274,Nr,278,287,289,291,308,304,344,H,308,318
SH3,Deep,2,9,50,Nr,Nr,Nr,Nr,Nr,Nr,Nr,Nr,Nr,Nr,Nr,Nr,Nr,265,272,276,280,273,273,276,278,H,277,266,269,274,Nr,291,287,283,286,260,298,286,289,278,273,274,265,256,258,278,268,246,265,278,279,274,276,284,283,263,273,Nr,265,291,293,284,316,308,350,331,312,322
SH3,Deep,2,1,140,Nr,Nr,Nr,Nr,Nr,Nr,Nr,Nr,Nr,Nr,Nr,Nr,Nr,248,253,253,254,258,260,261,260,259,256,243,252,256,Nr,270,270,H,H,281,282,271,264,263,261,266,254,247,259,275,272,252,284,274,276,278,272,275,280,272,271,Nr,275,284,293,310,307,303,345,H,332,325
SH3,Deep,2,2,140,Nr,Nr,Nr,Nr,Nr,Nr,Nr,Nr,Nr,Nr,Nr,Nr,Nr,249,257,258.5,262,264.5,264,270,268,271,267,251,261,265,Nr,280,279,271,278,H,288,279,272,269,269,272,262,257,259,259,269,250,282,275,245,245,232,246,284,272,276,Nr,286,287,235,308,314,H,348,325,329,328
SH3,Deep,2,3,140,Nr,Nr,Nr,Nr,Nr,Nr,Nr,Nr,Nr,Nr,Nr,Nr,Nr,247,254,261,261,268,270,269,274,273,265,252,260,266,Nr,280,280,273,271,247,286,278,269,270,270,271,268,259,263,269,274,255,281,277,273,276,273,278,287,280,274,Nr,283,289,307,299,314,305,346,317,329,329
SH3,Deep,2,4,140,Nr,Nr,Nr,Nr,Nr,Nr,Nr,Nr,Nr,Nr,Nr,Nr,Nr,246,257,257,261,267,263,269,269,272,267,252,261,267.5,Nr,277,279,273,266,245,286,273,271,272,271,274,268,262,263,288,274,268,281,275,278,272,275,280,277,282,276,Nr,284,290,301,306,310,290,343,321,H,322
SH3,Deep,2,5,140,Nr,Nr,Nr,Nr,Nr,Nr,Nr,Nr,Nr,Nr,Nr,Nr,Nr,249,256,258,264,268,270,276,272,281,269,257,263,275,Nr,281,275,272,H,H,288,274,276,273,273,275,271,262,266,270,277,253,272,274,282,278,277,287,283,279,277,Nr,283,294,309,297,309,307,346,323,324,314
SH3,Deep,2,6,140,Nr,Nr,Nr,Nr,Nr,Nr,Nr,Nr,Nr,Nr,Nr,Nr,Nr,248,257,254,261,270,268,274,277,278,270,256,264,277,Nr,285,278,278,272,248,294,273,278,276,276,272,266,262,268,274,272,255,267,272,275,280,276,287,284,279,275,Nr,276,293,308,326,309,300,335,323,325,320
SH3,Deep,2,7,140,Nr,Nr,Nr,Nr,Nr,Nr,Nr,Nr,Nr,Nr,Nr,Nr,Nr,H,249,252,256,269,270,274,275,281,277,262,271,276,Nr,280,H,280,H,249,290,274,280,282,280,271,277,263,Bd,274,275,269,283,285,282,278,283,278,284,277,278,Nr,276,294,303,231,307,310,344,328,325,318
SH3,Deep,2,8,140,Nr,Nr,Nr,Nr,Nr,Nr,Nr,Nr,Nr,Nr,Nr,Nr,Nr,254,259,264,267,273,272,271,H,H,H,H,H,H,Nr,H,H,H,274,H,297,273,274,275,280,272,274,266,271,272,274,254,284,266,284,281,279,288,289,284,281,Nr,282,292,299,310,311,307,346,331,325,320
SH3,Deep,2,9,140,Nr,Nr,Nr,Nr,Nr,Nr,Nr,Nr,Nr,Nr,Nr,Nr,Nr,257,267,266,267,278,273,277,H,H,H,H,278,H,Nr,285,283,276,279,255,299,280,H,277,282,274,272,266,264,279,272,249,285,263,262,272,278,243,284,285,241,Nr,287,296,301,301,314,305,346,329,H,315
SH3,Deep,2,1,275,Nr,Nr,Nr,Nr,Nr,Nr,Nr,Nr,Nr,Nr,Nr,Nr,Nr,245,249,H,H,H,H,263,H,H,264,249,258,259,Nr,268,266,267,261,249,287,268,269,264,259,264,247,241,248,265,265,249,260,270,276,268,264,269,264,270,267,Nr,275,280,284,285,305,300,345,312,322,325
SH3,Deep,2,2,275,Nr,Nr,Nr,Nr,Nr,Nr,Nr,Nr,Nr,Nr,Nr,Nr,Nr,260,257,262,267,267,270,274,274,276,273,256,269,272,Nr,277,277,274,269,252,292,278,282,280,265,274,258,248,244,262,269,239,256,264,271,265,261,264,279,239,269,Nr,248,273,247,293,302,302,339,H,321,312
SH3,Deep,2,3,275,Nr,Nr,Nr,Nr,Nr,Nr,Nr,Nr,Nr,Nr,Nr,Nr,Nr,252,259,257,259,262,262,260,265,264,269,257,264,267,Nr,H,H,266,276,244,291,281,277,269,269,273,250,253,246,266,264,233,255,269,277,267,261,262,275,269,262,Nr,271,288,292,205,307,302,335,318,329,325
SH3,Deep,2,4,275,Nr,Nr,Nr,Nr,Nr,Nr,Nr,Nr,Nr,Nr,Nr,Nr,Nr,257,261,260,262,266,263,272,269,267,270,258,266,269,Nr,271,275,268,269,245,291,272,278,270,264,272,257,251,Bd,268,259,233,255,259,274,268,262,268,273,266,263,Nr,274,287,288,311,304,304,330,320,330,325
SH3,Deep,2,5,275,Nr,Nr,Nr,Nr,Nr,Nr,Nr,Nr,Nr,Nr,Nr,Nr,Nr,260.5,263,265,268,266,271,273,273,271,269,256,266,271,Nr,273,273,267,270,245,289,274,278,269,265,270,258,256,251,265,263,239,262,268,269,268,262,273,271,263,263,Nr,271,299,300,305,309,303,328,313,334,326
SH3,Deep,2,6,275,Nr,Nr,Nr,Nr,Nr,Nr,Nr,Nr,Nr,Nr,Nr,Nr,Nr,263,264,264,266,265,266,269,264,261,265,256,261,268,Nr,274,270,268,267,245,292,270,274,269,269,271,260,262,249,266,269,243,263,265,269,268,263,270,276,263,270,Nr,273,283,292,307,302,300,337,323,329,334
SH3,Deep,2,7,275,Nr,Nr,Nr,Nr,Nr,Nr,Nr,Nr,Nr,Nr,Nr,Nr,Nr,255,260,260,264,268,266,276,H,264,268,256,265,271,Nr,271,271,266,266,245,290,275,282,274,271,274,265,266,255,270,271,245,264,267,273,269,263,275,279,264,269,Nr,276,300,279,331,305,304,347,318,334,325
SH3,Deep,2,8,275,Nr,Nr,Nr,Nr,Nr,Nr,Nr,Nr,Nr,Nr,Nr,Nr,Nr,251,253,257,264,266,265,270,269,267,271,254,261,266,Nr,266,274,271,266,244,289,270,276,267,273,276,273,271,259,268,269,250,263,273,272,261,260,258,276,261,266,Nr,265,271,286,293,311,305,343,311,331,329
SH3,Deep,2,9,275,Nr,Nr,Nr,Nr,Nr,Nr,Nr,Nr,Nr,Nr,Nr,Nr,Nr,260,264,265,272,272,272,277,274,275,H,258,260,H,Nr,276,272,H,H,241,291,273,275,272,273,278,229,268,265,271,279,256,273,272,269,266,265,267,283,262,262,Nr,277,234,297,287,313,308,347,317,332,329
SH3,Deep,2,1,320,Nr,Nr,Nr,Nr,Nr,Nr,Nr,Nr,Nr,Nr,Nr,Nr,Nr,245,252,254,255,256,254,257,256,257,255,247,255,257,Nr,H,265,261,264,238,279,264,270,255,253,260,242,248,244,263,268,241,262,266,271,265,258,264,275,250,245,Nr,275,274,281,286,297,301,336,315,317,321
SH3,Deep,2,2,320,Nr,Nr,Nr,Nr,Nr,Nr,Nr,Nr,Nr,Nr,Nr,Nr,Nr,252,260,262,264,265,266,269,268,267,268,256,263,265,Nr,276,276,271,275,244,289,275,275,264,263,272,259,254,249,260,271,246,263,269,270,264,263,274,275,263,264,Nr,275,278,291,296,313,304,343,311,312,322
SH3,Deep,2,3,320,Nr,Nr,Nr,Nr,Nr,Nr,Nr,Nr,Nr,Nr,Nr,Nr,Nr,249,259,261,261,265,264,269,269,272,272,256,265,268,Nr,276,278,273,266,246,285,279,273,260,262,273,257,250,245,262,269,242,263,270,269,270,264,272,273,264,268,Nr,272,282,293,289,310,303,340,315,323,322
SH3,Deep,2,4,320,Nr,Nr,Nr,Nr,Nr,Nr,Nr,Nr,Nr,Nr,Nr,Nr,Nr,252,260,261,263,269,269,276,272,274,274,261,269,269,Nr,280,272,272,270,248,288,274,274,262,262,269,249,245,244,270,266,242,260,262,271,270,243,271,270,263,265,Nr,271,283,285,293,308,303,339,311,323,322
SH3,Deep,2,5,320,Nr,Nr,Nr,Nr,Nr,Nr,Nr,Nr,Nr,Nr,Nr,Nr,Nr,254,260,255,259,271,267,273,264,H,H,253,264,265,Nr,280,273,272,270,247,289,274,278,264,264,270,260,250,249,264,262,249,267,264,262,271,265,276,274,262,262,Nr,284,282,291,287,306,304,336,309,324,324
SH3,Deep,2,6,320,Nr,Nr,Nr,Nr,Nr,Nr,Nr,Nr,Nr,Nr,Nr,Nr,Nr,254,259,259,259,263,266,272,268,275,H,H,262,265,Nr,283,276,275,268,247,293,273,279,261,262,271,260,254,248,285,271,252,279,232,256,269,263,242,258,266,263,Nr,284,284,290,258,305,305,345,310,319,319
SH3,Deep,2,7,320,Nr,Nr,Nr,Nr,Nr,Nr,Nr,Nr,Nr,Nr,Nr,Nr,Nr,254,263,265,264,268,268,270,270,274,276,264,271,273,Nr,278,279,281,270,251,290,273,274,264,266,267,254,241,249,271,274,262,272,270,274,269,268,277,272,274,270,Nr,279,277,298,303,308,305,345,308,315,318
SH3,Deep,2,8,320,Nr,Nr,Nr,Nr,Nr,Nr,Nr,Nr,Nr,Nr,Nr,Nr,Nr,255,263,268,262,265,265,271,H,267,275,262,268,271,Nr,280,281,271,277,245,295,271,H,265,271,275,259,260,253,262,273,257,269,272,269,273,269,279,271,267,269,Nr,275,287,297,287,309,309,340,318,318,319
SH3,Deep,2,9,320,Nr,Nr,Nr,Nr,Nr,Nr,Nr,Nr,Nr,Nr,Nr,Nr,Nr,260,264,267,268,268,268,275,273,281,278,262,271,273,Nr,287,287,281,279,248,298,273,279,267,269,276,261,259,253,267,274,255,271,269,274,269,268,283,273,267,270,Nr,279,283,291,302,310,308,346,317,324,319
SH3,Deep,3,1,20,Nr,Nr,Nr,Nr,Nr,Nr,Nr,Nr,Nr,Nr,Nr,Nr,Nr,244,258,261,263,266,264,267,272,268,266,252,262,265,Nr,269,275,273,288,275,320,311,M,307,309,313,299,295,308,319,319,294,318,320,317,310,311,320,325,309,317,Nr,322,328,343,335,357,353,369,361,H,375
SH3,Deep,3,2,20,Nr,Nr,Nr,Nr,Nr,Nr,Nr,Nr,Nr,Nr,Nr,Nr,Nr,252,265,264,270,273,274,276,283,278,274,264,272,273,Nr,275,282,281,291,282,330,322,319,310,315,331,309,305,304,319,324,298,319,320,314,315,300,323,316,312,313,Nr,326,330,334,343,356,355,385,365,381,379
SH3,Deep,3,3,20,Nr,Nr,Nr,Nr,Nr,Nr,Nr,Nr,Nr,Nr,Nr,Nr,Nr,250,262,263,270,273,272,273,275,276,269,259,265,275,Nr,282,280,285,291,286,324,316,319,311,319,326,315,315,304,315,320,297,323,328,319,313,321,321,321,309,315,Nr,323,334,339,340,356,348,373,363,372,378
SH3,Deep,3,4,20,Nr,Nr,Nr,Nr,Nr,Nr,Nr,Nr,Nr,Nr,Nr,Nr,Nr,253,269,269,269,269,270.5,271,273,274,268,256,264,270,Nr,275,281,278,291,281,327,320,317,312,314,327,314,312,303,317,321,298,309,328,323,318,314,316,324,308,313,Nr,326,338,328,344,356,349,381,353,369,376
SH3,Deep,3,5,20,Nr,Nr,Nr,Nr,Nr,Nr,Nr,Nr,Nr,Nr,Nr,Nr,Nr,254,262,263.5,270,270,273,273,276,278,269,258,266,274,Nr,282,281,279,289,276,332,319,321,313,316,323,320,313,308,313,321,297,314,281,321,318,318,279,321,308,317,Nr,329,288,336,338,345,343,382,359,372,373
SH3,Deep,3,6,20,Nr,Nr,Nr,Nr,Nr,Nr,Nr,Nr,Nr,Nr,Nr,Nr,Nr,252.5,261,260,265,266,271,268,273,272,263,258,263,274,Nr,283,280,272,278,271,331,311,H,310,313,321,319,309,302,317,320,294,312,327,315,313,315,334,323,310,313,Nr,327,336,336,330,353,340,374,353,368,369
SH3,Deep,3,7,20,Nr,Nr,Nr,Nr,Nr,Nr,Nr,Nr,Nr,Nr,Nr,Nr,Nr,251,262,261,264,269,268,272,271,275,269,259,264,270,Nr,291,283,276,281,271,325,322,321,312,319,327,318,309,305,318,317,285,307,329,321,312,312,332,328,313,318,Nr,333,336,332,332,348,343,378,356,H,365
SH3,Deep,3,8,20,Nr,Nr,Nr,Nr,Nr,Nr,Nr,Nr,Nr,Nr,Nr,Nr,Nr,250,261,259,265,266,269,270,267,271,264,259,264,271,Nr,286,287,275,283,275,319,320,317,312,315,321,307,305,302,321,327,294,309,319,319,309,317,324,324,312,319,Nr,335,332,335,336,352,354,379,349,364,368
SH3,Deep,3,9,20,Nr,Nr,Nr,Nr,Nr,Nr,Nr,Nr,Nr,Nr,Nr,Nr,Nr,253,267,263,269,271,271,272,270,278,269,262,269,273,Nr,289,288,279,H,278,323,328,323,314,315,325,312,306,297,325,329,301,313,321,319,313,316,323,326,315,309,Nr,324,333,338,339,354,352,376,359,365,360
SH3,Deep,3,1,110,Nr,Nr,Nr,Nr,Nr,Nr,Nr,Nr,Nr,Nr,Nr,Nr,Nr,246,254,256,257,257,257,260,261,260,261,246,256,263,Nr,274,273,270,H,H,330,315,311,303,313,313,302,304,302,320,315,290,310,319,315,310,316,318,320,310,313,Nr,324,324,335,337,351,342,382,358,373,371
SH3,Deep,3,2,110,Nr,Nr,Nr,Nr,Nr,Nr,Nr,Nr,Nr,Nr,Nr,Nr,Nr,259,267,267,271,267,272,274,276,272,271,257,266,272,Nr,283,279,281,287,280,338,332,325,311,315,321,314,310,287,279,317,291,313,319,328,313,311,322,324,309,317,Nr,325,324,339,328,332,341,385,359,H,354
SH3,Deep,3,3,110,Nr,Nr,Nr,Nr,Nr,Nr,Nr,Nr,Nr,Nr,Nr,Nr,Nr,260,265,269,268,267,272,274,276,274,271,256,266,273,Nr,279,282,281,290,285,330,331,324,321,317,322,315,311,305,316,317,295,316,317,317,314,314,318,328,308,317,Nr,324,330,329,335,347,348,390,355,374,369
SH3,Deep,3,4,110,Nr,Nr,Nr,Nr,Nr,Nr,Nr,Nr,Nr,Nr,Nr,Nr,Nr,253,266,264,272,268,270,272,276,269,271,257,270,272,Nr,280,285,280,290,283,334,323,321,317,318,322,314,310,303,323,315,295,317,316,321,311,313,323,330,318,323,Nr,335,335,331,332,342,349,381,361,369,373
SH3,Deep,3,5,110,Nr,Nr,Nr,Nr,Nr,Nr,Nr,Nr,Nr,Nr,Nr,Nr,Nr,268,259,H,H,H,H,H,H,H,H,H,H,H,Nr,281,275,H,284,277,329,283,309,309,312,320,311,304,299,319,317,294,319,316,324,312,315,329,334,314,321,Nr,335,330,329,341,349,348,386,364,375,375
SH3,Deep,3,6,110,Nr,Nr,Nr,Nr,Nr,Nr,Nr,Nr,Nr,Nr,Nr,Nr,Nr,260,266,276,271,272,273,276,278,274,277,263,270,274,Nr,279,285,278,288,281,327,322,316,309,320,320,304,303,299,320,315,294,319,315,321,312,314,321,323,304,315,Nr,327,330,335,341,351,353,387,362,378,372
SH3,Deep,3,7,110,Nr,Nr,Nr,Nr,Nr,Nr,Nr,Nr,Nr,Nr,Nr,Nr,Nr,261,272,276,277,276,278,276,277,278,H,H,H,H,Nr,283,293,H,290,281,333,321,315,312,317,317,307,303,294,331,316,296,320,317,323,313,315,326,316,314,319,Nr,324,333,328,330,353,340,379,354,359,380
SH3,Deep,3,8,110,Nr,Nr,Nr,Nr,Nr,Nr,Nr,Nr,Nr,Nr,Nr,Nr,Nr,257,266,269,273,275,274,278,280,281,280,264,273,277,Nr,276,281,281,H,277,329,321,311,312,316,318,309,304,299,322,313,292,319,325,316,313,314,327,326,310,320,Nr,331,319,318,328,352,H,380,359,363,380
SH3,Deep,3,9,110,Nr,Nr,Nr,Nr,Nr,Nr,Nr,Nr,Nr,Nr,Nr,Nr,Nr,263,268,271,274,276,276,278,279,283,284,266,274,280,Nr,278,283,285,289,281,326,318,327,316,319,321,309,306,302,319,318,293,317,327,322,314,315,329,331,305,319,Nr,326,328,338,337,353,341,362,359,367,373
SH3,Deep,3,1,160,Nr,Nr,Nr,Nr,Nr,Nr,Nr,Nr,Nr,Nr,Nr,Nr,Nr,249,255,256,260,259,263,269,265,268,261,251,262,267,Nr,264,271,262,277,271,320,306,317,308,307,309,308,295,298,316,324,296,315,314,315,314,312,313,327,315,319,Nr,329,325,329,333,346,346,377,352,364,360
SH3,Deep,3,2,160,Nr,Nr,Nr,Nr,Nr,Nr,Nr,Nr,Nr,Nr,Nr,Nr,Nr,262,269,270,271,270,271,271,274,275,274,263,270,275,Nr,286,286,281,284,280,331,325,323,317,314,314,311,303,304,312,321,295,321,318,321,317,315,319,327,316,320,Nr,322,320,344,337,333,H,379,H,H,363
SH3,Deep,3,3,160,Nr,Nr,Nr,Nr,Nr,Nr,Nr,Nr,Nr,Nr,Nr,Nr,Nr,256,261,264,266,268,268,270,272,270,272,255,264,270,Nr,278,283,270,280,278,321,314,323,313,316,322,309,305,304,324,324,299,316,318,314,316,313,322,325,311,314,Nr,324,331,343,334,350,343,381,357,369,379
SH3,Deep,3,4,160,Nr,Nr,Nr,Nr,Nr,Nr,Nr,Nr,Nr,Nr,Nr,Nr,Nr,252,262,264,268,266,266,272,271,274,271,256,265,270,Nr,277,282,278,285,279,327,323,322,313,316,317,308,303,304,323,321,298,315,318,315,313,311,322,328,314,316,Nr,324,326,342,334,353,345,379,358,H,339
SH3,Deep,3,5,160,Nr,Nr,Nr,Nr,Nr,Nr,Nr,Nr,Nr,Nr,Nr,Nr,Nr,256,262.5,265,263,268,271,274,275,277,277,258,266,272,Nr,279,284,280,288,284,332,323,318,321,319,319,308,304,307,322,324,296,317,320,317,313,312,324,329,316,316,Nr,327,331,341,341,350,348,385,354,372,377
SH3,Deep,3,6,160,Nr,Nr,Nr,Nr,Nr,Nr,Nr,Nr,Nr,Nr,Nr,Nr,Nr,254,261,262.5,267,268,271,275,274,275,274,258,267,271,Nr,279,286,279,291,287,327,320,326,321,319,320,313,305,303,322,322,295,317,320,316,317,310,320,325,313,319,Nr,335,333,337,329,350,349,385,356,370,375
SH3,Deep,3,7,160,Nr,Nr,Nr,Nr,Nr,Nr,Nr,Nr,Nr,Nr,Nr,Nr,Nr,R,R,R,R,R,R,R,H,R,R,R,272,277,Nr,283,291,282,H,284,332,324,326,320,321,319,312,304,304,324,321,292,317,318,321,314,314,323,324,315,323,Nr,320,336,334,R,R,331,381,358,370,379
SH3,Deep,3,8,160,Nr,Nr,Nr,Nr,Nr,Nr,Nr,Nr,Nr,Nr,Nr,Nr,Nr,258,263,H,268,268,271,274,273,276,269,257,267,276,Nr,277,285,284,289,281,H,320,H,305,312,313,313,307,308,324,319,295,308,313,311,312,317,324,327,303,317,Nr,321,321,R,334,356,350,375,363,375,379
SH3,Deep,3,9,160,Nr,Nr,Nr,Nr,Nr,Nr,Nr,Nr,Nr,Nr,Nr,Nr,Nr,259,266,270,273,269,272,270,H,275,272,260,269,277,Nr,279,279,279,285,283,344,320,327,320,320,323,318,316,312,323,319,296,319,322,317,319,318,326,328,309,316,Nr,325,336,329,336,355,360,383,362,364,369
SH3,Deep,3,1,250,Nr,Nr,Nr,Nr,Nr,Nr,Nr,Nr,Nr,Nr,Nr,Nr,Nr,R,R,R,R,R,R,R,R,R,R,R,R,R,Nr,R,R,R,R,R,R,R,R,308,309,290,290,279,305,312,307,287,310,310,304,309,315,313,323,314,314,Nr,319,324,331,330,349,345,388,367,377,370
SH3,Deep,3,2,250,Nr,Nr,Nr,Nr,Nr,Nr,Nr,Nr,Nr,Nr,Nr,Nr,Nr,257,262,264,269,271,277,277,278,274,274,262,272,273,Nr,280,281,277,290,277,330,317,331,324,320,321,312,291,302,316,324,298,318,317,316,319,317,319,323,317,313,Nr,323,322,329,337,346,346,385,366,373,369
SH3,Deep,3,3,250,Nr,Nr,Nr,Nr,Nr,Nr,Nr,Nr,Nr,Nr,Nr,Nr,Nr,263,266,265,271,273,274,275,275,275,273.5,260,267,271,Nr,284,280,282,287,277,312,321,320,318,316,317,298,304,295,311,320,301,321,327,312,321,316,319,323,313,309,Nr,334,322,318,343,344,346,382,365,379,375
SH3,Deep,3,4,250,Nr,Nr,Nr,Nr,Nr,Nr,Nr,Nr,Nr,Nr,Nr,Nr,Nr,260,266,271,268,272,274,277,274,276,274,263,269,275,Nr,279,280,282,282,278,318,311,327,322,317,317,311,306,305,289,312,297,322,314,310,309,310,312,333,313,311,Nr,324,323,328,338,344,342,382,363,378,370
SH3,Deep,3,5,250,Nr,Nr,Nr,Nr,Nr,Nr,Nr,Nr,Nr,Nr,Nr,Nr,Nr,259,269,272,272,273,275,279,277,277,275,259,269,270,Nr,275,278,283,282,280,319,319,M,323,319,328,316,308,309,318,314,293,333,316,312,312,312,314,328,309,308,Nr,320,320,326,340,343,346,380,360,376,373
SH3,Deep,3,6,250,Nr,Nr,Nr,Nr,Nr,Nr,Nr,Nr,Nr,Nr,Nr,Nr,Nr,R,R,R,267,271,271,H,H,H,H,H,H,H,Nr,282,282,278,284,282,323,317,321,312,319,315,317,309,310,321,306,291,313,304,312,288,288,311,321,308,305,Nr,324,323,333,336,349,346,380,351,376,372
SH3,Deep,3,7,250,Nr,Nr,Nr,Nr,Nr,Nr,Nr,Nr,Nr,Nr,Nr,Nr,Nr,259,269,269,282,273,271,273,278,278,272,259,267,273,Nr,278,283,279,284,279,323,323,317,316,319,325,330,269,316,318,303,290,334,316,311,313,312,309,319,306,304,Nr,277,316,329,337,336,H,373,H,367,330
SH3,Deep,3,8,250,Nr,Nr,Nr,Nr,Nr,Nr,Nr,Nr,Nr,Nr,Nr,Nr,Nr,259,266,270,272,272,274,280,277,282,275,262,269,274,Nr,280,281,275,280,279,319,318,322,315,317,321,325,317,312,319,323,296,320,318,311,309,308,309,284,294,296,Nr,319,324,328,332,347,344,375,347,374,367
SH3,Deep,3,9,250,Nr,Nr,Nr,Nr,Nr,Nr,Nr,Nr,Nr,Nr,Nr,Nr,Nr,267,268,273,273,275,279,285,283,283,278,266,274,278,Nr,284,280,283,288,280,331,303,329,323,316,320,326,317,314,321,324,297,324,325,309,314,313,310,324,309,309,Nr,327,325,327,335,355,347,382,356,373,372
SH3,Shallow,1,1,135,Nr,Nr,Nr,Nr,Nr,Nr,Nr,Nr,Nr,Nr,Nr,Nr,Nr,205,199,208,201,200,200,202,202,199,201,198,200,197,Nr,206,205,199,210,212,H,246,253,248,240,241,238,235,237,240,245,241,239,248,256,253,258,258,265,256,258,Nr,259,240,248,262,296,282,331,318,313,315
SH3,Shallow,1,2,135,Nr,Nr,Nr,Nr,Nr,Nr,Nr,Nr,Nr,Nr,Nr,Nr,Nr,206,213,219,213,212,212,209,212,210,210,209,209,209,Nr,217,214,206,221,220,257,253,267,256,249,253,246,246,240,245,244,244,241,249,253,253,257,256,259,254,256,Nr,259,269,276,302,299,287,341,329,300,314
SH3,Shallow,1,3,135,Nr,Nr,Nr,Nr,Nr,Nr,Nr,Nr,Nr,Nr,Nr,Nr,Nr,214,213,222,211,209,211,213,213,211,211,211,209,208,Nr,218,212,211,221,219,260,256,262,256,245,251,244,259,241,244,243,244,244,244,250,252,259,253,266,257,261,Nr,270,271,267,291,298,292,333,322,322,315
SH3,Shallow,1,4,135,Nr,Nr,Nr,Nr,Nr,Nr,Nr,Nr,Nr,Nr,Nr,Nr,Nr,213,209,211,210,207,207,209,H,H,210,H,H,204,Nr,217,212,212,223,218,258,254,259,257,249,250,247,245,241,245,247,247,243,250,249,248,255,257,262,256,260,Nr,267,266,283,293,299,298,333,319,312,289
SH3,Shallow,1,5,135,Nr,Nr,Nr,Nr,Nr,Nr,Nr,Nr,Nr,Nr,Nr,Nr,Nr,216,217,215,207,208,207,211,212,210,212,210,207,210,Nr,222,213,213,224,220,263,254,259,256,247,251,249,247,243,251,243,242,221,254,251,250,257,257,261,246,260,Nr,265,272,278,297,301,300,336,321,321,322
SH3,Shallow,1,6,135,Nr,Nr,Nr,Nr,Nr,Nr,Nr,Nr,Nr,Nr,Nr,Nr,Nr,216,206,216,207,206,206,210,214,212,213,208,209,208,Nr,216,213,213,222,218,266,255,255,250,248,249,248,247,245,251,249,245,247,250,250,257,259,258,268,256,260,Nr,267,262,280,291,298,295,341,H,304,305
SH3,Shallow,1,7,135,Nr,Nr,Nr,Nr,Nr,Nr,Nr,Nr,Nr,Nr,Nr,Nr,Nr,207,205,210,H,H,204,208,210,206,211,206,206,205,Nr,217,213,214,212,221,259,257,257,249,253,249,248,244,244,249,249,247,245,250,259,255,266,259,264,255,267,Nr,271,269,281,301,299,294,345,327,309,322
SH3,Shallow,1,8,135,Nr,Nr,Nr,Nr,Nr,Nr,Nr,Nr,Nr,Nr,Nr,Nr,Nr,209,205,213,H,H,203,207,210,212,211,206,206,207,Nr,216,215,212,226,224,268,254,254,249,249,250,246,244,243,246,251,246,247,244,256,248,259,257,264,259,265,Nr,270,261,278,288,288,296,343,329,H,308
SH3,Shallow,1,9,135,Nr,Nr,Nr,Nr,Nr,Nr,Nr,Nr,Nr,Nr,Nr,Nr,Nr,213,210,213,214.5,211,213,215,218,215,214,212,212,212,Nr,217,218,216,225,228,271,256,264,254,254,255,251,256,244,247,251,248,247,249,256,258,267,256,266,259,265,Nr,274,279,278,263,H,301,319,319,320,303
SH3,Shallow,1,1,180,Nr,Nr,Nr,Nr,Nr,Nr,Nr,Nr,Nr,Nr,Nr,Nr,Nr,H,185,193,197,191,H,H,H,H,206,H,H,H,Nr,208,203,202,215,209,260,236,247,242,235,242,239,234,237,242,253,256,250,250,254,253,233,230,210,214,220,Nr,261,279,278,290,320,319,342,334,319,321
SH3,Shallow,1,2,180,Nr,Nr,Nr,Nr,Nr,Nr,Nr,Nr,Nr,Nr,Nr,Nr,Nr,209,208,205,206,209,217,H,212,216,212,211,210,212,Nr,222,210,211,221,219,268,253,259,246,243,248,249,249,249,249,252,251,246,249,258,258,252,254,259,253,257,Nr,265,277,277,291,323,317,343,328,317,322
SH3,Shallow,1,3,180,Nr,Nr,Nr,Nr,Nr,Nr,Nr,Nr,Nr,Nr,Nr,Nr,Nr,203,207,208,206,217,217,216,219,219,216,213,213,219,Nr,224,210,210,225,217,271,254,256,248,244,252,245,246,244,248,251,251,248,248,255,256,254,246,266,257,260,Nr,267,278,279,293,322,312,355,315,316,320
SH3,Shallow,1,4,180,Nr,Nr,Nr,Nr,Nr,Nr,Nr,Nr,Nr,Nr,Nr,Nr,Nr,205,196,207,208,205,214,H,H,216,212,215,212,221,Nr,215,211,213,H,218,264,253,253,252,248,251,250,248,248,251,253,253,249,250,256,255,260,260,258,259,261,Nr,268,258,281,286,300,313,351,325,312,319
SH3,Shallow,1,5,180,Nr,Nr,Nr,Nr,Nr,Nr,Nr,Nr,Nr,Nr,Nr,Nr,Nr,206,210,212,207,208,214,217,214,214,215,215,212,216,Nr,219,219,215,226,224,258,257,256,248,250,252,250,244,240,247,251,254,247,252,261,257,261,266,259,263,263,Nr,274,276,283,292,301,310,350,H,316,320
SH3,Shallow,1,6,180,Nr,Nr,Nr,Nr,Nr,Nr,Nr,Nr,Nr,Nr,Nr,Nr,Nr,217,214,228,216,214,213,214,216,215,214,213,207,211,Nr,221,218,217,225,219,253,251,257,248,245,253,249,248,239,243,249,248,245,248,258,258,255,264,264,260,264,Nr,275,279,282,293,300,303,347,330,312,316
SH3,Shallow,1,7,180,Nr,Nr,Nr,Nr,Nr,Nr,Nr,Nr,Nr,Nr,Nr,Nr,Nr,216,214,214,212,214,218,218,221,221,218,216,215,218,Nr,221,219,220,229,226,265,252,261,249,247,251,248,251,250,247,248,250,243,246,259,259,259,258,259,261,262,Nr,273,281,285,293,299,302,337,H,310,314
SH3,Shallow,1,8,180,Nr,Nr,Nr,Nr,Nr,Nr,Nr,Nr,Nr,Nr,Nr,Nr,Nr,209,206,211,210,210,212,216,218,217,216,216,214,216,Nr,217,218,213,219,217,267,255,260,245,245,251,249,247,244,243,245,246,241,251,255,260,261,256,255,267,267,Nr,274,230,271,284,287,316,352,332,310,315
SH3,Shallow,1,9,180,Nr,Nr,Nr,Nr,Nr,Nr,Nr,Nr,Nr,Nr,Nr,Nr,Nr,210,205,211,207,205,219,H,222,H,220,220,218,219,Nr,H,212,214,222,223,271,257,265,249,246,258,251,249,243,248,254,250,244,252,258,265,262,258,254,263,264,Nr,269,275,278,293,304,306,354,H,318,318
SH3,Shallow,1,1,225,Nr,Nr,Nr,Nr,Nr,Nr,Nr,Nr,Nr,Nr,Nr,Nr,Nr,H,221,H,H,206,211,211,212,215,209,207,208,210,Nr,212,209,205,206,219,H,243,256,239,228,245,230,235,239,243,187,274,185,188,213,200,248,259,255,260,265,Nr,267,231,279,238,266,282,340,329,352,333
SH3,Shallow,1,2,225,Nr,Nr,Nr,Nr,Nr,Nr,Nr,Nr,Nr,Nr,Nr,Nr,Nr,229,225,226,222,224,223,221,222,221,217,217,216,217,Nr,H,223,211,218,221,264,245,264,249,243,249,245,244,240,254,261,262,262,253,249,256,249,261,264,265,268,Nr,266,266,282,287,304,307,332,H,342,291
SH3,Shallow,1,3,225,Nr,Nr,Nr,Nr,Nr,Nr,Nr,Nr,Nr,Nr,Nr,Nr,Nr,229,232,229,224,225,223,224,224,220,219,217,217,219,Nr,214,213,208,225,228,267,248,257,244,244,249,243,246,239,235,247,228,229,214,243,253,254,206,235,264,266,Nr,266,277,283,250,303,298,318,H,341,315
SH3,Shallow,1,4,225,Nr,Nr,Nr,Nr,Nr,Nr,Nr,Nr,Nr,Nr,Nr,Nr,Nr,214,218,213,212,217,216,219,219,221,219,219,215,218,Nr,213,215,212,228,230,266,238,245,243,247,247,243,243,242,254,254,245,254,251,246,254,261,258,256,253,258,Nr,256,276,278,264,303,297,343,318,H,323
SH3,Shallow,1,5,225,Nr,Nr,Nr,Nr,Nr,Nr,Nr,Nr,Nr,Nr,Nr,Nr,Nr,201,211,204,206,H,212,215,216,212,225,213,213,H,Nr,216,212,212,232,232,267,254,252,249,247,251,245,245,245,253,256,244,252,259,249,264,264,265,265,263,264,Nr,265,279,279,293,305,301,324,316,324,326
SH3,Shallow,1,6,225,Nr,Nr,Nr,Nr,Nr,Nr,Nr,Nr,Nr,Nr,Nr,Nr,Nr,215,213,212,210.5,213,213,215,220,H,H,H,H,H,Nr,218,214,H,H,236,266,253,256,248,247,249,244,242,243,247,250,243,250,261,255,268,262,266,263,260,266,Nr,269,277,279,288,304,303,340,H,327,328
SH3,Shallow,1,7,225,Nr,Nr,Nr,Nr,Nr,Nr,Nr,Nr,Nr,Nr,Nr,Nr,Nr,202,208,210,205,212,211.5,216,215,221,215,215,217,214,Nr,218,210,219,H,237,265,253,256,249,246,252,247,244,242,249,239,264,229,252,247,261,259,219,266,264,262,Nr,267,273,276,274,300,Bd,336,307,H,H
SH3,Shallow,1,8,225,Nr,Nr,Nr,Nr,Nr,Nr,Nr,Nr,Nr,Nr,Nr,Nr,Nr,209,215,216,214,222,215,215,215,210,215,214,212,213,Nr,H,211,H,228,219,263,242,256,258,248,249,244,244,249,253,254,256,246,249,232,263,260,262,258,258,257,Nr,264,274,275,293,297,300,327,317,320,321
SH3,Shallow,1,9,225,Nr,Nr,Nr,Nr,Nr,Nr,Nr,Nr,Nr,Nr,Nr,Nr,Nr,217,219,217,215,218,217,219,222,223,218,216,216.5,215,Nr,221,216,215,221,219,261,256,254,249,255,250,252,249,250,258,256,252,227,264,252,253,263,264,256,259,262,Nr,259,271,281,283,300,298,315,327,320,325
SH3,Shallow,1,1,315,Nr,Nr,Nr,Nr,Nr,Nr,Nr,Nr,Nr,Nr,Nr,Nr,Nr,198,192,195,197,198,198,200,203,202,199,199,197,197,Nr,H,199,205,214,210,251,244,246,240,238,240,242,240,245,247,246,250,249,245,248,249,252,257,256,256,257,Nr,265,265,272,276,295,285,323,317,322,319
SH3,Shallow,1,2,315,Nr,Nr,Nr,Nr,Nr,Nr,Nr,Nr,Nr,Nr,Nr,Nr,Nr,205,204,205,206,202,206,206,206,213,H,204,205,204,Nr,H,215,212,228,228,263,260,256,254,248,247,249,254,249,268,249,253,245,247,263,259,249,256,266,254,257,Nr,265,267,270,278,289,288,325,324,302,322
SH3,Shallow,1,3,315,Nr,Nr,Nr,Nr,Nr,Nr,Nr,Nr,Nr,Nr,Nr,Nr,Nr,207,206,207,207,202,205,209,211,211,208,206,206,206,Nr,H,209,209,224,233,265,251,254,247,250,249,249,244,251,249,245,246,245,244,259,254,251,251,259,258,257,Nr,267,270,275,285,295,296,327,326,314,324
SH3,Shallow,1,4,315,Nr,Nr,Nr,Nr,Nr,Nr,Nr,Nr,Nr,Nr,Nr,Nr,Nr,207,202,207,206,203,208,209,209,209,207,207,206,209,Nr,215,214,215,224,222,270,257,250,243,248,246,247,247,247,253,243,247,243,249,257,252,250,251,253,256,253,Nr,266,263,273,288,297,291,331,322,318,322
SH3,Shallow,1,5,315,Nr,Nr,Nr,Nr,Nr,Nr,Nr,Nr,Nr,Nr,Nr,Nr,Nr,209,209,216,207,205,209,213,211,215,209,209,209,211,Nr,222,221,219,226,234,272,263,253,251,248,251,250,249,246,253,245,248,240,251,265,262,253,252,258,256,256,Nr,269,269,281,288,298,295,317,328,324,324
SH3,Shallow,1,6,315,Nr,Nr,Nr,Nr,Nr,Nr,Nr,Nr,Nr,Nr,Nr,Nr,Nr,217,214,208,213,209,211,215,216,216,209,210,210,211,Nr,217,222,220,226,228,273,262,250,246,243,247,241,226,236,248,238,245,239,245,262,261,254,263,262,259,259,Nr,257,270,279,282,297,292,329,325,326,328
SH3,Shallow,1,7,315,Nr,Nr,Nr,Nr,Nr,Nr,Nr,Nr,Nr,Nr,Nr,Nr,Nr,219,215,216,214,207,208,208,211,210,H,H,208,213,Nr,220,222,215,217,216,268,264,250,246,248,246,238,248,240,244,247,247,244,249,268,275,258,257,267,267,264,Nr,265,272,279,280,298,293,329,H,322,329
SH3,Shallow,1,8,315,Nr,Nr,Nr,Nr,Nr,Nr,Nr,Nr,Nr,Nr,Nr,Nr,Nr,214,206,210,208,207,211,215,215,212,212,213,212,214,Nr,220,221,220,230,225,269,260,246,249,253,252,247,256,238,249,249,244,245,246,267,261,258,262,268,264,264,Nr,264,273,279,285,296,297,334,320,316,323
SH3,Shallow,1,9,315,Nr,Nr,Nr,Nr,Nr,Nr,Nr,Nr,Nr,Nr,Nr,Nr,Nr,H,H,H,210,H,H,212,213,H,H,H,H,H,Nr,225,219,H,241,241,278,269,254,251,264,258,244,259,246,253,253,219,239,254,265,266,264,261,262,265,267,Nr,269,267,288,283,295,296,337,307,318,323
SH3,Shallow,2,1,10,Nr,Nr,Nr,Nr,Nr,Nr,Nr,Nr,Nr,Nr,Nr,Nr,Nr,199,200,202,201,204,205,202,204,208,204,203,203,206,Nr,204,214,212,228,230,258,222,H,220,253,225,225,225,255,265,260,265,269,259,263,266,262,268,285,255,270,Nr,296,239,291,300,311,304,339,332,326,319
SH3,Shallow,2,2,10,Nr,Nr,Nr,Nr,Nr,Nr,Nr,Nr,Nr,Nr,Nr,Nr,Nr,201,205,208,206,H,H,H,205,H,H,H,H,H,Nr,H,H,H,228,238,278,270,268,266,259,257,259,263,255,265,264,263,268,261,271,271,269,264,282,262,207,Nr,291,290,292,303,320,312,346,339,319,326
SH3,Shallow,2,3,10,Nr,Nr,Nr,Nr,Nr,Nr,Nr,Nr,Nr,Nr,Nr,Nr,Nr,209,210,214,211,211,213,219,217,223,216,213,211,219,Nr,217,223,219,237,238,268,276,274,268,263,269,262,254,251,262,262,261,262,261,266,269,265,274,277,273,269,Nr,277,289,291,308,307,309,345,337,329,331
SH3,Shallow,2,4,10,Nr,Nr,Nr,Nr,Nr,Nr,Nr,Nr,Nr,Nr,Nr,Nr,Nr,213,218,216.5,213,211,214,216,218,221,214,213,216,215,Nr,216,223,220,236,231,270,271,271,266,258,264,268,266,260,264,247,258,248,248,243,254,259,271,240,276,248,Nr,187,291,287,310,307,306,339,328,328,327
SH3,Shallow,2,5,10,Nr,Nr,Nr,Nr,Nr,Nr,Nr,Nr,Nr,Nr,Nr,Nr,Nr,211,214,214,214,212,210,214,214,221,214,H,219,H,Nr,211,223,220,237,230,275,266,267,256,258,262,259,231,255,272,268,263,265,274,267,269,263,271,273,278,278,Nr,281,288,289,308,284,296,334,333,334,327
SH3,Shallow,2,6,10,Nr,Nr,Nr,Nr,Nr,Nr,Nr,Nr,Nr,Nr,Nr,Nr,Nr,215,215,217,214,213,213,216,213,214,212,216,217,219,Nr,M,226,221,241,229,279,262,265,267,256,259,260,238,253,268,274,266,268,274,261,269,260,274,270,275,281,Nr,271,289,291,306,283,300,313,H,319,321
SH3,Shallow,2,7,10,Nr,Nr,Nr,Nr,Nr,Nr,Nr,Nr,Nr,Nr,Nr,Nr,Nr,216,217,215,211,212,212,212,214,219,215,214,217,216,Nr,225,226,224,233,233,277,261,268,259,259,264,269,266,263,273,269,274,279,249,257,266,228,277,273,273,240,Nr,274,245,282,305,301,303,340,H,327,330
SH3,Shallow,2,8,10,Nr,Nr,Nr,Nr,Nr,Nr,Nr,Nr,Nr,Nr,Nr,Nr,Nr,215,218,217,212,211,209,214,215,217,214,211,214,212,Nr,225,228,221,231,234,280,263,269,261,257,269,273,285,265,267,205,221,206,248,196,267,205,263,269,277,279,Nr,270,217,278,294,305,295,339,332,325,328
SH3,Shallow,2,9,10,Nr,Nr,Nr,Nr,Nr,Nr,Nr,Nr,Nr,Nr,Nr,Nr,Nr,218,220,220,216,215,216,220,218,223,219,216,219,221,Nr,226,231,225,238,236,277,274,271,265,259,265,274,269,267,269,263,267,271,258,262,265,264,262,266,274,276,Nr,268,285,229,289,292,290,317,338,322,327
SH3,Shallow,2,1,235,Nr,Nr,Nr,Nr,Nr,Nr,Nr,Nr,Nr,Nr,Nr,Nr,Nr,206,205,208,H,205,209,206,208,212,207,211,212,206,Nr,213,213,H,216,220,262,250,251,250,257,254,250,247,251,261,259,255,226,230,260,249,241,221,220,246,252,Nr,233,221,283,275,303,296,320,334,H,339
SH3,Shallow,2,2,235,Nr,Nr,Nr,Nr,Nr,Nr,Nr,Nr,Nr,Nr,Nr,Nr,Nr,H,H,H,H,209,213,213,H,H,H,H,H,H,Nr,H,H,H,225,228,273,239,261,264,262,255,254,250,256,258,261,256,258,259,266,263,262,264,269,275,270,Nr,272,279,283,280,318,304,345,336,341,339
SH3,Shallow,2,3,235,Nr,Nr,Nr,Nr,Nr,Nr,Nr,Nr,Nr,Nr,Nr,Nr,Nr,210,211,211,211,215,216,212,213,221,224,218,220,221,Nr,220,218,H,225,H,271,262,263,263,256,258,257,255,252,255,260,260,259,264,268,267,269,276,275,276,272,Nr,275,281,290,265,312,305,338,332,345,335
SH3,Shallow,2,4,235,Nr,Nr,Nr,Nr,Nr,Nr,Nr,Nr,Nr,Nr,Nr,Nr,Nr,211,209,211,214,217,216,217,216,223,220,219,216,220,Nr,226,224,220,221,226,269,261,264,257,252,259,255,253,254,260,259,258,256,262,265,262,269,263,264,276,273,Nr,275,281,278,279,Bd,D,R,R,R,355
SH3,Shallow,2,5,235,Nr,Nr,Nr,Nr,Nr,Nr,Nr,Nr,Nr,Nr,Nr,Nr,Nr,R,R,212,213,214,216,217,220,221,219,H,219,221,Nr,228,227,224,228,232,271,270,266,R,R,R,R,R,R,R,R,R,R,R,R,R,R,R,R,R,R,Nr,R,R,R,272,316,307,340,336,R,R
SH3,Shallow,2,6,235,Nr,Nr,Nr,Nr,Nr,Nr,Nr,Nr,Nr,Nr,Nr,Nr,Nr,211,210,211,214,217,218,219,219,222,219,218,219,221,Nr,229,229,220,228,233,274,264,269,258,250,249,249,248,253,253,260,257,256,263,269,261,267,271,223,270,218,Nr,267,224,286,255,310,301,346,329,R,336
SH3,Shallow,2,7,235,Nr,Nr,Nr,Nr,Nr,Nr,Nr,Nr,Nr,Nr,Nr,Nr,Nr,213.5,217,218,218,222,218,221,218,223,223,220,221,223,Nr,228,232,H,234,235,273,247,263,257,254,251,252,256,252,256,262,249,245,261,267,261,265,267,271,271,267,Nr,276,281,282,257,313,306,322,332,354,358
SH3,Shallow,2,8,235,Nr,Nr,Nr,Nr,Nr,Nr,Nr,Nr,Nr,Nr,Nr,Nr,Nr,210,212,210,204,217,216,218,221,222,219,217,216,217,Nr,221,227,222,H,243,275,260,266,260,259,255,258,256,245,253,250,249,250,262,265,260,257,264,270,272,269,Nr,269,270,287,245,307,305,342,325,349,324
SH3,Shallow,2,9,235,Nr,Nr,Nr,Nr,Nr,Nr,Nr,Nr,Nr,Nr,Nr,Nr,Nr,209,209,209,H,215,216,219,220,225,221,221,219,222,Nr,H,230,H,H,H,280,261,268,265,262,260,264,258,255,259,254,254,251,254,265,263,262,264,261,271,270,Nr,278,280,284,249,305,301,327,328,343,346
SH3,Shallow,2,1,280,Nr,Nr,Nr,Nr,Nr,Nr,Nr,Nr,Nr,Nr,Nr,Nr,Nr,198,200,206,192,H,196,204,H,H,H,H,202,202,Nr,210,212,212,227,217,265,253,250,251,242,253,254,252,261,270,266,269,269,262,266,263,267,266,272,270,273,Nr,276,277,272,286,309,287,352,329,338,331
SH3,Shallow,2,2,280,Nr,Nr,Nr,Nr,Nr,Nr,Nr,Nr,Nr,Nr,Nr,Nr,Nr,205,206,208,209,H,H,H,H,H,211,215,H,H,Nr,227,220,218,233,228,265,259,259,258,254,263,266,259,259,263,268,265,268,265,270,268,266,269,278,274,274,Nr,276,279,273,291,306,296,353,335,334,336
SH3,Shallow,2,3,280,Nr,Nr,Nr,Nr,Nr,Nr,Nr,Nr,Nr,Nr,Nr,Nr,Nr,204,205,212.5,210,209,213,214,211,215,216,215,217,216,Nr,217,217,218,236,233,271,259,260,257,255,265,260,258,259,260,264,261,259,268,276,274,272,274,280,276,274,Nr,276,282,289,295,309,295,352,320,335,335
SH3,Shallow,2,4,280,Nr,Nr,Nr,Nr,Nr,Nr,Nr,Nr,Nr,Nr,Nr,Nr,Nr,209,211,211,208,203,206,216,213,217,210,207,212,210,Nr,H,H,R,237,233,274,257,260,258,254,262,259,258,255,263,268,261,264,264,275,271,268,268,272,278,272,Nr,280,279,278,296,313,303,342,326,336,307
SH3,Shallow,2,5,280,Nr,Nr,Nr,Nr,Nr,Nr,Nr,Nr,Nr,Nr,Nr,Nr,Nr,207,208,212,210,206,211,213,216,218,218,213,212,214,Nr,221,216,216,231,225,271,267,260,256,259,262,262,261,256,257,261,253,250,254,263,261,260,252,274,275,274,Nr,269,284,274,291,309,303,343,319,339,338
SH3,Shallow,2,6,280,Nr,Nr,Nr,Nr,Nr,Nr,Nr,Nr,Nr,Nr,Nr,Nr,Nr,202,204,209,207,207,207,211,207,212,217,215,212,215,Nr,209,217,214,229,228,269,262,262,R,R,R,R,R,R,R,R,R,R,253,R,R,265,R,R,R,R,Nr,R,R,R,R,R,318,346,312,332,323
SH3,Shallow,2,7,280,Nr,Nr,Nr,Nr,Nr,Nr,Nr,Nr,Nr,Nr,Nr,Nr,Nr,206,208,210,205,205,209,210,215,H,H,H,209,215,Nr,H,212,H,230,222,274,266,265,258,250,263,256,249,250,250,260,254,255,256,269,262,264,262,271,270,282,Nr,272,281,293,278,311,305,335,337,335,329
SH3,Shallow,2,8,280,Nr,Nr,Nr,Nr,Nr,Nr,Nr,Nr,Nr,Nr,Nr,Nr,Nr,205,205,214,211,210,208,212,213,214,216,217,216,219,Nr,217,218,216,231,226,274,259,259,253,247,258,254,249,243,249,249,244,247,258,265,264,267,259,273,269,277,Nr,271,288,298,301,323,315,361,316,331,318
SH3,Shallow,2,9,280,Nr,Nr,Nr,Nr,Nr,Nr,Nr,Nr,Nr,Nr,Nr,Nr,Nr,204,199,201,203,H,210,H,215,H,216,218,217,217,Nr,H,227,219,237,231,278,262,261,255,251,260,258,249,246,255,256,256,254,261,266,266,268,268,264,272,267,Nr,272,294,301,295,314,316,354,315,338,341
SH3,Shallow,2,1,325,Nr,Nr,Nr,Nr,Nr,Nr,Nr,Nr,Nr,Nr,Nr,Nr,Nr,203,205,207,204,208,206,206,206,212,211,208,208,205,Nr,207,207,213,226,222,277,256,255,253,260,261,257,255,262,269,272,268,270,233,233,243,256,269,263,270,270,Nr,275,268,272,282,303,301,338,335,333,312
SH3,Shallow,2,2,325,Nr,Nr,Nr,Nr,Nr,Nr,Nr,Nr,Nr,Nr,Nr,Nr,Nr,216,217,214,214,217,219,218,H,H,H,H,H,H,Nr,H,H,H,232,234,284,272,H,217,268,276,268,265,259,264,271,271,271,273,264,269,275,276,275,273,272,Nr,278,286,283,300,317,H,347,H,327,318
SH3,Shallow,2,3,325,Nr,Nr,Nr,Nr,Nr,Nr,Nr,Nr,Nr,Nr,Nr,Nr,Nr,209,209,211,204,209,209,H,H,H,H,H,H,H,Nr,215,229,224,226,234,276,272,266,259,266,264,263,261,259,267,263,264,267,273,278,279,273,274,277,273,271,Nr,274,285,293,301,318,310,348,338,331,339
SH3,Shallow,2,4,325,Nr,Nr,Nr,Nr,Nr,Nr,Nr,Nr,Nr,Nr,Nr,Nr,Nr,213,203,204,199,205,201,H,H,H,H,H,H,H,Nr,218,224,226,237,237,276,271,261,256,261,263,259,259,258,267,263,261,262,264,268,271,270,271,276,272,272,Nr,274,276,295,298,318,311,325,330,333,331
SH3,Shallow,2,5,325,Nr,Nr,Nr,Nr,Nr,Nr,Nr,Nr,Nr,Nr,Nr,Nr,Nr,209,206,208,199,209,209,211,209,H,H,H,H,H,Nr,H,H,H,H,230,274,265,254,255,263,264,264,258,260,264,262,259,265,269,274,274,272,268,269,270,269,Nr,270,284,292,307,321,304,353,334,332,333
SH3,Shallow,2,6,325,Nr,Nr,Nr,Nr,Nr,Nr,Nr,Nr,Nr,Nr,Nr,Nr,Nr,208,209,212,208,214,215,215,215,219,216,215,216,217,Nr,225,222,222,233,235,270,257,273,273,272,270,277,267,269,243,281,277,271,228,270,231,276,231,233,270,270,Nr,270,241,278,298,313,295,355,332,322,325
SH3,Shallow,2,7,325,Nr,Nr,Nr,Nr,Nr,Nr,Nr,Nr,Nr,Nr,Nr,Nr,Nr,209,209,214,211,213,217,215,217,224,216,219,219,219,Nr,231,226,229,235,239,275,264,273,269,265,266,274,265,257,268,268,261,239,239,268,241,243,227,242,264,263,Nr,269,278,270,290,309,H,348,335,335,344
SH3,Shallow,2,8,325,Nr,Nr,Nr,Nr,Nr,Nr,Nr,Nr,Nr,Nr,Nr,Nr,Nr,214,214,217,214,216,216,216,217,222,218,217,218,219,Nr,228,228,226,222,H,273,261,262,255,259,252,264,258,257,264,258,263,263,263,263,269,267,263,269,269,263,Nr,274,287,291,289,313,307,348,335,322,339
SH3,Shallow,2,9,325,Nr,Nr,Nr,Nr,Nr,Nr,Nr,Nr,Nr,Nr,Nr,Nr,Nr,208,208,214,206,216,216,216,213,223,218,217,219,223,Nr,230,229,232,228,244,274,265,265,262,264,270,268,264,260,271,267,264,268,260,266,270,265,270,269,278,271,Nr,274,291,281,295,318,309,349,332,333,336
SH3,Shallow,3,1,355,Nr,Nr,Nr,Nr,Nr,Nr,Nr,Nr,Nr,Nr,Nr,Nr,Nr,198,203,199,199,202,203,203,205,202,203,201,200,202,Nr,198,205,H,214,206,272,260,260,261,255,255,266,260,270,270,277,277,280,275,274,280,276,280,281,281,281,Nr,282,284,Bd,Nr,Nr,Nr,Nr,Nr,Nr,Nr
SH3,Shallow,3,2,355,Nr,Nr,Nr,Nr,Nr,Nr,Nr,Nr,Nr,Nr,Nr,Nr,Nr,198,210,202,204,H,H,H,H,H,H,H,H,H,Nr,H,H,H,222,225,275,271,272,270,265,274,279,265,274,269,249,271,278,278,284,283,280,285,284,285,280,Nr,285,287,Bd,Nr,Nr,Nr,Nr,Nr,Nr,Nr
SH3,Shallow,3,3,355,Nr,Nr,Nr,Nr,Nr,Nr,Nr,Nr,Nr,Nr,Nr,Nr,Nr,201,202,201,201,206,202,207,209,213,H,211,211,212.5,Nr,211,219,215,225,226,277,280,271,268,265,273,265,262,267,268,269,275,281,285,284,285,281,281,285,282,285,Nr,279,255,Bd,Nr,Nr,Nr,Nr,Nr,Nr,Nr
SH3,Shallow,3,4,355,Nr,Nr,Nr,Nr,Nr,Nr,Nr,Nr,Nr,Nr,Nr,Nr,Nr,182,196,H,H,H,H,H,H,H,H,H,H,H,Nr,H,H,213,222,227,271,265,270,244,261,245,227,249,258,269,272,272,283,281,284,281,278,278,281,284,286,Nr,253,285,Bd,Nr,Nr,Nr,Nr,Nr,Nr,Nr
SH3,Shallow,3,5,355,Nr,Nr,Nr,Nr,Nr,Nr,Nr,Nr,Nr,Nr,Nr,Nr,Nr,196,205,204,201,203,207,211,210,217,217,221,220,H,Nr,221,222,220,229,230,278,270,277,264,261,264,264,264,265,267,269,277,278,279,284,284,279,278,283,288,289,Nr,288,294,Bd,Nr,Nr,Nr,Nr,Nr,Nr,Nr
SH3,Shallow,3,6,355,Nr,Nr,Nr,Nr,Nr,Nr,Nr,Nr,Nr,Nr,Nr,Nr,Nr,192,204,202,196,H,211,210,209,216,214,216,217,218,Nr,221,221,221,227,227,M,271,269,265,264,267,262,264,257,270,268,278,283,269,291,287,280,280,284,286,283,Nr,283,292,Bd,Nr,Nr,Nr,Nr,Nr,Nr,Nr
SH3,Shallow,3,7,355,Nr,Nr,Nr,Nr,Nr,Nr,Nr,Nr,Nr,Nr,Nr,Nr,Nr,203,211,208,202,208,215,213,213,214,211,214,210,218,Nr,221,218,223,221,219,M,272,271,269,262,262,253,248,257,259,255,274,276,269,276,278,273,277,286,289,291,Nr,284,283,Bd,Nr,Nr,Nr,Nr,Nr,Nr,Nr
SH3,Shallow,3,8,355,Nr,Nr,Nr,Nr,Nr,Nr,Nr,Nr,Nr,Nr,Nr,Nr,Nr,204,205,205,202,207,214,211,215,212,210,211,208,216,Nr,222,220,225,H,221,M,273,278,267,267,265,266,260,269,270,268,275,274,270,273,275,273,274,282,289,286,Nr,287,287,Bd,Nr,Nr,Nr,Nr,Nr,Nr,Nr
SH3,Shallow,3,9,355,Nr,Nr,Nr,Nr,Nr,Nr,Nr,Nr,Nr,Nr,Nr,Nr,Nr,201,217,213,207,210,210,213,219,217,211,221,216,211,Nr,221,216,222,222,220,M,271,273,266,263,266,269,269,271,272,278,279,279,278,281,278,278,266,284,286,284,Nr,281,291,Bd,Nr,Nr,Nr,Nr,Nr,Nr,Nr
SH3,Shallow,3,1,85,Nr,Nr,Nr,Nr,Nr,Nr,Nr,Nr,Nr,Nr,Nr,Nr,Nr,198,198,199,195,196,197,201,202,201,195,198,202,198,Nr,198,200,203,215,209,260,262,268,263,255,260,260,256,272,275,273,271,275,281,279,275,280,280,279,285,279,Nr,289,293,Bd,Nr,Nr,Nr,Nr,Nr,Nr,Nr
SH3,Shallow,3,2,85,Nr,Nr,Nr,Nr,Nr,Nr,Nr,Nr,Nr,Nr,Nr,Nr,Nr,210,212,210,210,209,213,212,213,213,210,208,206,210,Nr,211,208,211,220,218,272,265,269,272,264,271,275,271,274,274,275,275,275,281,284,279,284,290,279,284,282,Nr,293,298,Bd,Nr,Nr,Nr,Nr,Nr,Nr,Nr
SH3,Shallow,3,3,85,Nr,Nr,Nr,Nr,Nr,Nr,Nr,Nr,Nr,Nr,Nr,Nr,Nr,210,212,210,207,205,209,211,214,210,209,210,208,210,Nr,209.5,207,213,222,218,272,273,269,268,266,268,268,263,269,273,275,286,274,285,276,274,278,285,286,283,252,Nr,291,296,Bd,Nr,Nr,Nr,Nr,Nr,Nr,Nr
SH3,Shallow,3,4,85,Nr,Nr,Nr,Nr,Nr,Nr,Nr,Nr,Nr,Nr,Nr,Nr,Nr,207,207,205,202,206,210,210,212,210,211,209,208,211,Nr,209,210,214,218,220,277,273,270,267,270,273,268,268,271,278,274,275,271,280,277,272,273,274,287,293,284,Nr,292,253,Bd,Nr,Nr,Nr,Nr,Nr,Nr,Nr
SH3,Shallow,3,5,85,Nr,Nr,Nr,Nr,Nr,Nr,Nr,Nr,Nr,Nr,Nr,Nr,Nr,208,208,206,201,203,H,H,H,H,206,210,207,209,Nr,216,212,214,212,217,281,274,266,265,269,267,270,265,271,274,278,278,256,280,288,278,283,284,289,293,292,Nr,295,299,Bd,Nr,Nr,Nr,Nr,Nr,Nr,Nr
SH3,Shallow,3,6,85,Nr,Nr,Nr,Nr,Nr,Nr,Nr,Nr,Nr,Nr,Nr,Nr,Nr,209,208,206,194,206,212,214,212,216,210,214,211,213,Nr,215,214,219,221,224,275,274,267,268,271,272,267,270,278,270,280,301,278,282,284,280,288,288,285,296,288,Nr,299,295,Bd,Nr,Nr,Nr,Nr,Nr,Nr,Nr
SH3,Shallow,3,7,85,Nr,Nr,Nr,Nr,Nr,Nr,Nr,Nr,Nr,Nr,Nr,Nr,Nr,212,212,217,211,212,214,214,213,215,213,215,213,214,Nr,220,218,215,227,221,282,277,275,274,274,274,272,271,278,280,274,276,278,280,284,279,285,283,288,291,288,Nr,294,297,Bd,Nr,Nr,Nr,Nr,Nr,Nr,Nr
SH3,Shallow,3,8,85,Nr,Nr,Nr,Nr,Nr,Nr,Nr,Nr,Nr,Nr,Nr,Nr,Nr,217,219,213,H,211,213,214,219,216,212,213,211,215,Nr,219,213,218,224,221,281,264,277,285,276,275,274,279,283,282,279,274,275,270,277,254,266,277,282,282,287,Nr,298,294,Bd,Nr,Nr,Nr,Nr,Nr,Nr,Nr
SH3,Shallow,3,9,85,Nr,Nr,Nr,Nr,Nr,Nr,Nr,Nr,Nr,Nr,Nr,Nr,Nr,211,215,210,H,210,214,212,217,217,211,215,213,214,Nr,218,214,220,230,222,274,270,276,279,274,282,283,280,284,281,279,277,280,283,281,274,284,284,284,294,289,Nr,300,300,Bd,Nr,Nr,Nr,Nr,Nr,Nr,Nr
SH3,Shallow,3,1,130,Nr,Nr,Nr,Nr,Nr,Nr,Nr,Nr,Nr,Nr,Nr,Nr,Nr,R,R,R,R,R,R,R,H,H,R,H,R,R,Nr,R,R,H,R,R,H,280,272,277,269,268,260,241,263,223,218,224,220,195,224,222,231,221,285,250,240,Nr,277,242,Bd,Nr,Nr,Nr,Nr,Nr,Nr,Nr
SH3,Shallow,3,2,130,Nr,Nr,Nr,Nr,Nr,Nr,Nr,Nr,Nr,Nr,Nr,Nr,Nr,204,210,218,218,214,213,216,216,H,H,213,213,213,Nr,216,219,225,222,219,285,284,H,273,264,274,272,270,272,274,284,282,283,280,292,294,283,285,284,293,288,Nr,293,290,Bd,Nr,Nr,Nr,Nr,Nr,Nr,Nr
SH3,Shallow,3,3,130,Nr,Nr,Nr,Nr,Nr,Nr,Nr,Nr,Nr,Nr,Nr,Nr,Nr,209,213,216,213,214,216,220,217,216,212,215,215,214,Nr,220,221,217,223,223,281,286,283,279,270,283,268,268,279,280,281,278,277,275,286,287,284,282,285,287,291,Nr,294,294,Bd,Nr,Nr,Nr,Nr,Nr,Nr,Nr
SH3,Shallow,3,4,130,Nr,Nr,Nr,Nr,Nr,Nr,Nr,Nr,Nr,Nr,Nr,Nr,Nr,214,217,218,211,213,213,217,218,215,212,214,212,216,Nr,214,219,215,219,221,281,279,278,277,269,271,266,271,287,279,277,278,277,273,286,289,283,295,286,288,292,Nr,268,291,Bd,Nr,Nr,Nr,Nr,Nr,Nr,Nr
SH3,Shallow,3,5,130,Nr,Nr,Nr,Nr,Nr,Nr,Nr,Nr,Nr,Nr,Nr,Nr,Nr,214,216,216,211,213,214,216,219,220,214,213,214,217,Nr,214,220,215,228,223,H,281,279,273,272,271,271,274,274,275,282,278,276,277,292,297,284,284,292,298,284,Nr,299,295,Bd,Nr,Nr,Nr,Nr,Nr,Nr,Nr
SH3,Shallow,3,6,130,Nr,Nr,Nr,Nr,Nr,Nr,Nr,Nr,Nr,Nr,Nr,Nr,Nr,205,216,216,213,211,215,213,221,223,220,217,218,217,Nr,218,R,217,224,223,277,280,276,277,278,270,278,263,274,278,280,277,282,278,287,288,288,287,292,293,294,Nr,293,290,Bd,Nr,Nr,Nr,Nr,Nr,Nr,Nr
SH3,Shallow,3,7,130,Nr,Nr,Nr,Nr,Nr,Nr,Nr,Nr,Nr,Nr,Nr,Nr,Nr,209,211,212,207,H,H,H,H,H,H,H,H,H,Nr,H,H,216,H,H,276,267,275,275,275,278,279,274,269,280,280,279,280,263,288,295,290,286,279,292,291,Nr,295,297,Bd,Nr,Nr,Nr,Nr,Nr,Nr,Nr
SH3,Shallow,3,8,130,Nr,Nr,Nr,Nr,Nr,Nr,Nr,Nr,Nr,Nr,Nr,Nr,Nr,206,207,208,205,209,210,215,210,216,212,210,208,212,Nr,213,214,219,229,222,279,264,276,284,275,276,277,272,274,281,277,277,279,278,284,292,286,285,284,289,291,Nr,292,296,Bd,Nr,Nr,Nr,Nr,Nr,Nr,Nr
SH3,Shallow,3,9,130,Nr,Nr,Nr,Nr,Nr,Nr,Nr,Nr,Nr,Nr,Nr,Nr,Nr,210,211,213,210,211,212,214,215,H,212,210,213,212,Nr,210,208,213,218,221,278,276,280,282,279,279,279,279,271,275,278,277,279,279,291,294,288,289,293,292,296,Nr,294,296,Bd,Nr,Nr,Nr,Nr,Nr,Nr,Nr
SH3,Shallow,3,1,220,Nr,Nr,Nr,Nr,Nr,Nr,Nr,Nr,Nr,Nr,Nr,Nr,Nr,198,193,194,H,H,H,H,H,H,198,H,H,H,Nr,H,H,H,205,H,249,259,259,260,260,264,237,242,252,262,277,268,265,269,273,274,272,268,272,275,276,Nr,281,290,Bd,Nr,Nr,Nr,Nr,Nr,Nr,Nr
SH3,Shallow,3,2,220,Nr,Nr,Nr,Nr,Nr,Nr,Nr,Nr,Nr,Nr,Nr,Nr,Nr,206,211,209,208,212,213,211,211,214,212,212,211,212,Nr,216,221,213,221,217,262,272,257,250,247,273,267,261,256,274,269,271,267,264,269,275,280,269,275,272,249,Nr,278,286,Bd,Nr,Nr,Nr,Nr,Nr,Nr,Nr
SH3,Shallow,3,3,220,Nr,Nr,Nr,Nr,Nr,Nr,Nr,Nr,Nr,Nr,Nr,Nr,Nr,211,220,216,209,217,215,H,214,216,214,215,214,215,Nr,219,222,214,219,H,259,277,271,271,269,271,264,267,269,272,273,274,273,270,274,274,275,278,272,283,279,Nr,283,281,Bd,Nr,Nr,Nr,Nr,Nr,Nr,Nr
SH3,Shallow,3,4,220,Nr,Nr,Nr,Nr,Nr,Nr,Nr,Nr,Nr,Nr,Nr,Nr,Nr,211,213,212,210,214,211,214,212,217,212,211,213,213,Nr,216,220,213,215,216,257,275,268,268,268,274,261,267,265,273,274,275,273,269,272,273,273,274,274,287,280,Nr,282,283,Bd,Nr,Nr,Nr,Nr,Nr,Nr,Nr
SH3,Shallow,3,5,220,Nr,Nr,Nr,Nr,Nr,Nr,Nr,Nr,Nr,Nr,Nr,Nr,Nr,213,215,214,210,214,213,213,212,217,212,214,211,215,Nr,215,216,211,221,216,255,275,267,264,267,271,262,265,265,279,274,276,276,276,271,272,274,274,271,284,279,Nr,285,283,Bd,Nr,Nr,Nr,Nr,Nr,Nr,Nr
SH3,Shallow,3,6,220,Nr,Nr,Nr,Nr,Nr,Nr,Nr,Nr,Nr,Nr,Nr,Nr,Nr,208,210,211,207,212,212,212,210,217,210,210,210,212,Nr,216,213,206,218,216,254,278,271,269,270,270,261,263,267,275,259,270,236,274,279,274,277,248,273,272,273,Nr,284,284,Bd,Nr,Nr,Nr,Nr,Nr,Nr,Nr
SH3,Shallow,3,7,220,Nr,Nr,Nr,Nr,Nr,Nr,Nr,Nr,Nr,Nr,Nr,Nr,Nr,206,208,208,205,211,211,211,210,214,210,211,209,209,Nr,212,212,210,219,215,257,260,267,263,264,267,263,268,267,275,282,277,277,276,275,280,276,278,283,281,274,Nr,281,287,Bd,Nr,Nr,Nr,Nr,Nr,Nr,Nr
SH3,Shallow,3,8,220,Nr,Nr,Nr,Nr,Nr,Nr,Nr,Nr,Nr,Nr,Nr,Nr,Nr,204,207,204,201,205,207,209,209,214,205,208,206,207,Nr,209,211,207,215,214,258,266,265,262,269,268,265,270,268,274,271,275,274,279,279,277,274,282,281,281,281,Nr,287,289,Bd,Nr,Nr,Nr,Nr,Nr,Nr,Nr
SH3,Shallow,3,9,220,Nr,Nr,Nr,Nr,Nr,Nr,Nr,Nr,Nr,Nr,Nr,Nr,Nr,207,210,207,203,208,207,206,209,215,208,211,210,209,Nr,210,214,205,220,218,265,254,270,269,268,272,269,273,274,279,278,279,277,283,289,287,279,283,283,284,283,Nr,290,285,Bd,Nr,Nr,Nr,Nr,Nr,Nr,Nr
SH3,Shallow,3,1,new40,Nr,Nr,Nr,Nr,Nr,Nr,Nr,Nr,Nr,Nr,Nr,Nr,Nr,Nr,Nr,Nr,Nr,Nr,Nr,Nr,Nr,Nr,Nr,Nr,Nr,Nr,Nr,Nr,Nr,Nr,Nr,Nr,Nr,Nr,Nr,Nr,Nr,Nr,Nr,Nr,Nr,Nr,Nr,Nr,Nr,Nr,Nr,Nr,Nr,Nr,Nr,Nr,Nr,Nr,Nr,Nr,Nr,Bd,Bd,418,435,440,H,411
SH3,Shallow,3,2,new40,Nr,Nr,Nr,Nr,Nr,Nr,Nr,Nr,Nr,Nr,Nr,Nr,Nr,Nr,Nr,Nr,Nr,Nr,Nr,Nr,Nr,Nr,Nr,Nr,Nr,Nr,Nr,Nr,Nr,Nr,Nr,Nr,Nr,Nr,Nr,Nr,Nr,Nr,Nr,Nr,Nr,Nr,Nr,Nr,Nr,Nr,Nr,Nr,Nr,Nr,Nr,Nr,Nr,Nr,Nr,Nr,Nr,Bd,Bd,418,449,443,R,435
SH3,Shallow,3,3,new40,Nr,Nr,Nr,Nr,Nr,Nr,Nr,Nr,Nr,Nr,Nr,Nr,Nr,Nr,Nr,Nr,Nr,Nr,Nr,Nr,Nr,Nr,Nr,Nr,Nr,Nr,Nr,Nr,Nr,Nr,Nr,Nr,Nr,Nr,Nr,Nr,Nr,Nr,Nr,Nr,Nr,Nr,Nr,Nr,Nr,Nr,Nr,Nr,Nr,Nr,Nr,Nr,Nr,Nr,Nr,Nr,Nr,414,404,H,456,436,H,412
SH3,Shallow,3,4,new40,Nr,Nr,Nr,Nr,Nr,Nr,Nr,Nr,Nr,Nr,Nr,Nr,Nr,Nr,Nr,Nr,Nr,Nr,Nr,Nr,Nr,Nr,Nr,Nr,Nr,Nr,Nr,Nr,Nr,Nr,Nr,Nr,Nr,Nr,Nr,Nr,Nr,Nr,Nr,Nr,Nr,Nr,Nr,Nr,Nr,Nr,Nr,Nr,Nr,Nr,Nr,Nr,Nr,Nr,Nr,Nr,Nr,411,419,409,443,H,428,433
SH3,Shallow,3,5,new40,Nr,Nr,Nr,Nr,Nr,Nr,Nr,Nr,Nr,Nr,Nr,Nr,Nr,Nr,Nr,Nr,Nr,Nr,Nr,Nr,Nr,Nr,Nr,Nr,Nr,Nr,Nr,Nr,Nr,Nr,Nr,Nr,Nr,Nr,Nr,Nr,Nr,Nr,Nr,Nr,Nr,Nr,Nr,Nr,Nr,Nr,Nr,Nr,Nr,Nr,Nr,Nr,Nr,Nr,Nr,Nr,Nr,415,Bd,411,455,445,419,437
SH3,Shallow,3,6,new40,Nr,Nr,Nr,Nr,Nr,Nr,Nr,Nr,Nr,Nr,Nr,Nr,Nr,Nr,Nr,Nr,Nr,Nr,Nr,Nr,Nr,Nr,Nr,Nr,Nr,Nr,Nr,Nr,Nr,Nr,Nr,Nr,Nr,Nr,Nr,Nr,Nr,Nr,Nr,Nr,Nr,Nr,Nr,Nr,Nr,Nr,Nr,Nr,Nr,Nr,Nr,Nr,Nr,Nr,Nr,Nr,Nr,Bd,412,410,450,446,440,450
SH3,Shallow,3,7,new40,Nr,Nr,Nr,Nr,Nr,Nr,Nr,Nr,Nr,Nr,Nr,Nr,Nr,Nr,Nr,Nr,Nr,Nr,Nr,Nr,Nr,Nr,Nr,Nr,Nr,Nr,Nr,Nr,Nr,Nr,Nr,Nr,Nr,Nr,Nr,Nr,Nr,Nr,Nr,Nr,Nr,Nr,Nr,Nr,Nr,Nr,Nr,Nr,Nr,Nr,Nr,Nr,Nr,Nr,Nr,Nr,Nr,405,414,413,460,445,432,434
SH3,Shallow,3,8,new40,Nr,Nr,Nr,Nr,Nr,Nr,Nr,Nr,Nr,Nr,Nr,Nr,Nr,Nr,Nr,Nr,Nr,Nr,Nr,Nr,Nr,Nr,Nr,Nr,Nr,Nr,Nr,Nr,Nr,Nr,Nr,Nr,Nr,Nr,Nr,Nr,Nr,Nr,Nr,Nr,Nr,Nr,Nr,Nr,Nr,Nr,Nr,Nr,Nr,Nr,Nr,Nr,Nr,Nr,Nr,Nr,Nr,407,414,414,446,439,445,449
SH3,Shallow,3,9,new40,Nr,Nr,Nr,Nr,Nr,Nr,Nr,Nr,Nr,Nr,Nr,Nr,Nr,Nr,Nr,Nr,Nr,Nr,Nr,Nr,Nr,Nr,Nr,Nr,Nr,Nr,Nr,Nr,Nr,Nr,Nr,Nr,Nr,Nr,Nr,Nr,Nr,Nr,Nr,Nr,Nr,Nr,Nr,Nr,Nr,Nr,Nr,Nr,Nr,Nr,Nr,Nr,Nr,Nr,Nr,Nr,Nr,407,415,409,450,442,438,449
SH3,Shallow,3,1,new320,Nr,Nr,Nr,Nr,Nr,Nr,Nr,Nr,Nr,Nr,Nr,Nr,Nr,Nr,Nr,Nr,Nr,Nr,Nr,Nr,Nr,Nr,Nr,Nr,Nr,Nr,Nr,Nr,Nr,Nr,Nr,Nr,Nr,Nr,Nr,Nr,Nr,Nr,Nr,Nr,Nr,Nr,Nr,Nr,Nr,Nr,Nr,Nr,Nr,Nr,Nr,Nr,Nr,Nr,Nr,Nr,Nr,389,403,411,440,430,442,443
SH3,Shallow,3,2,new320,Nr,Nr,Nr,Nr,Nr,Nr,Nr,Nr,Nr,Nr,Nr,Nr,Nr,Nr,Nr,Nr,Nr,Nr,Nr,Nr,Nr,Nr,Nr,Nr,Nr,Nr,Nr,Nr,Nr,Nr,Nr,Nr,Nr,Nr,Nr,Nr,Nr,Nr,Nr,Nr,Nr,Nr,Nr,Nr,Nr,Nr,Nr,Nr,Nr,Nr,Nr,Nr,Nr,Nr,Nr,Nr,Nr,391,403,412,444,439,443,444
SH3,Shallow,3,3,new320,Nr,Nr,Nr,Nr,Nr,Nr,Nr,Nr,Nr,Nr,Nr,Nr,Nr,Nr,Nr,Nr,Nr,Nr,Nr,Nr,Nr,Nr,Nr,Nr,Nr,Nr,Nr,Nr,Nr,Nr,Nr,Nr,Nr,Nr,Nr,Nr,Nr,Nr,Nr,Nr,Nr,Nr,Nr,Nr,Nr,Nr,Nr,Nr,Nr,Nr,Nr,Nr,Nr,Nr,Nr,Nr,Nr,387,402,403,446,433,451,452
SH3,Shallow,3,4,new320,Nr,Nr,Nr,Nr,Nr,Nr,Nr,Nr,Nr,Nr,Nr,Nr,Nr,Nr,Nr,Nr,Nr,Nr,Nr,Nr,Nr,Nr,Nr,Nr,Nr,Nr,Nr,Nr,Nr,Nr,Nr,Nr,Nr,Nr,Nr,Nr,Nr,Nr,Nr,Nr,Nr,Nr,Nr,Nr,Nr,Nr,Nr,Nr,Nr,Nr,Nr,Nr,Nr,Nr,Nr,Nr,Nr,391,405,D,436,437,443,452
SH3,Shallow,3,5,new320,Nr,Nr,Nr,Nr,Nr,Nr,Nr,Nr,Nr,Nr,Nr,Nr,Nr,Nr,Nr,Nr,Nr,Nr,Nr,Nr,Nr,Nr,Nr,Nr,Nr,Nr,Nr,Nr,Nr,Nr,Nr,Nr,Nr,Nr,Nr,Nr,Nr,Nr,Nr,Nr,Nr,Nr,Nr,Nr,Nr,Nr,Nr,Nr,Nr,Nr,Nr,Nr,Nr,Nr,Nr,Nr,Nr,399,410,424,432,433,448,458
SH3,Shallow,3,6,new320,Nr,Nr,Nr,Nr,Nr,Nr,Nr,Nr,Nr,Nr,Nr,Nr,Nr,Nr,Nr,Nr,Nr,Nr,Nr,Nr,Nr,Nr,Nr,Nr,Nr,Nr,Nr,Nr,Nr,Nr,Nr,Nr,Nr,Nr,Nr,Nr,Nr,Nr,Nr,Nr,Nr,Nr,Nr,Nr,Nr,Nr,Nr,Nr,Nr,Nr,Nr,Nr,Nr,Nr,Nr,Nr,Nr,402,413,421,441,433,446,458
SH3,Shallow,3,7,new320,Nr,Nr,Nr,Nr,Nr,Nr,Nr,Nr,Nr,Nr,Nr,Nr,Nr,Nr,Nr,Nr,Nr,Nr,Nr,Nr,Nr,Nr,Nr,Nr,Nr,Nr,Nr,Nr,Nr,Nr,Nr,Nr,Nr,Nr,Nr,Nr,Nr,Nr,Nr,Nr,Nr,Nr,Nr,Nr,Nr,Nr,Nr,Nr,Nr,Nr,Nr,Nr,Nr,Nr,Nr,Nr,Nr,377,407,424,443,436,446,451
SH3,Shallow,3,8,new320,Nr,Nr,Nr,Nr,Nr,Nr,Nr,Nr,Nr,Nr,Nr,Nr,Nr,Nr,Nr,Nr,Nr,Nr,Nr,Nr,Nr,Nr,Nr,Nr,Nr,Nr,Nr,Nr,Nr,Nr,Nr,Nr,Nr,Nr,Nr,Nr,Nr,Nr,Nr,Nr,Nr,Nr,Nr,Nr,Nr,Nr,Nr,Nr,Nr,Nr,Nr,Nr,Nr,Nr,Nr,Nr,Nr,391,407,H,446,437,445,450
SH3,Shallow,3,9,new320,Nr,Nr,Nr,Nr,Nr,Nr,Nr,Nr,Nr,Nr,Nr,Nr,Nr,Nr,Nr,Nr,Nr,Nr,Nr,Nr,Nr,Nr,Nr,Nr,Nr,Nr,Nr,Nr,Nr,Nr,Nr,Nr,Nr,Nr,Nr,Nr,Nr,Nr,Nr,Nr,Nr,Nr,Nr,Nr,Nr,Nr,Nr,Nr,Nr,Nr,Nr,Nr,Nr,Nr,Nr,Nr,Nr,403,418,407,451,438,433,448
SH3,Shallow,3,1,new130,Nr,Nr,Nr,Nr,Nr,Nr,Nr,Nr,Nr,Nr,Nr,Nr,Nr,Nr,Nr,Nr,Nr,Nr,Nr,Nr,Nr,Nr,Nr,Nr,Nr,Nr,Nr,Nr,Nr,Nr,Nr,Nr,Nr,Nr,Nr,Nr,Nr,Nr,Nr,Nr,Nr,Nr,Nr,Nr,Nr,Nr,Nr,Nr,Nr,Nr,Nr,Nr,Nr,Nr,Nr,Nr,Nr,376,406,416,451,442,H,423
SH3,Shallow,3,2,new130,Nr,Nr,Nr,Nr,Nr,Nr,Nr,Nr,Nr,Nr,Nr,Nr,Nr,Nr,Nr,Nr,Nr,Nr,Nr,Nr,Nr,Nr,Nr,Nr,Nr,Nr,Nr,Nr,Nr,Nr,Nr,Nr,Nr,Nr,Nr,Nr,Nr,Nr,Nr,Nr,Nr,Nr,Nr,Nr,Nr,Nr,Nr,Nr,Nr,Nr,Nr,Nr,Nr,Nr,Nr,Nr,Nr,421,426,419,451,445,H,423
SH3,Shallow,3,3,new130,Nr,Nr,Nr,Nr,Nr,Nr,Nr,Nr,Nr,Nr,Nr,Nr,Nr,Nr,Nr,Nr,Nr,Nr,Nr,Nr,Nr,Nr,Nr,Nr,Nr,Nr,Nr,Nr,Nr,Nr,Nr,Nr,Nr,Nr,Nr,Nr,Nr,Nr,Nr,Nr,Nr,Nr,Nr,Nr,Nr,Nr,Nr,Nr,Nr,Nr,Nr,Nr,Nr,Nr,Nr,Nr,Nr,418,425,426,452,440,445,445
SH3,Shallow,3,4,new130,Nr,Nr,Nr,Nr,Nr,Nr,Nr,Nr,Nr,Nr,Nr,Nr,Nr,Nr,Nr,Nr,Nr,Nr,Nr,Nr,Nr,Nr,Nr,Nr,Nr,Nr,Nr,Nr,Nr,Nr,Nr,Nr,Nr,Nr,Nr,Nr,Nr,Nr,Nr,Nr,Nr,Nr,Nr,Nr,Nr,Nr,Nr,Nr,Nr,Nr,Nr,Nr,Nr,Nr,Nr,Nr,Nr,418,417,422,473,445,446,436
SH3,Shallow,3,5,new130,Nr,Nr,Nr,Nr,Nr,Nr,Nr,Nr,Nr,Nr,Nr,Nr,Nr,Nr,Nr,Nr,Nr,Nr,Nr,Nr,Nr,Nr,Nr,Nr,Nr,Nr,Nr,Nr,Nr,Nr,Nr,Nr,Nr,Nr,Nr,Nr,Nr,Nr,Nr,Nr,Nr,Nr,Nr,Nr,Nr,Nr,Nr,Nr,Nr,Nr,Nr,Nr,Nr,Nr,Nr,Nr,Nr,425,420,421,461,454,427,448
SH3,Shallow,3,6,new130,Nr,Nr,Nr,Nr,Nr,Nr,Nr,Nr,Nr,Nr,Nr,Nr,Nr,Nr,Nr,Nr,Nr,Nr,Nr,Nr,Nr,Nr,Nr,Nr,Nr,Nr,Nr,Nr,Nr,Nr,Nr,Nr,Nr,Nr,Nr,Nr,Nr,Nr,Nr,Nr,Nr,Nr,Nr,Nr,Nr,Nr,Nr,Nr,Nr,Nr,Nr,Nr,Nr,Nr,Nr,Nr,Nr,419,422,422,454,459,442,448
SH3,Shallow,3,7,new130,Nr,Nr,Nr,Nr,Nr,Nr,Nr,Nr,Nr,Nr,Nr,Nr,Nr,Nr,Nr,Nr,Nr,Nr,Nr,Nr,Nr,Nr,Nr,Nr,Nr,Nr,Nr,Nr,Nr,Nr,Nr,Nr,Nr,Nr,Nr,Nr,Nr,Nr,Nr,Nr,Nr,Nr,Nr,Nr,Nr,Nr,Nr,Nr,Nr,Nr,Nr,Nr,Nr,Nr,Nr,Nr,Nr,419,420,416,453,447,453,445
SH3,Shallow,3,8,new130,Nr,Nr,Nr,Nr,Nr,Nr,Nr,Nr,Nr,Nr,Nr,Nr,Nr,Nr,Nr,Nr,Nr,Nr,Nr,Nr,Nr,Nr,Nr,Nr,Nr,Nr,Nr,Nr,Nr,Nr,Nr,Nr,Nr,Nr,Nr,Nr,Nr,Nr,Nr,Nr,Nr,Nr,Nr,Nr,Nr,Nr,Nr,Nr,Nr,Nr,Nr,Nr,Nr,Nr,Nr,Nr,Nr,417,422,418,464,H,443,450
SH3,Shallow,3,9,new130,Nr,Nr,Nr,Nr,Nr,Nr,Nr,Nr,Nr,Nr,Nr,Nr,Nr,Nr,Nr,Nr,Nr,Nr,Nr,Nr,Nr,Nr,Nr,Nr,Nr,Nr,Nr,Nr,Nr,Nr,Nr,Nr,Nr,Nr,Nr,Nr,Nr,Nr,Nr,Nr,Nr,Nr,Nr,Nr,Nr,Nr,Nr,Nr,Nr,Nr,Nr,Nr,Nr,Nr,Nr,Nr,Nr,418,423,421,461,445,441,442
SH3,Shallow,3,1,new220,Nr,Nr,Nr,Nr,Nr,Nr,Nr,Nr,Nr,Nr,Nr,Nr,Nr,Nr,Nr,Nr,Nr,Nr,Nr,Nr,Nr,Nr,Nr,Nr,Nr,Nr,Nr,Nr,Nr,Nr,Nr,Nr,Nr,Nr,Nr,Nr,Nr,Nr,Nr,Nr,Nr,Nr,Nr,Nr,Nr,Nr,Nr,Nr,Nr,Nr,Nr,Nr,Nr,Nr,Nr,Nr,Nr,405,415,410,444,443,452,449
SH3,Shallow,3,2,new220,Nr,Nr,Nr,Nr,Nr,Nr,Nr,Nr,Nr,Nr,Nr,Nr,Nr,Nr,Nr,Nr,Nr,Nr,Nr,Nr,Nr,Nr,Nr,Nr,Nr,Nr,Nr,Nr,Nr,Nr,Nr,Nr,Nr,Nr,Nr,Nr,Nr,Nr,Nr,Nr,Nr,Nr,Nr,Nr,Nr,Nr,Nr,Nr,Nr,Nr,Nr,Nr,Nr,Nr,Nr,Nr,Nr,363,348,415,448,443,457,451
SH3,Shallow,3,3,new220,Nr,Nr,Nr,Nr,Nr,Nr,Nr,Nr,Nr,Nr,Nr,Nr,Nr,Nr,Nr,Nr,Nr,Nr,Nr,Nr,Nr,Nr,Nr,Nr,Nr,Nr,Nr,Nr,Nr,Nr,Nr,Nr,Nr,Nr,Nr,Nr,Nr,Nr,Nr,Nr,Nr,Nr,Nr,Nr,Nr,Nr,Nr,Nr,Nr,Nr,Nr,Nr,Nr,Nr,Nr,Nr,Nr,404,421,416,442,443,456,447
SH3,Shallow,3,4,new220,Nr,Nr,Nr,Nr,Nr,Nr,Nr,Nr,Nr,Nr,Nr,Nr,Nr,Nr,Nr,Nr,Nr,Nr,Nr,Nr,Nr,Nr,Nr,Nr,Nr,Nr,Nr,Nr,Nr,Nr,Nr,Nr,Nr,Nr,Nr,Nr,Nr,Nr,Nr,Nr,Nr,Nr,Nr,Nr,Nr,Nr,Nr,Nr,Nr,Nr,Nr,Nr,Nr,Nr,Nr,Nr,Nr,403,419,421,447,444,449,447
SH3,Shallow,3,5,new220,Nr,Nr,Nr,Nr,Nr,Nr,Nr,Nr,Nr,Nr,Nr,Nr,Nr,Nr,Nr,Nr,Nr,Nr,Nr,Nr,Nr,Nr,Nr,Nr,Nr,Nr,Nr,Nr,Nr,Nr,Nr,Nr,Nr,Nr,Nr,Nr,Nr,Nr,Nr,Nr,Nr,Nr,Nr,Nr,Nr,Nr,Nr,Nr,Nr,Nr,Nr,Nr,Nr,Nr,Nr,Nr,Nr,402,417,423,429,443,441,447
SH3,Shallow,3,6,new220,Nr,Nr,Nr,Nr,Nr,Nr,Nr,Nr,Nr,Nr,Nr,Nr,Nr,Nr,Nr,Nr,Nr,Nr,Nr,Nr,Nr,Nr,Nr,Nr,Nr,Nr,Nr,Nr,Nr,Nr,Nr,Nr,Nr,Nr,Nr,Nr,Nr,Nr,Nr,Nr,Nr,Nr,Nr,Nr,Nr,Nr,Nr,Nr,Nr,Nr,Nr,Nr,Nr,Nr,Nr,Nr,Nr,404,415,421,446,445,444,448
SH3,Shallow,3,7,new220,Nr,Nr,Nr,Nr,Nr,Nr,Nr,Nr,Nr,Nr,Nr,Nr,Nr,Nr,Nr,Nr,Nr,Nr,Nr,Nr,Nr,Nr,Nr,Nr,Nr,Nr,Nr,Nr,Nr,Nr,Nr,Nr,Nr,Nr,Nr,Nr,Nr,Nr,Nr,Nr,Nr,Nr,Nr,Nr,Nr,Nr,Nr,Nr,Nr,Nr,Nr,Nr,Nr,Nr,Nr,Nr,Nr,404,416,418,454,442,449,455
SH3,Shallow,3,8,new220,Nr,Nr,Nr,Nr,Nr,Nr,Nr,Nr,Nr,Nr,Nr,Nr,Nr,Nr,Nr,Nr,Nr,Nr,Nr,Nr,Nr,Nr,Nr,Nr,Nr,Nr,Nr,Nr,Nr,Nr,Nr,Nr,Nr,Nr,Nr,Nr,Nr,Nr,Nr,Nr,Nr,Nr,Nr,Nr,Nr,Nr,Nr,Nr,Nr,Nr,Nr,Nr,Nr,Nr,Nr,Nr,Nr,403,414,413,453,446,440,452
SH3,Shallow,3,9,new220,Nr,Nr,Nr,Nr,Nr,Nr,Nr,Nr,Nr,Nr,Nr,Nr,Nr,Nr,Nr,Nr,Nr,Nr,Nr,Nr,Nr,Nr,Nr,Nr,Nr,Nr,Nr,Nr,Nr,Nr,Nr,Nr,Nr,Nr,Nr,Nr,Nr,Nr,Nr,Nr,Nr,Nr,Nr,Nr,Nr,Nr,Nr,Nr,Nr,Nr,Nr,Nr,Nr,Nr,Nr,Nr,Nr,400,414,414,466,440,448,455
