Site,Type,SET,Pin,Azi,07_28_1998,10_26_1998,01_26_1999,07_16_1999,07_29_1999,10_28_1999,02_22_2000,07_20_2000,08_02_2000,10_16_2000,10_20_2000,01_16_2001,04_27_2001,08_10_2001,02_17_2002,04_15_2002,07_01_2002,10_24_2002,04_23_2003,05_07_2003,11_17_2003,02_24_2004,06_22_2004,07_20_2004,08_20_2004,02_14_2005,06_14_2005,11_08_2005,07_28_2006,12_11_2006,04_09_2007,08_01_2007,09_14_2007,10_16_2007,01_09_2008,04_09_2008,07_21_2008,10_30_2008,01_15_2009,04_15_2009,07_24_2009,10_22_2009,01_21_2010,04_19_2010,07_30_2010,10_26_2010,01_24_2011,04_07_2011,07_19_2011,10_26_2011,05_17_2013,09_09_2014,01_29_2016,09_20_2016,05_13_2017,12_07_2017,05_05_2018,12_12_2018,04_26_2019
BSC Forest,Original,1,1,75,456,437,439,Nr,454,437,442,Nr,438,R,Nr,429,431,396,424,422,441,408,448,Nr,421,452,R,417,Nr,455,455,458,457,446,428,457,Nr,394,443,431,434,433,428,446,435,429,439,436,438,447,430,431,435,447,444,438,450,453,453,464,462,476,449
BSC Forest,Original,1,2,75,464,449,451,Nr,440,433,439,Nr,446,439,Nr,435,432,433,441,435,433,422,430,Nr,442,440,434,440,Nr,443,442,458,451,445,444,436,Nr,430,426,429,424,438,433,438,432,424,423,434,437,433,431,434,439,433,443,444,450,453,442,449,463,472,468
BSC Forest,Original,1,3,75,456,438,443,Nr,430,428,430,Nr,451,430,Nr,424,421,419,427,419,425,422,428,Nr,429,427,430,436,Nr,439,428,454,450,442,438,453,Nr,430,427,434,426,432,424,429,436,424,428,432,437,438,428,430,438,438,448,448,451,453,444,460,467,477,454
BSC Forest,Original,1,4,75,448,436,436,Nr,422,432,436,Nr,438,426,Nr,428,423,H,419,418,381,427,433,Nr,428,430,R,394,Nr,451,449,443,446,416,437,434,Nr,383,427,414,441,444,435,438,444,439,435,438,437,439,436,432,438,439,445,447,450,447,443,449,475,470,462
BSC Forest,Original,1,5,75,450,433,435,Nr,418,434,430,Nr,438,438,Nr,428,420,427,435,428,427,427,432,Nr,429,434,410,402,Nr,459,448,447,451,438,435,445,Nr,435,430,436,439,438,429,427,431,431,431,442,433,434,440,434,434,434,451,443,448,446,451,453,470,461,458
BSC Forest,Original,1,6,75,451,433,434,Nr,434,433,442,Nr,440,435,Nr,432,427,438,437,429,432,424,432,Nr,431,434,434,433,Nr,441,433,454,452,440,437,444,Nr,434,430,437,435,431,428,432,414,437,439,448,441,441,433,434,440,441,446,445,447,446,448,469,464,475,462
BSC Forest,Original,1,7,75,451,429,432,Nr,418,427,H,Nr,448,430,Nr,446,438,445,446,440,441,426,431,Nr,431,426,416,419,Nr,450,443,460,438,442,446,450,Nr,426,427,425,435,421,427,431,436,430,437,437,442,436,436,431,448,436,454,442,458,449,450,466,469,453,447
BSC Forest,Original,1,8,75,449,431,428,Nr,433,422,430,Nr,434,432,Nr,426,421,431,425,421,430,425,430,Nr,428,425,430,419,Nr,448,445,448,445,441,438,438,Nr,429,424,431,436,425,427,429,433,431,438,435,441,439,436,435,436,439,445,439,446,443,450,449,475,464,438
BSC Forest,Original,1,9,75,442,431,434,Nr,433,428,H,Nr,440,432,Nr,433,425,435,427,431,428,428,428,Nr,425,430,430,421,Nr,439,433,452,416,439,445,446,Nr,431,413,436,435,426,426,423,399,428,432,438,438,435,437,432,437,435,446,444,440,440,444,477,473,467,463
BSC Forest,Original,1,1,205,469,447,441,Nr,452,445,456,Nr,440,441,Nr,434,435,436,468,454,448,459,448,Nr,427,440,437,417,Nr,467,464,484,467,453,449,448,Nr,439,446,454,440,433,433,436,431,447,439,437,427,446,437,436,435,446,442,441,458,449,450,Bd,468,463,453
BSC Forest,Original,1,2,205,469,448,452,Nr,445,445,458,Nr,456,453,Nr,451,H,427,R,460,446,445,439,Nr,457,457,446,446,Nr,459,463,485,480,438,443,452,Nr,450,432,441,437,439,449,452,436,432,429,432,437,447,441,444,444,447,450,442,451,444,453,Bd,472,475,475
BSC Forest,Original,1,3,205,459,429,446,Nr,458,437,440,Nr,445,441,Nr,442,442,419,441,428,432,428,427,Nr,435,438,432,419,Nr,436,449,476,457,429,446,454,Nr,438,430,429,435,439,438,442,439,441,426,434,433,442,413,434,431,442,446,445,447,451,446,Bd,468,490,485
BSC Forest,Original,1,4,205,446,450,444,Nr,427,434,437,Nr,441,444,Nr,458,463,454,465,460,458,462,464,Nr,456,452,454,418,Nr,470,450,485,475,452,460,457,Nr,443,439,443,442,433,430,441,444,446,434,438,426,443,436,434,438,443,454,448,451,452,451,Bd,457,462,476
BSC Forest,Original,1,5,205,450,441,443,Nr,446,436,441,Nr,442,466,Nr,449,453,447,460,437,447,442,448,Nr,441,443,440,439,Nr,467,453,474,455,445,448,447,Nr,441,410,420,427,450,451,451,434,442,448,439,436,444,440,436,440,444,458,440,451,450,444,Bd,476,458,469
BSC Forest,Original,1,6,205,449,452,441,Nr,446,444,444,Nr,451,453,Nr,446,439,442,444,435,434,427,446,Nr,433,432,P,418,Nr,444,448,458,450,447,449,454,Nr,436,423,433,435,439,443,449,399,438,430,435,439,456,447,441,434,456,450,444,441,449,459,Bd,458,462,469
BSC Forest,Original,1,7,205,456,440,441,Nr,447,434,439,Nr,447,456,Nr,455,453,455,459,452,464,452,456,Nr,453,452,449,444,Nr,447,444,484,467,456,463,468,Nr,446,440,441,441,440,427,443,443,459,441,445,440,449,434,442,440,449,448,442,445,450,465,Bd,456,467,469
BSC Forest,Original,1,8,205,454,448,442,Nr,452,437,444,Nr,442,443,Nr,454,444,441,442,435,436,437,431,Nr,434,446,438,434,Nr,452,450,474,454,454,459,449,Nr,445,427,434,434,442,432,444,450,450,445,446,437,445,436,433,442,445,456,449,440,453,455,Bd,459,465,466
BSC Forest,Original,1,9,205,454,446,436,Nr,451,437,443,Nr,443,R,Nr,448,434,441,449,431,410,406,427,Nr,434,440,442,442,Nr,442,446,469,452,450,446,448,Nr,440,421,442,423,432,429,434,442,448,412,428,440,450,446,441,445,450,445,440,448,455,H,Bd,R,469,479
BSC Forest,Original,1,1,250,449,437,437,Nr,437,434,437,Nr,446,440,Nr,437,437,439,439,437,433,428,434,Nr,435,443,438,R,Nr,450,435,446,451,445,439,448,Nr,447,437,430,438,440,435,442,450,449,439,437,439,448,442,447,451,448,453,437,447,453,455,Bd,477,467,475
BSC Forest,Original,1,2,250,457,442,442,Nr,444,445,448,Nr,448,446,Nr,450,445,445,445,441,439,435,438,Nr,453,437,449,439,Nr,458,439,455,450,442,447,456,Nr,447,440,437,442,440,439,446,451,462,409,437,449,459,454,459,464,459,457,469,460,450,452,Bd,482,471,481
BSC Forest,Original,1,3,250,458,444,438,Nr,442,448,455,Nr,444,443,Nr,449,444,439,446,441,434,426,437,Nr,436,441,438,436,Nr,459,450,462,455,433,446,446,Nr,442,441,438,447,446,439,446,441,452,444,441,451,448,448,440,447,448,452,459,459,448,449,Bd,464,465,490
BSC Forest,Original,1,4,250,456,436,443,Nr,442,443,438,Nr,440,441,Nr,431,438,441,431,430,433,423,429,Nr,436,431,426,431,Nr,412,431,440,445,443,437,445,Nr,443,432,443,440,435,414,418,439,438,420,418,427,448,444,452,448,448,456,439,452,449,460,Bd,469,464,480
BSC Forest,Original,1,5,250,457,448,446,Nr,452,448,443,Nr,447,442,Nr,453,444,435,442,438,435,432,436,Nr,415,431,422,440,Nr,452,441,451,448,445,447,449,Nr,456,445,442,444,430,434,442,441,451,438,439,448,447,438,448,449,447,448,445,451,461,459,Bd,465,465,476
BSC Forest,Original,1,6,250,455,444,444,Nr,449,433,442,Nr,447,438,Nr,443,433,443,441,436,435,430,441,Nr,455,444,439,436,Nr,463,441,465,462,444,446,468,Nr,444,442,448,456,435,440,448,444,459,433,449,452,453,444,444,453,453,450,450,452,460,459,Bd,465,476,480
BSC Forest,Original,1,7,250,453,440,440,Nr,437,438,436,Nr,438,435,Nr,434,431,441,439,435,R,440,436,Nr,450,441,445,440,Nr,444,444,453,451,439,445,449,Nr,454,439,449,421,446,443,450,426,439,434,435,451,456,440,447,423,456,455,462,453,459,459,Bd,464,475,467
BSC Forest,Original,1,8,250,R,R,R,Nr,R,R,R,Nr,R,R,Nr,R,R,R,R,R,R,R,R,Nr,R,R,R,461,Nr,R,458,463,452,440,446,454,Nr,462,438,437,441,411,401,441,442,446,433,439,438,438,432,441,439,438,450,453,452,453,453,Bd,469,482,476
BSC Forest,Original,1,9,250,454,442,429,Nr,H,446,R,Nr,R,R,Nr,437,438,H,438,428,R,430,R,Nr,448,R,R,426,Nr,465,448,468,448,465,459,463,Nr,439,432,444,455,421,434,447,444,450,448,438,449,452,437,445,448,452,459,445,460,449,458,Bd,465,478,486
BSC Forest,Original,1,1,340,470,460,458,Nr,454,448,450,Nr,446,434,Nr,442,434,438,440,433,437,425,378,Nr,432,416,412,419,Nr,439,420,458,440,434,428,431,Nr,429,417,423,429,420,422,427,423,429,434,427,437,438,441,434,434,438,440,464,453,450,475,476,471,463,482
BSC Forest,Original,1,2,340,454,451,458,Nr,438,437,441,Nr,443,443,Nr,444,437,443,444,438,437,432,442,Nr,431,426,R,421,Nr,430,430,459,431,438,412,422,Nr,427,422,422,427,418,424,433,429,423,426,429,436,437,437,435,435,437,463,459,456,444,R,474,479,461,479
BSC Forest,Original,1,3,340,458,450,449,Nr,428,447,452,Nr,443,436,Nr,443,H,436,440,430,428,439,436,Nr,432,417,415,416,Nr,445,420,455,440,433,407,418,Nr,426,416,416,417,415,417,429,424,424,432,427,439,438,435,431,442,438,448,453,450,457,452,470,479,473,478
BSC Forest,Original,1,4,340,467,470,446,Nr,431,431,448,Nr,441,437,Nr,432,445,428,441,435,428,418,433,Nr,424,416,R,428,Nr,439,424,450,439,440,433,439,Nr,429,431,431,426,428,428,433,430,424,431,427,436,438,434,437,441,438,452,454,454,458,469,461,472,450,464
BSC Forest,Original,1,5,340,476,462,457,Nr,460,452,454,Nr,446,432,Nr,445,444,434,447,422,427,438,440,Nr,432,416,414,418,Nr,415,421,447,436,428,418,427,Nr,427,420,426,422,414,394,424,428,419,427,433,431,434,436,437,430,434,447,449,447,450,R,478,R,463,R
BSC Forest,Original,1,6,340,464,448,465,Nr,459,445,445,Nr,442,439,Nr,438,439,434,428,427,423,428,430,Nr,427,424,416,422,Nr,427,430,455,444,417,416,422,Nr,428,414,402,406,419,420,429,422,427,429,423,438,435,433,436,443,435,447,447,451,451,444,480,481,462,472
BSC Forest,Original,1,7,340,494,472,473,Nr,445,434,436,Nr,439,442,Nr,442,437,434,432,432,440,413,424,Nr,380,422,415,409,Nr,432,427,449,435,417,404,414,Nr,429,428,431,438,411,432,439,438,423,431,382,427,440,432,436,437,440,454,457,449,452,452,472,468,452,470
BSC Forest,Original,1,8,340,468,455,455,Nr,482,432,441,Nr,439,428,Nr,420,411,425,428,435,416,417,421,Nr,412,434,410,420,Nr,443,428,449,436,429,412,427,Nr,427,415,424,422,421,426,433,427,423,426,413,433,438,434,433,437,438,458,445,447,448,455,473,466,463,R
BSC Forest,Original,1,9,340,474,454,455,Nr,456,440,452,Nr,453,435,Nr,427,435,422,426,410,418,414,425,Nr,418,425,401,419,Nr,423,411,422,437,427,413,421,Nr,420,414,426,417,416,413,426,427,428,429,425,430,429,432,431,438,429,459,447,448,451,459,471,481,465,487
BSC Forest,Original,2,1,140,425,408,416,Nr,421,430,419,Nr,425,424,Nr,424,424,441,426,421,419,419,424,Nr,428,432,428,432,Nr,436,436,433,427,421,421,427,Nr,418,419,418,417,409,402,414,422,430,430,428,439,437,435,433,441,437,440,457,446,446,442,463,455,447,447
BSC Forest,Original,2,2,140,429,413,417,Nr,420,434,434,Nr,423,427,Nr,419,417,D,426,422,420,415,423,Nr,427,436,427,428,Nr,441,435,437,429,420,415,423,Nr,416,405,410,409,408,400,420,419,429,424,427,429,430,423,422,434,430,438,459,449,446,450,R,R,R,R
BSC Forest,Original,2,3,140,425,411,415,Nr,424,428,423,Nr,425,422,Nr,419,416,D,425,423,422,417,429,Nr,428,435,437,434,Nr,440,432,435,428,418,394,429,Nr,415,408,429,402,409,406,415,420,429,417,422,427,426,416,413,434,426,457,R,423,R,R,R,R,R,R
BSC Forest,Original,2,4,140,431,411,423,Nr,429,425,419,Nr,423,428,Nr,421,421,437,424,422,419,417,423,Nr,429,430,430,429,Nr,441,434,433,427,425,425,432,Nr,416,407,407,406,414,407,421,422,421,415,421,426,420,427,424,431,420,428,440,418,416,442,449,R,448,436
BSC Forest,Original,2,5,140,430,414,421,Nr,420,422,407,Nr,428,426,Nr,424,424,426,424,424,422,419,423,Nr,426,430,428,429,Nr,441,433,431,424,420,417,424,Nr,419,411,416,415,411,411,416,423,424,415,417,431,428,419,419,428,428,430,434,422,424,429,447,435,432,446
BSC Forest,Original,2,6,140,426,406,409,Nr,H,H,423,Nr,423,425,Nr,423,427,426,426,422,422,416,424,Nr,427,432,430,427,Nr,436,433,432,428,420,417,416,Nr,419,405,408,408,408,399,416,414,420,407,416,422,419,409,411,430,419,450,442,Bd,432,R,R,445,R,R
BSC Forest,Original,2,7,140,426,410,421,Nr,425,424,413,Nr,421,422,Nr,420,418,439,429,430,424,422,427,Nr,428,436,430,428,Nr,440,444,436,426,407,417,424,Nr,408,396,403,400,396,395,402,405,414,405,410,419,417,413,407,424,417,429,423,420,422,423,445,437,432,445
BSC Forest,Original,2,8,140,427,413,419,Nr,427,423,415,Nr,421,426,Nr,421,419,426,422,424,424,416,436,Nr,428,431,428,428,Nr,435,431,436,426,420,426,431,Nr,414,405,409,410,416,413,419,414,415,402,410,421,416,408,410,419,416,431,421,421,420,417,442,H,433,440
BSC Forest,Original,2,9,140,427,407,411,Nr,421,418,424,Nr,432,429,Nr,422,425,420,429,424,423,420,423,Nr,428,430,429,429,Nr,436,434,430,430,423,414,421,Nr,419,408,409,411,405,395,421,404,417,406,410,417,414,406,407,421,414,425,420,415,414,406,445,433,432,445
BSC Forest,Original,2,1,230,450,431,431,Nr,R,R,433,Nr,456,438,Nr,450,443,R,R,432,437,422,432,Nr,435,427,R,434,Nr,457,456,R,445,421,426,429,Nr,429,410,417,415,421,428,439,442,434,446,443,412,445,417,422,424,445,H,467,475,466,470,504,484,481,482
BSC Forest,Original,2,2,230,449,425,435,Nr,437,445,441,Nr,432,443,Nr,R,R,445,438,R,R,R,451,Nr,439,439,438,433,Nr,468,459,441,435,428,412,418,Nr,427,418,425,416,431,422,427,424,422,435,433,430,436,432,437,447,436,453,474,466,466,474,487,478,463,475
BSC Forest,Original,2,3,230,431,414,421,Nr,420,436,424,Nr,435,435,Nr,432,429,428,439,426,425,423,432,Nr,431,430,431,435,Nr,434,436,438,434,423,415,419,Nr,421,417,412,412,429,424,434,427,419,426,428,428,432,424,420,405,432,456,446,459,468,479,482,H,487,474
BSC Forest,Original,2,4,230,439,426,431,Nr,439,438,434,Nr,441,440,Nr,431,427,427,443,452,441,432,432,Nr,438,R,425,428,Nr,433,425,441,424,422,438,424,Nr,424,417,412,408,422,420,428,440,425,436,428,436,430,447,453,446,430,455,481,457,461,473,485,461,472,483
BSC Forest,Original,2,5,230,443,424,430,Nr,422,439,436,Nr,444,438,Nr,433,430,435,435,433,434,431,434,Nr,436,453,R,436,Nr,442,442,439,435,427,433,420,Nr,432,424,421,425,399,418,395,432,400,420,429,427,420,434,439,448,420,453,470,458,468,480,481,474,464,478
BSC Forest,Original,2,6,230,H,H,H,Nr,H,418,433,Nr,450,439,Nr,435,H,446,453,440,440,429,441,Nr,435,440,439,425,Nr,445,R,442,430,425,424,420,Nr,421,416,412,416,418,418,416,418,421,426,424,431,420,419,429,434,420,459,458,456,467,474,475,H,472,H
BSC Forest,Original,2,7,230,438,421,431,Nr,429,440,433,Nr,436,445,Nr,435,433,441,442,426,428,426,438,Nr,447,440,436,405,Nr,435,442,458,427,427,426,426,Nr,425,410,420,420,427,420,438,434,432,435,427,434,418,424,436,439,418,471,472,445,455,454,486,484,467,480
BSC Forest,Original,2,8,230,440,425,430,Nr,H,428,431,Nr,439,438,Nr,427,424,432,437,427,424,428,429,Nr,444,433,424,395,Nr,445,443,443,434,424,416,423,Nr,435,411,403,411,417,406,423,425,423,416,423,426,417,421,432,433,417,450,456,459,456,464,474,473,467,484
BSC Forest,Original,2,9,230,441,425,429,Nr,444,H,428,Nr,433,441,Nr,437,431,440,444,430,421,422,433,Nr,436,433,431,427,Nr,445,433,433,430,422,420,422,Nr,423,416,413,413,420,420,427,415,427,417,423,423,416,389,393,297,416,H,447,443,450,474,478,469,469,473
BSC Forest,Original,2,1,275,462,441,443,Nr,H,M,455,Nr,460,462,Nr,456,451,455,456,448,455,456,456,Nr,459,459,461,454,Nr,465,461,456,443,460,447,441,Nr,439,434,439,438,438,436,439,438,448,440,443,449,449,443,440,434,449,469,475,453,460,485,495,506,472,489
BSC Forest,Original,2,2,275,456,434,443,Nr,448,451,459,Nr,476,478,Nr,455,459,451,464,457,446,451,450,Nr,450,455,447,450,Nr,456,449,455,447,460,443,441,Nr,437,431,437,439,437,435,441,439,446,438,443,449,448,440,443,454,448,478,474,456,459,469,486,489,468,481
BSC Forest,Original,2,3,275,455,428,441,Nr,460,458,444,Nr,460,466,Nr,464,458,446,457,459,447,446,443,Nr,447,447,446,449,Nr,454,450,450,440,460,446,444,Nr,438,434,442,446,438,434,441,442,444,441,443,451,447,432,439,447,447,482,484,458,462,465,484,H,469,485
BSC Forest,Original,2,4,275,463,441,446,Nr,454,457,453,Nr,462,397,Nr,460,H,451,470,466,457,451,470,Nr,465,465,473,472,Nr,467,455,471,449,461,443,455,Nr,446,438,440,440,440,435,444,450,454,443,469,431,438,451,459,465,438,484,466,459,464,474,473,H,468,480
BSC Forest,Original,2,5,275,464,438,442,Nr,447,448,456,Nr,462,451,Nr,466,442,453,453,446,447,453,439,Nr,453,457,451,451,Nr,459,455,455,446,461,455,447,Nr,439,432,438,434,445,439,449,447,448,445,448,450,454,442,447,464,454,472,478,454,462,466,484,484,476,482
BSC Forest,Original,2,6,275,463,S,446,Nr,H,447,H,Nr,477,478,Nr,S,S,R,494,487,469,455,448,Nr,450,451,452,453,Nr,447,449,450,444,445,447,449,Nr,436,441,439,440,446,438,432,452,449,441,444,446,450,438,440,449,450,476,478,461,466,472,484,490,475,481
BSC Forest,Original,2,7,275,449,437,446,Nr,453,451,448,Nr,456,466,Nr,444,455,449,450,444,453,458,443,Nr,450,461,455,452,Nr,467,465,460,454,433,440,453,Nr,438,429,433,442,442,440,449,448,452,460,467,426,459,450,463,452,459,481,482,461,461,473,493,482,473,488
BSC Forest,Original,2,8,275,454,445,448,Nr,437,460,457,Nr,439,435,Nr,442,H,447,442,449,438,450,438,Nr,445,451,450,450,Nr,465,453,453,439,438,445,443,Nr,436,429,438,438,428,427,431,425,454,439,416,450,451,440,447,450,451,484,478,456,460,466,488,H,472,484
BSC Forest,Original,2,9,275,479,433,440,Nr,460,455,456,Nr,460,464,Nr,459,452,464,454,453,446,440,447,Nr,459,447,454,454,Nr,463,456,453,443,444,448,443,Nr,440,434,440,449,431,426,432,435,448,436,439,445,445,446,439,449,445,471,460,456,465,478,480,480,475,485
BSC Forest,Original,2,1,320,465,452,460,Nr,464,461,457,Nr,460,464,Nr,471,435,462,465,451,451,452,457,Nr,464,454,453,467,Nr,458,461,465,453,458,452,462,Nr,448,434,439,450,458,429,446,454,468,449,458,428,462,458,459,464,462,468,460,477,484,494,500,493,484,487
BSC Forest,Original,2,2,320,480,453,460,Nr,460,471,478,Nr,469,472,Nr,466,430,457,475,455,449,440,463,Nr,473,468,469,471,Nr,466,474,474,459,R,449,R,Nr,457,412,447,462,458,451,456,461,463,458,461,434,457,454,459,469,457,473,473,479,475,495,498,497,499,493
BSC Forest,Original,2,3,320,465,447,453,Nr,458,464,475,Nr,455,474,Nr,471,432,463,474,460,444,436,460,Nr,461,472,471,456,Nr,473,470,464,452,448,446,448,Nr,442,440,450,458,446,444,459,450,470,455,457,430,464,447,446,467,464,484,477,493,482,493,519,488,489,494
BSC Forest,Original,2,4,320,478,460,461,Nr,465,468,463,Nr,468,468,Nr,464,427,457,462,454,450,469,468,Nr,451,453,457,453,Nr,468,460,465,459,444,450,449,Nr,447,441,445,453,446,446,457,461,476,445,458,420,478,429,464,474,478,476,468,482,480,489,H,480,H,488
BSC Forest,Original,2,5,320,473,457,464,Nr,470,467,483,Nr,469,469,Nr,476,436,462,464,455,458,438,457,Nr,466,480,456,468,Nr,467,468,463,457,450,449,439,Nr,455,450,445,458,459,453,454,461,464,453,456,439,464,453,449,469,464,470,470,476,481,494,500,494,483,484
BSC Forest,Original,2,6,320,464,437,453,Nr,456,460,453,Nr,483,459,Nr,456,452,442,448,463,449,438,460,Nr,466,469,461,459,Nr,456,458,459,456,452,454,460,Nr,450,444,445,457,448,441,454,461,473,452,458,428,460,455,428,457,460,478,484,476,485,485,506,503,492,488
BSC Forest,Original,2,7,320,468,454,453,Nr,R,469,469,Nr,471,468,Nr,464,432,448,467,470,458,436,467,Nr,463,459,R,461,Nr,482,477,471,458,453,448,458,Nr,447,447,455,459,474,462,456,467,479,465,469,439,469,463,465,476,469,486,474,476,476,484,492,486,H,R
BSC Forest,Original,2,8,320,472,455,455,Nr,460,462,454,Nr,471,465,Nr,459,435,455,463,461,455,423,456,Nr,464,460,458,462,Nr,485,472,466,451,456,455,470,Nr,475,462,454,470,455,450,456,462,477,R,472,442,469,463,468,476,469,477,R,R,Bd,R,R,R,481,498
BSC Forest,Original,2,9,320,465,451,454,Nr,460,452,451,Nr,463,458,Nr,434,445,442,456,456,448,439,453,Nr,458,466,450,451,Nr,455,457,475,450,451,469,448,Nr,457,448,449,460,449,441,451,458,469,457,458,427,461,457,453,464,461,493,488,477,478,492,503,H,489,492
BSC Forest,Original,3,1,20,527,485,494,Nr,510,496,509,513,Nr,R,Nr,496,495,482,R,R,R,490,510,Nr,H,506,503,501,Nr,506,505,504,489,485,483,487,Nr,466,459,470,457,458,457,478,478,480,481,474,478,481,472,476,477,481,491,Bd,508,508,H,525,509,505,531
BSC Forest,Original,3,2,20,527,491,499,Nr,497,489,498,514,Nr,496,Nr,485,485,481,501,489,483,483,497,Nr,504,502,502,498,Nr,499,502,498,481,481,481,470,Nr,468,455,465,459,455,456,470,471,470,470,469,470,469,446,468,469,469,495,Bd,531,516,521,524,525,515,532
BSC Forest,Original,3,3,20,511,487,494,Nr,493,481,492,499,Nr,492,Nr,484,483,480,487,482,475,478,488,Nr,490,500,495,492,Nr,501,501,492,484,472,475,473,Nr,485,459,468,460,455,454,464,466,463,466,464,462,463,461,456,470,463,500,Bd,507,509,516,537,523,526,526
BSC Forest,Original,3,4,20,513,496,494,Nr,487,R,495,510,Nr,500,Nr,500,488,496,509,504,499,499,511,Nr,515,519,512,520,Nr,509,508,499,490,470,478,482,Nr,464,456,470,453,454,457,461,474,471,471,467,474,481,471,472,474,481,495,Bd,508,499,510,525,517,518,523
BSC Forest,Original,3,5,20,515,501,502,Nr,502,487,496,516,Nr,496,Nr,496,493,482,491,488,481,479,492,Nr,501,508,505,501,Nr,514,506,498,483,477,475,471,Nr,465,453,455,452,452,453,459,469,469,469,469,467,466,463,464,465,466,489,Bd,507,502,513,537,H,504,518
BSC Forest,Original,3,6,20,505,487,493,Nr,486,481,494,506,Nr,485,Nr,478,474,472,480,474,470,479,489,Nr,493,501,502,498,Nr,503,505,501,484,474,477,470,Nr,475,451,457,451,449,444,458,462,464,459,462,459,465,459,460,463,465,487,Bd,505,515,516,531,509,503,519
BSC Forest,Original,3,7,20,514,490,500,Nr,490,482,492,503,Nr,493,Nr,487,485,485,488,487,485,479,493,Nr,499,515,507,504,Nr,513,509,505,488,479,479,484,Nr,472,453,450,458,457,462,458,469,462,466,449,457,460,467,464,470,460,504,Bd,508,509,517,533,517,514,525
BSC Forest,Original,3,8,20,508,486,484,Nr,492,482,R,492,Nr,R,Nr,486,485,479,486,483,R,479,497,Nr,498,503,499,492,Nr,508,501,497,493,508,485,476,Nr,467,456,458,421,449,451,458,472,469,461,439,474,474,468,419,466,480,486,Bd,501,507,518,537,520,512,519
BSC Forest,Original,3,9,20,506,489,488,Nr,485,484,491,498,Nr,487,Nr,481,481,478,481,481,474,474,488,Nr,495,500,497,495,Nr,507,505,497,487,476,477,474,Nr,462,457,458,459,451,453,459,467,468,463,461,459,463,453,458,464,463,486,Bd,500,514,513,528,520,515,522
BSC Forest,Original,3,1,155,527,508,504,Nr,505,498,520,523,Nr,522,Nr,508,495,500,520,517,509,507,514,Nr,511,519,522,506,Nr,523,521,514,500,491,495,474,Nr,475,463,498,462,469,468,474,472,466,456,461,471,458,459,457,462,458,465,Bd,461,471,472,492,458,474,465
BSC Forest,Original,3,2,155,533,514,511,Nr,514,494,417,519,Nr,510,Nr,505,500,508,516,512,506,505,514,Nr,519,537,523,512,Nr,523,521,516,495,498,484,472,Nr,459,462,494,458,469,466,469,469,452,454,451,457,456,454,454,456,456,460,Bd,465,480,471,495,474,484,489
BSC Forest,Original,3,3,155,532,517,514,Nr,521,507,513,515,Nr,512,Nr,503,503,499,512,505,501,503,512,Nr,510,518,514,498,Nr,519,518,517,487,477,468,465,Nr,462,470,498,454,453,455,452,464,454,450,453,452,454,450,451,456,454,459,Bd,461,472,470,507,477,482,471
BSC Forest,Original,3,4,155,518,510,R,Nr,R,R,R,526,Nr,526,Nr,509,490,510,522,511,511,513,513,Nr,509,529,526,509,Nr,526,529,520,494,483,486,482,Nr,R,466,500,466,R,469,469,470,469,455,466,454,447,471,440,456,447,460,Bd,471,479,482,497,468,468,476
BSC Forest,Original,3,5,155,525,504,505,Nr,490,489,519,518,Nr,508,Nr,505,498,492,512,509,504,507,519,Nr,511,519,524,513,Nr,523,522,518,503,475,484,488,Nr,476,465,499,460,460,462,466,469,457,452,452,453,448,447,445,448,448,457,Bd,460,470,464,493,477,473,469
BSC Forest,Original,3,6,155,523,503,504,Nr,507,500,513,503,Nr,504,Nr,503,505,502,514,508,503,508,512,Nr,510,521,519,507,Nr,520,517,513,498,475,480,479,Nr,476,464,494,459,455,456,459,464,449,444,449,449,450,444,442,448,450,452,Bd,459,478,Nr,500,487,478,479
BSC Forest,Original,3,7,155,518,498,504,Nr,503,487,525,522,Nr,519,Nr,511,502,510,513,505,502,509,513,Nr,514,523,525,514,Nr,524,527,519,503,473,481,477,Nr,472,466,504,467,467,474,467,468,452,456,460,454,468,460,454,461,468,463,Bd,450,460,470,R,473,R,R
BSC Forest,Original,3,8,155,518,496,501,Nr,508,492,523,523,Nr,522,Nr,511,499,508,515,502,507,509,515,Nr,513,524,524,514,Nr,520,523,511,493,478,476,481,Nr,478,466,501,460,455,463,471,468,453,443,446,450,461,459,457,460,461,456,Bd,457,473,464,491,482,466,469
BSC Forest,Original,3,9,155,519,499,501,Nr,502,498,510,518,Nr,517,Nr,507,499,497,511,509,499,503,513,Nr,512,522,520,507,Nr,521,515,508,496,477,471,478,Nr,475,463,499,451,447,402,451,457,438,442,437,445,451,448,447,449,451,444,Bd,460,468,465,504,482,470,472
BSC Forest,Original,3,1,190,514,494,499,Nr,499,486,491,499,Nr,498,Nr,492,488,485,482,480,474,471,485,Nr,481,491,482,484,Nr,488,490,484,454,448,445,438,Nr,427,415,423,422,420,420,424,410,412,409,413,414,414,410,407,420,414,445,Bd,453,460,457,485,480,478,472
BSC Forest,Original,3,2,190,515,494,500,Nr,499,486,492,490,Nr,491,Nr,489,487,485,494,490,487,477,506,Nr,489,495,498,496,Nr,493,502,477,465,449,442,439,Nr,427,416,423,419,421,418,419,411,414,416,414,413,424,420,R,430,424,475,Bd,451,465,R,470,467,462,R
BSC Forest,Original,3,3,190,R,495,H,Nr,R,493,502,502,Nr,507,Nr,R,R,489,498,508,482,441,487,Nr,491,R,491,489,Nr,492,488,471,461,437,436,441,Nr,429,419,432,441,423,421,427,422,401,418,412,411,422,403,407,378,422,426,Bd,438,453,439,467,469,R,458
BSC Forest,Original,3,4,190,517,499,506,Nr,514,498,514,520,Nr,516,Nr,500,492,493,494,491,481,486,486,Nr,489,496,495,494,Nr,489,492,486,469,445,439,408,Nr,420,429,399,408,399,423,435,380,413,407,415,417,418,417,418,428,418,450,Bd,456,475,461,485,475,484,480
BSC Forest,Original,3,5,190,511,R,506,Nr,514,493,502,507,Nr,503,Nr,499,493,R,R,R,504,R,R,Nr,457,504,R,R,Nr,461,R,R,R,R,R,R,Nr,R,R,R,R,R,R,R,R,R,R,R,R,R,R,395,R,R,R,Bd,Bd,R,R,R,R,R,R
BSC Forest,Original,3,6,190,508,486,511,Nr,515,478,494,478,Nr,487,Nr,487,484,483,472,524,508,463,483,Nr,473,499,473,473,Nr,471,482,471,457,436,438,446,Nr,424,420,429,419,403,413,418,401,406,402,403,354,398,396,380,407,398,430,Bd,426,441,436,478,463,467,457
BSC Forest,Original,3,7,190,517,R,509,Nr,514,493,500,528,Nr,498,Nr,492,498,499,507,495,486,492,R,Nr,498,504,R,R,Nr,505,502,R,471,R,477,459,Nr,424,425,433,421,419,420,424,414,417,415,R,R,R,R,R,R,R,R,Bd,Bd,477,R,502,H,488,R
BSC Forest,Original,3,8,190,R,482,499,Nr,R,482,R,R,Nr,R,Nr,R,R,488,R,R,R,R,488,Nr,473,R,491,487,Nr,490,H,465,454,440,433,448,Nr,429,418,427,409,416,411,412,408,R,R,407,407,401,405,398,403,401,442,Bd,435,R,442,R,466,469,454
BSC Forest,Original,3,9,190,507,487,489,Nr,498,476,482,492,Nr,492,Nr,480,483,477,507,501,491,484,492,Nr,473,464,475,492,Nr,483,484,482,450,438,435,448,Nr,416,406,416,406,407,406,407,398,402,405,411,403,405,397,393,396,405,421,Bd,419,447,435,471,478,467,454
BSC Forest,Original,3,1,235,505,478,485,Nr,480,467,469,479,Nr,482,Nr,480,472,476,474,466,466,470,476,Nr,478,480,H,486,Nr,483,480,449,444,408,419,428,Nr,414,403,398,417,408,409,417,414,406,410,410,414,408,411,415,401,408,423,Bd,421,434,445,468,449,R,R
BSC Forest,Original,3,2,235,497,488,475,Nr,480,R,R,R,Nr,R,Nr,R,R,R,R,R,R,R,R,Nr,R,482,R,R,Nr,R,R,R,R,R,R,R,Nr,R,404,409,407,398,R,413,R,402,R,R,R,R,403,R,402,R,402,Bd,R,R,R,R,R,R,R
BSC Forest,Original,3,3,235,498,479,R,Nr,R,R,483,R,Nr,R,Nr,R,R,454,482,462,R,R,466,Nr,R,R,465,460,Nr,476,472,455,438,439,R,R,Nr,R,430,R,422,427,R,430,R,416,404,R,420,405,402,406,401,405,426,Bd,427,427,H,R,R,440,R
BSC Forest,Original,3,4,235,498,463,494,Nr,R,R,476,R,Nr,R,Nr,R,R,456,R,R,R,R,R,Nr,R,R,R,R,Nr,R,R,438,R,R,444,425,Nr,424,412,408,415,418,413,425,416,415,422,419,423,413,409,410,409,413,407,Bd,426,425,440,446,466,450,459
BSC Forest,Original,3,5,235,502,463,480,Nr,481,461,473,R,Nr,R,Nr,478,469,H,468,462,455,456,485,Nr,479,R,462,464,Nr,492,465,434,436,428,433,441,Nr,425,412,414,411,406,400,420,406,407,409,406,416,419,408,414,402,419,416,Bd,435,427,435,463,443,451,446
BSC Forest,Original,3,6,235,474,463,459,Nr,482,455,467,478,Nr,468,Nr,448,449,R,R,R,476,455,478,Nr,467,436,465,466,Nr,492,484,445,428,432,433,431,Nr,426,405,408,412,424,423,R,424,420,420,423,424,426,413,415,420,426,424,Bd,R,R,R,R,R,R,R
BSC Forest,Original,3,7,235,493,458,477,Nr,470,461,473,R,Nr,469,Nr,461,459,462,R,R,463,469,473,Nr,469,R,R,480,Nr,476,472,455,440,426,435,429,Nr,417,428,413,424,432,423,R,409,404,362,R,414,R,R,400,407,R,408,Bd,R,R,R,R,R,436,446
BSC Forest,Original,3,8,235,492,448,472,Nr,504,482,479,502,Nr,473,Nr,463,459,457,462,R,456,457,R,Nr,478,473,463,449,Nr,480,478,R,438,424,429,423,Nr,418,408,406,416,407,409,418,407,416,413,415,419,413,405,403,405,413,400,Bd,414,419,428,442,431,435,446
BSC Forest,Original,3,9,235,471,455,456,Nr,481,459,463,468,Nr,485,Nr,467,459,436,417,448,439,443,450,Nr,435,452,458,440,Nr,462,438,443,428,423,432,433,Nr,426,412,410,411,414,410,423,410,387,412,412,398,396,402,406,411,396,405,Bd,423,428,416,439,Bd,431,451
BSC Mud,Deep,1,1,45,Nr,Nr,Nr,Nr,Nr,Nr,Nr,Nr,Nr,Nr,Nr,Nr,Nr,Nr,Nr,Nr,Nr,Nr,Nr,Nr,Nr,Nr,Nr,Nr,Nr,Nr,Nr,Nr,Nr,Nr,Nr,Nr,Nr,Nr,Nr,Nr,Nr,Nr,Nr,Nr,Nr,Nr,Nr,Nr,Nr,Nr,Nr,Nr,192,Nr,204,Nr,178,200,157,242,257,261,Na
BSC Mud,Deep,1,2,45,Nr,Nr,Nr,Nr,Nr,Nr,Nr,Nr,Nr,Nr,Nr,Nr,Nr,Nr,Nr,Nr,Nr,Nr,Nr,Nr,Nr,Nr,Nr,Nr,Nr,Nr,Nr,Nr,Nr,Nr,Nr,Nr,Nr,Nr,Nr,Nr,Nr,Nr,Nr,Nr,Nr,Nr,Nr,Nr,Nr,Nr,Nr,Nr,207,Nr,204,Nr,161,196,156,247,239,256,Na
BSC Mud,Deep,1,3,45,Nr,Nr,Nr,Nr,Nr,Nr,Nr,Nr,Nr,Nr,Nr,Nr,Nr,Nr,Nr,Nr,Nr,Nr,Nr,Nr,Nr,Nr,Nr,Nr,Nr,Nr,Nr,Nr,Nr,Nr,Nr,Nr,Nr,Nr,Nr,Nr,Nr,Nr,Nr,Nr,Nr,Nr,Nr,Nr,Nr,Nr,Nr,Nr,192,Nr,195,Nr,166,201,142,242,248,251,Na
BSC Mud,Deep,1,4,45,Nr,Nr,Nr,Nr,Nr,Nr,Nr,Nr,Nr,Nr,Nr,Nr,Nr,Nr,Nr,Nr,Nr,Nr,Nr,Nr,Nr,Nr,Nr,Nr,Nr,Nr,Nr,Nr,Nr,Nr,Nr,Nr,Nr,Nr,Nr,Nr,Nr,Nr,Nr,Nr,Nr,Nr,Nr,Nr,Nr,Nr,Nr,Nr,204,Nr,193,Nr,170,200,145,243,243,240,Na
BSC Mud,Deep,1,5,45,Nr,Nr,Nr,Nr,Nr,Nr,Nr,Nr,Nr,Nr,Nr,Nr,Nr,Nr,Nr,Nr,Nr,Nr,Nr,Nr,Nr,Nr,Nr,Nr,Nr,Nr,Nr,Nr,Nr,Nr,Nr,Nr,Nr,Nr,Nr,Nr,Nr,Nr,Nr,Nr,Nr,Nr,Nr,Nr,Nr,Nr,Nr,Nr,203,Nr,194,Nr,177,195,154,243,256,244,Na
BSC Mud,Deep,1,6,45,Nr,Nr,Nr,Nr,Nr,Nr,Nr,Nr,Nr,Nr,Nr,Nr,Nr,Nr,Nr,Nr,Nr,Nr,Nr,Nr,Nr,Nr,Nr,Nr,Nr,Nr,Nr,Nr,Nr,Nr,Nr,Nr,Nr,Nr,Nr,Nr,Nr,Nr,Nr,Nr,Nr,Nr,Nr,Nr,Nr,Nr,Nr,Nr,205,Nr,193,Nr,174,192,146,244,231,239,Na
BSC Mud,Deep,1,7,45,Nr,Nr,Nr,Nr,Nr,Nr,Nr,Nr,Nr,Nr,Nr,Nr,Nr,Nr,Nr,Nr,Nr,Nr,Nr,Nr,Nr,Nr,Nr,Nr,Nr,Nr,Nr,Nr,Nr,Nr,Nr,Nr,Nr,Nr,Nr,Nr,Nr,Nr,Nr,Nr,Nr,Nr,Nr,Nr,Nr,Nr,Nr,Nr,210,Nr,177,Nr,172,191,140,243,257,234,Na
BSC Mud,Deep,1,8,45,Nr,Nr,Nr,Nr,Nr,Nr,Nr,Nr,Nr,Nr,Nr,Nr,Nr,Nr,Nr,Nr,Nr,Nr,Nr,Nr,Nr,Nr,Nr,Nr,Nr,Nr,Nr,Nr,Nr,Nr,Nr,Nr,Nr,Nr,Nr,Nr,Nr,Nr,Nr,Nr,Nr,Nr,Nr,Nr,Nr,Nr,Nr,Nr,194,Nr,191,Nr,187,194,141,238,245,228,Na
BSC Mud,Deep,1,9,45,Nr,Nr,Nr,Nr,Nr,Nr,Nr,Nr,Nr,Nr,Nr,Nr,Nr,Nr,Nr,Nr,Nr,Nr,Nr,Nr,Nr,Nr,Nr,Nr,Nr,Nr,Nr,Nr,Nr,Nr,Nr,Nr,Nr,Nr,Nr,Nr,Nr,Nr,Nr,Nr,Nr,Nr,Nr,Nr,Nr,Nr,Nr,Nr,202,Nr,192,Nr,197,190,148,241,246,224,Na
BSC Mud,Deep,1,1,90,Nr,Nr,Nr,Nr,Nr,Nr,Nr,Nr,Nr,Nr,Nr,Nr,Nr,Nr,Nr,Nr,Nr,Nr,Nr,Nr,Nr,Nr,Nr,Nr,Nr,Nr,Nr,Nr,Nr,Nr,Nr,Nr,Nr,Nr,Nr,Nr,Nr,Nr,Nr,Nr,Nr,Nr,Nr,Nr,Nr,Nr,Nr,Nr,201,Nr,120,Nr,151,171,141,241,263,257,Na
BSC Mud,Deep,1,2,90,Nr,Nr,Nr,Nr,Nr,Nr,Nr,Nr,Nr,Nr,Nr,Nr,Nr,Nr,Nr,Nr,Nr,Nr,Nr,Nr,Nr,Nr,Nr,Nr,Nr,Nr,Nr,Nr,Nr,Nr,Nr,Nr,Nr,Nr,Nr,Nr,Nr,Nr,Nr,Nr,Nr,Nr,Nr,Nr,Nr,Nr,Nr,Nr,199,Nr,193,Nr,151,180,133,242,263,257,Na
BSC Mud,Deep,1,3,90,Nr,Nr,Nr,Nr,Nr,Nr,Nr,Nr,Nr,Nr,Nr,Nr,Nr,Nr,Nr,Nr,Nr,Nr,Nr,Nr,Nr,Nr,Nr,Nr,Nr,Nr,Nr,Nr,Nr,Nr,Nr,Nr,Nr,Nr,Nr,Nr,Nr,Nr,Nr,Nr,Nr,Nr,Nr,Nr,Nr,Nr,Nr,Nr,203,Nr,186,Nr,159,185,145,244,266,260,Na
BSC Mud,Deep,1,4,90,Nr,Nr,Nr,Nr,Nr,Nr,Nr,Nr,Nr,Nr,Nr,Nr,Nr,Nr,Nr,Nr,Nr,Nr,Nr,Nr,Nr,Nr,Nr,Nr,Nr,Nr,Nr,Nr,Nr,Nr,Nr,Nr,Nr,Nr,Nr,Nr,Nr,Nr,Nr,Nr,Nr,Nr,Nr,Nr,Nr,Nr,Nr,Nr,204,Nr,190,Nr,173,187,142,242,266,257,Na
BSC Mud,Deep,1,5,90,Nr,Nr,Nr,Nr,Nr,Nr,Nr,Nr,Nr,Nr,Nr,Nr,Nr,Nr,Nr,Nr,Nr,Nr,Nr,Nr,Nr,Nr,Nr,Nr,Nr,Nr,Nr,Nr,Nr,Nr,Nr,Nr,Nr,Nr,Nr,Nr,Nr,Nr,Nr,Nr,Nr,Nr,Nr,Nr,Nr,Nr,Nr,Nr,197,Nr,199,Nr,H,185,145,244,D,H,Na
BSC Mud,Deep,1,6,90,Nr,Nr,Nr,Nr,Nr,Nr,Nr,Nr,Nr,Nr,Nr,Nr,Nr,Nr,Nr,Nr,Nr,Nr,Nr,Nr,Nr,Nr,Nr,Nr,Nr,Nr,Nr,Nr,Nr,Nr,Nr,Nr,Nr,Nr,Nr,Nr,Nr,Nr,Nr,Nr,Nr,Nr,Nr,Nr,Nr,Nr,Nr,Nr,204,Nr,196,Nr,170,192,157,243,D,250,Na
BSC Mud,Deep,1,7,90,Nr,Nr,Nr,Nr,Nr,Nr,Nr,Nr,Nr,Nr,Nr,Nr,Nr,Nr,Nr,Nr,Nr,Nr,Nr,Nr,Nr,Nr,Nr,Nr,Nr,Nr,Nr,Nr,Nr,Nr,Nr,Nr,Nr,Nr,Nr,Nr,Nr,Nr,Nr,Nr,Nr,Nr,Nr,Nr,Nr,Nr,Nr,Nr,205,Nr,198,Nr,174,193,157,246,246,257,Na
BSC Mud,Deep,1,8,90,Nr,Nr,Nr,Nr,Nr,Nr,Nr,Nr,Nr,Nr,Nr,Nr,Nr,Nr,Nr,Nr,Nr,Nr,Nr,Nr,Nr,Nr,Nr,Nr,Nr,Nr,Nr,Nr,Nr,Nr,Nr,Nr,Nr,Nr,Nr,Nr,Nr,Nr,Nr,Nr,Nr,Nr,Nr,Nr,Nr,Nr,Nr,Nr,209,Nr,194,Nr,177,202,149,D,240,242,Na
BSC Mud,Deep,1,9,90,Nr,Nr,Nr,Nr,Nr,Nr,Nr,Nr,Nr,Nr,Nr,Nr,Nr,Nr,Nr,Nr,Nr,Nr,Nr,Nr,Nr,Nr,Nr,Nr,Nr,Nr,Nr,Nr,Nr,Nr,Nr,Nr,Nr,Nr,Nr,Nr,Nr,Nr,Nr,Nr,Nr,Nr,Nr,Nr,Nr,Nr,Nr,Nr,194,Nr,198,Nr,184,200,150,245,239,243,Na
BSC Mud,Deep,1,1,180,Nr,Nr,Nr,Nr,Nr,Nr,Nr,Nr,Nr,Nr,Nr,Nr,Nr,Nr,Nr,Nr,Nr,Nr,Nr,Nr,Nr,Nr,Nr,Nr,Nr,Nr,Nr,Nr,Nr,Nr,Nr,Nr,Nr,Nr,Nr,Nr,Nr,Nr,Nr,Nr,Nr,Nr,Nr,Nr,Nr,Nr,Nr,Nr,216,Nr,235,Nr,H,189,178,236,252,250,Na
BSC Mud,Deep,1,2,180,Nr,Nr,Nr,Nr,Nr,Nr,Nr,Nr,Nr,Nr,Nr,Nr,Nr,Nr,Nr,Nr,Nr,Nr,Nr,Nr,Nr,Nr,Nr,Nr,Nr,Nr,Nr,Nr,Nr,Nr,Nr,Nr,Nr,Nr,Nr,Nr,Nr,Nr,Nr,Nr,Nr,Nr,Nr,Nr,Nr,Nr,Nr,Nr,207,Nr,243,Nr,177,189,183,236,256,248,Na
BSC Mud,Deep,1,3,180,Nr,Nr,Nr,Nr,Nr,Nr,Nr,Nr,Nr,Nr,Nr,Nr,Nr,Nr,Nr,Nr,Nr,Nr,Nr,Nr,Nr,Nr,Nr,Nr,Nr,Nr,Nr,Nr,Nr,Nr,Nr,Nr,Nr,Nr,Nr,Nr,Nr,Nr,Nr,Nr,Nr,Nr,Nr,Nr,Nr,Nr,Nr,Nr,219,Nr,244,Nr,179,193,194,237,254,248,Na
BSC Mud,Deep,1,4,180,Nr,Nr,Nr,Nr,Nr,Nr,Nr,Nr,Nr,Nr,Nr,Nr,Nr,Nr,Nr,Nr,Nr,Nr,Nr,Nr,Nr,Nr,Nr,Nr,Nr,Nr,Nr,Nr,Nr,Nr,Nr,Nr,Nr,Nr,Nr,Nr,Nr,Nr,Nr,Nr,Nr,Nr,Nr,Nr,Nr,Nr,Nr,Nr,215,Nr,245,Nr,181,194,181,237,247,247,Na
BSC Mud,Deep,1,5,180,Nr,Nr,Nr,Nr,Nr,Nr,Nr,Nr,Nr,Nr,Nr,Nr,Nr,Nr,Nr,Nr,Nr,Nr,Nr,Nr,Nr,Nr,Nr,Nr,Nr,Nr,Nr,Nr,Nr,Nr,Nr,Nr,Nr,Nr,Nr,Nr,Nr,Nr,Nr,Nr,Nr,Nr,Nr,Nr,Nr,Nr,Nr,Nr,216,Nr,247,Nr,176,198,171,239,249,245,Na
BSC Mud,Deep,1,6,180,Nr,Nr,Nr,Nr,Nr,Nr,Nr,Nr,Nr,Nr,Nr,Nr,Nr,Nr,Nr,Nr,Nr,Nr,Nr,Nr,Nr,Nr,Nr,Nr,Nr,Nr,Nr,Nr,Nr,Nr,Nr,Nr,Nr,Nr,Nr,Nr,Nr,Nr,Nr,Nr,Nr,Nr,Nr,Nr,Nr,Nr,Nr,Nr,222,Nr,249,Nr,191,201,172,237,250,246,Na
BSC Mud,Deep,1,7,180,Nr,Nr,Nr,Nr,Nr,Nr,Nr,Nr,Nr,Nr,Nr,Nr,Nr,Nr,Nr,Nr,Nr,Nr,Nr,Nr,Nr,Nr,Nr,Nr,Nr,Nr,Nr,Nr,Nr,Nr,Nr,Nr,Nr,Nr,Nr,Nr,Nr,Nr,Nr,Nr,Nr,Nr,Nr,Nr,Nr,Nr,Nr,Nr,222,Nr,242,Nr,190,175,174,233,243,252,Na
BSC Mud,Deep,1,8,180,Nr,Nr,Nr,Nr,Nr,Nr,Nr,Nr,Nr,Nr,Nr,Nr,Nr,Nr,Nr,Nr,Nr,Nr,Nr,Nr,Nr,Nr,Nr,Nr,Nr,Nr,Nr,Nr,Nr,Nr,Nr,Nr,Nr,Nr,Nr,Nr,Nr,Nr,Nr,Nr,Nr,Nr,Nr,Nr,Nr,Nr,Nr,Nr,218,Nr,240,Nr,193,198,180,233,H,258,Na
BSC Mud,Deep,1,9,180,Nr,Nr,Nr,Nr,Nr,Nr,Nr,Nr,Nr,Nr,Nr,Nr,Nr,Nr,Nr,Nr,Nr,Nr,Nr,Nr,Nr,Nr,Nr,Nr,Nr,Nr,Nr,Nr,Nr,Nr,Nr,Nr,Nr,Nr,Nr,Nr,Nr,Nr,Nr,Nr,Nr,Nr,Nr,Nr,Nr,Nr,Nr,Nr,206,Nr,246,Nr,191,202,174,235,H,249,Na
BSC Mud,Deep,1,1,270,Nr,Nr,Nr,Nr,Nr,Nr,Nr,Nr,Nr,Nr,Nr,Nr,Nr,Nr,Nr,Nr,Nr,Nr,Nr,Nr,Nr,Nr,Nr,Nr,Nr,Nr,Nr,Nr,Nr,Nr,Nr,Nr,Nr,Nr,Nr,Nr,Nr,Nr,Nr,Nr,Nr,Nr,Nr,Nr,Nr,Nr,Nr,Nr,205,Nr,235,Nr,196,213,199,241,242,261,Na
BSC Mud,Deep,1,2,270,Nr,Nr,Nr,Nr,Nr,Nr,Nr,Nr,Nr,Nr,Nr,Nr,Nr,Nr,Nr,Nr,Nr,Nr,Nr,Nr,Nr,Nr,Nr,Nr,Nr,Nr,Nr,Nr,Nr,Nr,Nr,Nr,Nr,Nr,Nr,Nr,Nr,Nr,Nr,Nr,Nr,Nr,Nr,Nr,Nr,Nr,Nr,Nr,204,Nr,231,Nr,199,212,206,243,256,255,Na
BSC Mud,Deep,1,3,270,Nr,Nr,Nr,Nr,Nr,Nr,Nr,Nr,Nr,Nr,Nr,Nr,Nr,Nr,Nr,Nr,Nr,Nr,Nr,Nr,Nr,Nr,Nr,Nr,Nr,Nr,Nr,Nr,Nr,Nr,Nr,Nr,Nr,Nr,Nr,Nr,Nr,Nr,Nr,Nr,Nr,Nr,Nr,Nr,Nr,Nr,Nr,Nr,199,Nr,248,Nr,204,211,212,246,245,256,Na
BSC Mud,Deep,1,4,270,Nr,Nr,Nr,Nr,Nr,Nr,Nr,Nr,Nr,Nr,Nr,Nr,Nr,Nr,Nr,Nr,Nr,Nr,Nr,Nr,Nr,Nr,Nr,Nr,Nr,Nr,Nr,Nr,Nr,Nr,Nr,Nr,Nr,Nr,Nr,Nr,Nr,Nr,Nr,Nr,Nr,Nr,Nr,Nr,Nr,Nr,Nr,Nr,202,Nr,249,Nr,215,215,205,246,252,256,Na
BSC Mud,Deep,1,5,270,Nr,Nr,Nr,Nr,Nr,Nr,Nr,Nr,Nr,Nr,Nr,Nr,Nr,Nr,Nr,Nr,Nr,Nr,Nr,Nr,Nr,Nr,Nr,Nr,Nr,Nr,Nr,Nr,Nr,Nr,Nr,Nr,Nr,Nr,Nr,Nr,Nr,Nr,Nr,Nr,Nr,Nr,Nr,Nr,Nr,Nr,Nr,Nr,195,Nr,243,Nr,205,213,202,244,246,247,Na
BSC Mud,Deep,1,6,270,Nr,Nr,Nr,Nr,Nr,Nr,Nr,Nr,Nr,Nr,Nr,Nr,Nr,Nr,Nr,Nr,Nr,Nr,Nr,Nr,Nr,Nr,Nr,Nr,Nr,Nr,Nr,Nr,Nr,Nr,Nr,Nr,Nr,Nr,Nr,Nr,Nr,Nr,Nr,Nr,Nr,Nr,Nr,Nr,Nr,Nr,Nr,Nr,198,Nr,230,Nr,208,213,201,246,251,253,Na
BSC Mud,Deep,1,7,270,Nr,Nr,Nr,Nr,Nr,Nr,Nr,Nr,Nr,Nr,Nr,Nr,Nr,Nr,Nr,Nr,Nr,Nr,Nr,Nr,Nr,Nr,Nr,Nr,Nr,Nr,Nr,Nr,Nr,Nr,Nr,Nr,Nr,Nr,Nr,Nr,Nr,Nr,Nr,Nr,Nr,Nr,Nr,Nr,Nr,Nr,Nr,Nr,198,Nr,239,Nr,211,212,195,248,249,251,Na
BSC Mud,Deep,1,8,270,Nr,Nr,Nr,Nr,Nr,Nr,Nr,Nr,Nr,Nr,Nr,Nr,Nr,Nr,Nr,Nr,Nr,Nr,Nr,Nr,Nr,Nr,Nr,Nr,Nr,Nr,Nr,Nr,Nr,Nr,Nr,Nr,Nr,Nr,Nr,Nr,Nr,Nr,Nr,Nr,Nr,Nr,Nr,Nr,Nr,Nr,Nr,Nr,200,Nr,235,Nr,223,216,203,245,258,253,Na
BSC Mud,Deep,1,9,270,Nr,Nr,Nr,Nr,Nr,Nr,Nr,Nr,Nr,Nr,Nr,Nr,Nr,Nr,Nr,Nr,Nr,Nr,Nr,Nr,Nr,Nr,Nr,Nr,Nr,Nr,Nr,Nr,Nr,Nr,Nr,Nr,Nr,Nr,Nr,Nr,Nr,Nr,Nr,Nr,Nr,Nr,Nr,Nr,Nr,Nr,Nr,Nr,196,Nr,238,Nr,221,215,206,243,258,251,Na
BSC Mud,Deep,2,1,50,Nr,Nr,Nr,Nr,Nr,Nr,Nr,Nr,Nr,Nr,Nr,Nr,Nr,Nr,Nr,Nr,Nr,Nr,Nr,Nr,Nr,Nr,Nr,Nr,Nr,Nr,Nr,Nr,Nr,Nr,Nr,Nr,Nr,Nr,Nr,Nr,Nr,Nr,Nr,Nr,Nr,Nr,Nr,Nr,Nr,Nr,Nr,Nr,258,Nr,259,Nr,225,229,240,294,344,350,Na
BSC Mud,Deep,2,2,50,Nr,Nr,Nr,Nr,Nr,Nr,Nr,Nr,Nr,Nr,Nr,Nr,Nr,Nr,Nr,Nr,Nr,Nr,Nr,Nr,Nr,Nr,Nr,Nr,Nr,Nr,Nr,Nr,Nr,Nr,Nr,Nr,Nr,Nr,Nr,Nr,Nr,Nr,Nr,Nr,Nr,Nr,Nr,Nr,Nr,Nr,Nr,Nr,255,Nr,262,Nr,225,229,249,295,343,352,Na
BSC Mud,Deep,2,3,50,Nr,Nr,Nr,Nr,Nr,Nr,Nr,Nr,Nr,Nr,Nr,Nr,Nr,Nr,Nr,Nr,Nr,Nr,Nr,Nr,Nr,Nr,Nr,Nr,Nr,Nr,Nr,Nr,Nr,Nr,Nr,Nr,Nr,Nr,Nr,Nr,Nr,Nr,Nr,Nr,Nr,Nr,Nr,Nr,Nr,Nr,Nr,Nr,253,Nr,263,Nr,225,235,H,294,338,352,Na
BSC Mud,Deep,2,4,50,Nr,Nr,Nr,Nr,Nr,Nr,Nr,Nr,Nr,Nr,Nr,Nr,Nr,Nr,Nr,Nr,Nr,Nr,Nr,Nr,Nr,Nr,Nr,Nr,Nr,Nr,Nr,Nr,Nr,Nr,Nr,Nr,Nr,Nr,Nr,Nr,Nr,Nr,Nr,Nr,Nr,Nr,Nr,Nr,Nr,Nr,Nr,Nr,244,Nr,266,Nr,224,232,229,297,333,351,Na
BSC Mud,Deep,2,5,50,Nr,Nr,Nr,Nr,Nr,Nr,Nr,Nr,Nr,Nr,Nr,Nr,Nr,Nr,Nr,Nr,Nr,Nr,Nr,Nr,Nr,Nr,Nr,Nr,Nr,Nr,Nr,Nr,Nr,Nr,Nr,Nr,Nr,Nr,Nr,Nr,Nr,Nr,Nr,Nr,Nr,Nr,Nr,Nr,Nr,Nr,Nr,Nr,255,Nr,266,Nr,228,231,238,290,330,341,Na
BSC Mud,Deep,2,6,50,Nr,Nr,Nr,Nr,Nr,Nr,Nr,Nr,Nr,Nr,Nr,Nr,Nr,Nr,Nr,Nr,Nr,Nr,Nr,Nr,Nr,Nr,Nr,Nr,Nr,Nr,Nr,Nr,Nr,Nr,Nr,Nr,Nr,Nr,Nr,Nr,Nr,Nr,Nr,Nr,Nr,Nr,Nr,Nr,Nr,Nr,Nr,Nr,247,Nr,264,Nr,231,234,222,293,332,338,Na
BSC Mud,Deep,2,7,50,Nr,Nr,Nr,Nr,Nr,Nr,Nr,Nr,Nr,Nr,Nr,Nr,Nr,Nr,Nr,Nr,Nr,Nr,Nr,Nr,Nr,Nr,Nr,Nr,Nr,Nr,Nr,Nr,Nr,Nr,Nr,Nr,Nr,Nr,Nr,Nr,Nr,Nr,Nr,Nr,Nr,Nr,Nr,Nr,Nr,Nr,Nr,Nr,258,Nr,256,Nr,233,236,223,293,332,339,Na
BSC Mud,Deep,2,8,50,Nr,Nr,Nr,Nr,Nr,Nr,Nr,Nr,Nr,Nr,Nr,Nr,Nr,Nr,Nr,Nr,Nr,Nr,Nr,Nr,Nr,Nr,Nr,Nr,Nr,Nr,Nr,Nr,Nr,Nr,Nr,Nr,Nr,Nr,Nr,Nr,Nr,Nr,Nr,Nr,Nr,Nr,Nr,Nr,Nr,Nr,Nr,Nr,260,Nr,253,Nr,224,237,230,293,328,336,Na
BSC Mud,Deep,2,9,50,Nr,Nr,Nr,Nr,Nr,Nr,Nr,Nr,Nr,Nr,Nr,Nr,Nr,Nr,Nr,Nr,Nr,Nr,Nr,Nr,Nr,Nr,Nr,Nr,Nr,Nr,Nr,Nr,Nr,Nr,Nr,Nr,Nr,Nr,Nr,Nr,Nr,Nr,Nr,Nr,Nr,Nr,Nr,Nr,Nr,Nr,Nr,Nr,253,Nr,259,Nr,235,234,239,293,333,335,Na
BSC Mud,Deep,2,1,140,Nr,Nr,Nr,Nr,Nr,Nr,Nr,Nr,Nr,Nr,Nr,Nr,Nr,Nr,Nr,Nr,Nr,Nr,Nr,Nr,Nr,Nr,Nr,Nr,Nr,Nr,Nr,Nr,Nr,Nr,Nr,Nr,Nr,Nr,Nr,Nr,Nr,Nr,Nr,Nr,Nr,Nr,Nr,Nr,Nr,Nr,Nr,Nr,229,Nr,255,Nr,224,223,254,298,340,361,Na
BSC Mud,Deep,2,2,140,Nr,Nr,Nr,Nr,Nr,Nr,Nr,Nr,Nr,Nr,Nr,Nr,Nr,Nr,Nr,Nr,Nr,Nr,Nr,Nr,Nr,Nr,Nr,Nr,Nr,Nr,Nr,Nr,Nr,Nr,Nr,Nr,Nr,Nr,Nr,Nr,Nr,Nr,Nr,Nr,Nr,Nr,Nr,Nr,Nr,Nr,Nr,Nr,226,Nr,260,Nr,229,228,248,299,340,363,Na
BSC Mud,Deep,2,3,140,Nr,Nr,Nr,Nr,Nr,Nr,Nr,Nr,Nr,Nr,Nr,Nr,Nr,Nr,Nr,Nr,Nr,Nr,Nr,Nr,Nr,Nr,Nr,Nr,Nr,Nr,Nr,Nr,Nr,Nr,Nr,Nr,Nr,Nr,Nr,Nr,Nr,Nr,Nr,Nr,Nr,Nr,Nr,Nr,Nr,Nr,Nr,Nr,232,Nr,270,Nr,225,230,255,299,346,363,Na
BSC Mud,Deep,2,4,140,Nr,Nr,Nr,Nr,Nr,Nr,Nr,Nr,Nr,Nr,Nr,Nr,Nr,Nr,Nr,Nr,Nr,Nr,Nr,Nr,Nr,Nr,Nr,Nr,Nr,Nr,Nr,Nr,Nr,Nr,Nr,Nr,Nr,Nr,Nr,Nr,Nr,Nr,Nr,Nr,Nr,Nr,Nr,Nr,Nr,Nr,Nr,Nr,225,Nr,269,Nr,224,217,249,298,350,363,Na
BSC Mud,Deep,2,5,140,Nr,Nr,Nr,Nr,Nr,Nr,Nr,Nr,Nr,Nr,Nr,Nr,Nr,Nr,Nr,Nr,Nr,Nr,Nr,Nr,Nr,Nr,Nr,Nr,Nr,Nr,Nr,Nr,Nr,Nr,Nr,Nr,Nr,Nr,Nr,Nr,Nr,Nr,Nr,Nr,Nr,Nr,Nr,Nr,Nr,Nr,Nr,Nr,228,Nr,260,Nr,225,225,248,299,339,352,Na
BSC Mud,Deep,2,6,140,Nr,Nr,Nr,Nr,Nr,Nr,Nr,Nr,Nr,Nr,Nr,Nr,Nr,Nr,Nr,Nr,Nr,Nr,Nr,Nr,Nr,Nr,Nr,Nr,Nr,Nr,Nr,Nr,Nr,Nr,Nr,Nr,Nr,Nr,Nr,Nr,Nr,Nr,Nr,Nr,Nr,Nr,Nr,Nr,Nr,Nr,Nr,Nr,225,Nr,260,Nr,219,230,243,296,341,349,Na
BSC Mud,Deep,2,7,140,Nr,Nr,Nr,Nr,Nr,Nr,Nr,Nr,Nr,Nr,Nr,Nr,Nr,Nr,Nr,Nr,Nr,Nr,Nr,Nr,Nr,Nr,Nr,Nr,Nr,Nr,Nr,Nr,Nr,Nr,Nr,Nr,Nr,Nr,Nr,Nr,Nr,Nr,Nr,Nr,Nr,Nr,Nr,Nr,Nr,Nr,Nr,Nr,231,Nr,297,Nr,225,235,246,302,345,355,Na
BSC Mud,Deep,2,8,140,Nr,Nr,Nr,Nr,Nr,Nr,Nr,Nr,Nr,Nr,Nr,Nr,Nr,Nr,Nr,Nr,Nr,Nr,Nr,Nr,Nr,Nr,Nr,Nr,Nr,Nr,Nr,Nr,Nr,Nr,Nr,Nr,Nr,Nr,Nr,Nr,Nr,Nr,Nr,Nr,Nr,Nr,Nr,Nr,Nr,Nr,Nr,Nr,224,Nr,260,Nr,225,235,247,300,339,358,Na
BSC Mud,Deep,2,9,140,Nr,Nr,Nr,Nr,Nr,Nr,Nr,Nr,Nr,Nr,Nr,Nr,Nr,Nr,Nr,Nr,Nr,Nr,Nr,Nr,Nr,Nr,Nr,Nr,Nr,Nr,Nr,Nr,Nr,Nr,Nr,Nr,Nr,Nr,Nr,Nr,Nr,Nr,Nr,Nr,Nr,Nr,Nr,Nr,Nr,Nr,Nr,Nr,231,Nr,267,Nr,228,233,246,305,347,363,Na
BSC Mud,Deep,2,1,230,Nr,Nr,Nr,Nr,Nr,Nr,Nr,Nr,Nr,Nr,Nr,Nr,Nr,Nr,Nr,Nr,Nr,Nr,Nr,Nr,Nr,Nr,Nr,Nr,Nr,Nr,Nr,Nr,Nr,Nr,Nr,Nr,Nr,Nr,Nr,Nr,Nr,Nr,Nr,Nr,Nr,Nr,Nr,Nr,Nr,Nr,Nr,Nr,208,Nr,225,Nr,219,237,232,298,H,349,Na
BSC Mud,Deep,2,2,230,Nr,Nr,Nr,Nr,Nr,Nr,Nr,Nr,Nr,Nr,Nr,Nr,Nr,Nr,Nr,Nr,Nr,Nr,Nr,Nr,Nr,Nr,Nr,Nr,Nr,Nr,Nr,Nr,Nr,Nr,Nr,Nr,Nr,Nr,Nr,Nr,Nr,Nr,Nr,Nr,Nr,Nr,Nr,Nr,Nr,Nr,Nr,Nr,226,Nr,260,Nr,223,237,248,301,337,359,Na
BSC Mud,Deep,2,3,230,Nr,Nr,Nr,Nr,Nr,Nr,Nr,Nr,Nr,Nr,Nr,Nr,Nr,Nr,Nr,Nr,Nr,Nr,Nr,Nr,Nr,Nr,Nr,Nr,Nr,Nr,Nr,Nr,Nr,Nr,Nr,Nr,Nr,Nr,Nr,Nr,Nr,Nr,Nr,Nr,Nr,Nr,Nr,Nr,Nr,Nr,Nr,Nr,224,Nr,261,Nr,223,240,248,301,340,363,Na
BSC Mud,Deep,2,4,230,Nr,Nr,Nr,Nr,Nr,Nr,Nr,Nr,Nr,Nr,Nr,Nr,Nr,Nr,Nr,Nr,Nr,Nr,Nr,Nr,Nr,Nr,Nr,Nr,Nr,Nr,Nr,Nr,Nr,Nr,Nr,Nr,Nr,Nr,Nr,Nr,Nr,Nr,Nr,Nr,Nr,Nr,Nr,Nr,Nr,Nr,Nr,Nr,215,Nr,255,Nr,219,236,244,306,340,353,Na
BSC Mud,Deep,2,5,230,Nr,Nr,Nr,Nr,Nr,Nr,Nr,Nr,Nr,Nr,Nr,Nr,Nr,Nr,Nr,Nr,Nr,Nr,Nr,Nr,Nr,Nr,Nr,Nr,Nr,Nr,Nr,Nr,Nr,Nr,Nr,Nr,Nr,Nr,Nr,Nr,Nr,Nr,Nr,Nr,Nr,Nr,Nr,Nr,Nr,Nr,Nr,Nr,210,Nr,249,Nr,215,244,230,298,344,362,Na
BSC Mud,Deep,2,6,230,Nr,Nr,Nr,Nr,Nr,Nr,Nr,Nr,Nr,Nr,Nr,Nr,Nr,Nr,Nr,Nr,Nr,Nr,Nr,Nr,Nr,Nr,Nr,Nr,Nr,Nr,Nr,Nr,Nr,Nr,Nr,Nr,Nr,Nr,Nr,Nr,Nr,Nr,Nr,Nr,Nr,Nr,Nr,Nr,Nr,Nr,Nr,Nr,219,Nr,257,Nr,221,237,235,301,346,353,Na
BSC Mud,Deep,2,7,230,Nr,Nr,Nr,Nr,Nr,Nr,Nr,Nr,Nr,Nr,Nr,Nr,Nr,Nr,Nr,Nr,Nr,Nr,Nr,Nr,Nr,Nr,Nr,Nr,Nr,Nr,Nr,Nr,Nr,Nr,Nr,Nr,Nr,Nr,Nr,Nr,Nr,Nr,Nr,Nr,Nr,Nr,Nr,Nr,Nr,Nr,Nr,Nr,210,Nr,255,Nr,220,234,232,301,345,351,Na
BSC Mud,Deep,2,8,230,Nr,Nr,Nr,Nr,Nr,Nr,Nr,Nr,Nr,Nr,Nr,Nr,Nr,Nr,Nr,Nr,Nr,Nr,Nr,Nr,Nr,Nr,Nr,Nr,Nr,Nr,Nr,Nr,Nr,Nr,Nr,Nr,Nr,Nr,Nr,Nr,Nr,Nr,Nr,Nr,Nr,Nr,Nr,Nr,Nr,Nr,Nr,Nr,219,Nr,244,Nr,213,233,237,298,333,343,Na
BSC Mud,Deep,2,9,230,Nr,Nr,Nr,Nr,Nr,Nr,Nr,Nr,Nr,Nr,Nr,Nr,Nr,Nr,Nr,Nr,Nr,Nr,Nr,Nr,Nr,Nr,Nr,Nr,Nr,Nr,Nr,Nr,Nr,Nr,Nr,Nr,Nr,Nr,Nr,Nr,Nr,Nr,Nr,Nr,Nr,Nr,Nr,Nr,Nr,Nr,Nr,Nr,201,Nr,235,Nr,220,234,236,303,339,340,Na
BSC Mud,Deep,2,1,275,Nr,Nr,Nr,Nr,Nr,Nr,Nr,Nr,Nr,Nr,Nr,Nr,Nr,Nr,Nr,Nr,Nr,Nr,Nr,Nr,Nr,Nr,Nr,Nr,Nr,Nr,Nr,Nr,Nr,Nr,Nr,Nr,Nr,Nr,Nr,Nr,Nr,Nr,Nr,Nr,Nr,Nr,Nr,Nr,Nr,Nr,Nr,Nr,230,Nr,264,Nr,225,227,237,300,338,348,Na
BSC Mud,Deep,2,2,275,Nr,Nr,Nr,Nr,Nr,Nr,Nr,Nr,Nr,Nr,Nr,Nr,Nr,Nr,Nr,Nr,Nr,Nr,Nr,Nr,Nr,Nr,Nr,Nr,Nr,Nr,Nr,Nr,Nr,Nr,Nr,Nr,Nr,Nr,Nr,Nr,Nr,Nr,Nr,Nr,Nr,Nr,Nr,Nr,Nr,Nr,Nr,Nr,229,Nr,263,Nr,222,235,242,300,337,337,Na
BSC Mud,Deep,2,3,275,Nr,Nr,Nr,Nr,Nr,Nr,Nr,Nr,Nr,Nr,Nr,Nr,Nr,Nr,Nr,Nr,Nr,Nr,Nr,Nr,Nr,Nr,Nr,Nr,Nr,Nr,Nr,Nr,Nr,Nr,Nr,Nr,Nr,Nr,Nr,Nr,Nr,Nr,Nr,Nr,Nr,Nr,Nr,Nr,Nr,Nr,Nr,Nr,226,Nr,264,Nr,227,231,237,299,336,344,Na
BSC Mud,Deep,2,4,275,Nr,Nr,Nr,Nr,Nr,Nr,Nr,Nr,Nr,Nr,Nr,Nr,Nr,Nr,Nr,Nr,Nr,Nr,Nr,Nr,Nr,Nr,Nr,Nr,Nr,Nr,Nr,Nr,Nr,Nr,Nr,Nr,Nr,Nr,Nr,Nr,Nr,Nr,Nr,Nr,Nr,Nr,Nr,Nr,Nr,Nr,Nr,Nr,222,Nr,260,Nr,224,231,252,300,345,340,Na
BSC Mud,Deep,2,5,275,Nr,Nr,Nr,Nr,Nr,Nr,Nr,Nr,Nr,Nr,Nr,Nr,Nr,Nr,Nr,Nr,Nr,Nr,Nr,Nr,Nr,Nr,Nr,Nr,Nr,Nr,Nr,Nr,Nr,Nr,Nr,Nr,Nr,Nr,Nr,Nr,Nr,Nr,Nr,Nr,Nr,Nr,Nr,Nr,Nr,Nr,Nr,Nr,224,Nr,263,Nr,225,233,237,297,346,341,Na
BSC Mud,Deep,2,6,275,Nr,Nr,Nr,Nr,Nr,Nr,Nr,Nr,Nr,Nr,Nr,Nr,Nr,Nr,Nr,Nr,Nr,Nr,Nr,Nr,Nr,Nr,Nr,Nr,Nr,Nr,Nr,Nr,Nr,Nr,Nr,Nr,Nr,Nr,Nr,Nr,Nr,Nr,Nr,Nr,Nr,Nr,Nr,Nr,Nr,Nr,Nr,Nr,220,Nr,268,Nr,225,232,243,299,339,339,Na
BSC Mud,Deep,2,7,275,Nr,Nr,Nr,Nr,Nr,Nr,Nr,Nr,Nr,Nr,Nr,Nr,Nr,Nr,Nr,Nr,Nr,Nr,Nr,Nr,Nr,Nr,Nr,Nr,Nr,Nr,Nr,Nr,Nr,Nr,Nr,Nr,Nr,Nr,Nr,Nr,Nr,Nr,Nr,Nr,Nr,Nr,Nr,Nr,Nr,Nr,Nr,Nr,221,Nr,254,Nr,223,234,249,292,343,338,Na
BSC Mud,Deep,2,8,275,Nr,Nr,Nr,Nr,Nr,Nr,Nr,Nr,Nr,Nr,Nr,Nr,Nr,Nr,Nr,Nr,Nr,Nr,Nr,Nr,Nr,Nr,Nr,Nr,Nr,Nr,Nr,Nr,Nr,Nr,Nr,Nr,Nr,Nr,Nr,Nr,Nr,Nr,Nr,Nr,Nr,Nr,Nr,Nr,Nr,Nr,Nr,Nr,220,Nr,264,Nr,222,235,244,298,H,324,Na
BSC Mud,Deep,2,9,275,Nr,Nr,Nr,Nr,Nr,Nr,Nr,Nr,Nr,Nr,Nr,Nr,Nr,Nr,Nr,Nr,Nr,Nr,Nr,Nr,Nr,Nr,Nr,Nr,Nr,Nr,Nr,Nr,Nr,Nr,Nr,Nr,Nr,Nr,Nr,Nr,Nr,Nr,Nr,Nr,Nr,Nr,Nr,Nr,Nr,Nr,Nr,Nr,218,Nr,263,Nr,227,237,245,298,333,324,Na
BSC Mud,Deep,3,1,5,Nr,Nr,Nr,Nr,Nr,Nr,Nr,Nr,Nr,Nr,Nr,Nr,Nr,Nr,Nr,Nr,Nr,Nr,Nr,Nr,Nr,Nr,Nr,Nr,Nr,Nr,Nr,Nr,Nr,Nr,Nr,Nr,Nr,Nr,Nr,Nr,Nr,Nr,Nr,Nr,Nr,Nr,Nr,Nr,Nr,Nr,Nr,Nr,Bd,Nr,210,Nr,167,158,H,235,293,282,Na
BSC Mud,Deep,3,2,5,Nr,Nr,Nr,Nr,Nr,Nr,Nr,Nr,Nr,Nr,Nr,Nr,Nr,Nr,Nr,Nr,Nr,Nr,Nr,Nr,Nr,Nr,Nr,Nr,Nr,Nr,Nr,Nr,Nr,Nr,Nr,Nr,Nr,Nr,Nr,Nr,Nr,Nr,Nr,Nr,Nr,Nr,Nr,Nr,Nr,Nr,Nr,Nr,Bd,Nr,101,Nr,165,160,H,234,291,281,Na
BSC Mud,Deep,3,3,5,Nr,Nr,Nr,Nr,Nr,Nr,Nr,Nr,Nr,Nr,Nr,Nr,Nr,Nr,Nr,Nr,Nr,Nr,Nr,Nr,Nr,Nr,Nr,Nr,Nr,Nr,Nr,Nr,Nr,Nr,Nr,Nr,Nr,Nr,Nr,Nr,Nr,Nr,Nr,Nr,Nr,Nr,Nr,Nr,Nr,Nr,Nr,Nr,Bd,Nr,111,Nr,156,154,156,234,292,276,Na
BSC Mud,Deep,3,4,5,Nr,Nr,Nr,Nr,Nr,Nr,Nr,Nr,Nr,Nr,Nr,Nr,Nr,Nr,Nr,Nr,Nr,Nr,Nr,Nr,Nr,Nr,Nr,Nr,Nr,Nr,Nr,Nr,Nr,Nr,Nr,Nr,Nr,Nr,Nr,Nr,Nr,Nr,Nr,Nr,Nr,Nr,Nr,Nr,Nr,Nr,Nr,Nr,Bd,Nr,184,Nr,162,156,H,232,287,269,Na
BSC Mud,Deep,3,5,5,Nr,Nr,Nr,Nr,Nr,Nr,Nr,Nr,Nr,Nr,Nr,Nr,Nr,Nr,Nr,Nr,Nr,Nr,Nr,Nr,Nr,Nr,Nr,Nr,Nr,Nr,Nr,Nr,Nr,Nr,Nr,Nr,Nr,Nr,Nr,Nr,Nr,Nr,Nr,Nr,Nr,Nr,Nr,Nr,Nr,Nr,Nr,Nr,Bd,Nr,183,Nr,158,164,174,233,276,276,Na
BSC Mud,Deep,3,6,5,Nr,Nr,Nr,Nr,Nr,Nr,Nr,Nr,Nr,Nr,Nr,Nr,Nr,Nr,Nr,Nr,Nr,Nr,Nr,Nr,Nr,Nr,Nr,Nr,Nr,Nr,Nr,Nr,Nr,Nr,Nr,Nr,Nr,Nr,Nr,Nr,Nr,Nr,Nr,Nr,Nr,Nr,Nr,Nr,Nr,Nr,Nr,Nr,Bd,Nr,210,Nr,164,169,190,232,284,276,Na
BSC Mud,Deep,3,7,5,Nr,Nr,Nr,Nr,Nr,Nr,Nr,Nr,Nr,Nr,Nr,Nr,Nr,Nr,Nr,Nr,Nr,Nr,Nr,Nr,Nr,Nr,Nr,Nr,Nr,Nr,Nr,Nr,Nr,Nr,Nr,Nr,Nr,Nr,Nr,Nr,Nr,Nr,Nr,Nr,Nr,Nr,Nr,Nr,Nr,Nr,Nr,Nr,Bd,Nr,209,Nr,150,179,189,236,273,270,Na
BSC Mud,Deep,3,8,5,Nr,Nr,Nr,Nr,Nr,Nr,Nr,Nr,Nr,Nr,Nr,Nr,Nr,Nr,Nr,Nr,Nr,Nr,Nr,Nr,Nr,Nr,Nr,Nr,Nr,Nr,Nr,Nr,Nr,Nr,Nr,Nr,Nr,Nr,Nr,Nr,Nr,Nr,Nr,Nr,Nr,Nr,Nr,Nr,Nr,Nr,Nr,Nr,Bd,Nr,202,Nr,167,182,194,237,276,274,Na
BSC Mud,Deep,3,9,5,Nr,Nr,Nr,Nr,Nr,Nr,Nr,Nr,Nr,Nr,Nr,Nr,Nr,Nr,Nr,Nr,Nr,Nr,Nr,Nr,Nr,Nr,Nr,Nr,Nr,Nr,Nr,Nr,Nr,Nr,Nr,Nr,Nr,Nr,Nr,Nr,Nr,Nr,Nr,Nr,Nr,Nr,Nr,Nr,Nr,Nr,Nr,Nr,Bd,Nr,191,Nr,160,164,198,234,263,273,Na
BSC Mud,Deep,3,1,185,Nr,Nr,Nr,Nr,Nr,Nr,Nr,Nr,Nr,Nr,Nr,Nr,Nr,Nr,Nr,Nr,Nr,Nr,Nr,Nr,Nr,Nr,Nr,Nr,Nr,Nr,Nr,Nr,Nr,Nr,Nr,Nr,Nr,Nr,Nr,Nr,Nr,Nr,Nr,Nr,Nr,Nr,Nr,Nr,Nr,Nr,Nr,Nr,Bd,Nr,263,Nr,167,202,250,276,315,300,Na
BSC Mud,Deep,3,2,185,Nr,Nr,Nr,Nr,Nr,Nr,Nr,Nr,Nr,Nr,Nr,Nr,Nr,Nr,Nr,Nr,Nr,Nr,Nr,Nr,Nr,Nr,Nr,Nr,Nr,Nr,Nr,Nr,Nr,Nr,Nr,Nr,Nr,Nr,Nr,Nr,Nr,Nr,Nr,Nr,Nr,Nr,Nr,Nr,Nr,Nr,Nr,Nr,Bd,Nr,263,Nr,153,191,245,279,311,301,Na
BSC Mud,Deep,3,3,185,Nr,Nr,Nr,Nr,Nr,Nr,Nr,Nr,Nr,Nr,Nr,Nr,Nr,Nr,Nr,Nr,Nr,Nr,Nr,Nr,Nr,Nr,Nr,Nr,Nr,Nr,Nr,Nr,Nr,Nr,Nr,Nr,Nr,Nr,Nr,Nr,Nr,Nr,Nr,Nr,Nr,Nr,Nr,Nr,Nr,Nr,Nr,Nr,Bd,Nr,267,Nr,155,189,237,274,308,294,Na
BSC Mud,Deep,3,4,185,Nr,Nr,Nr,Nr,Nr,Nr,Nr,Nr,Nr,Nr,Nr,Nr,Nr,Nr,Nr,Nr,Nr,Nr,Nr,Nr,Nr,Nr,Nr,Nr,Nr,Nr,Nr,Nr,Nr,Nr,Nr,Nr,Nr,Nr,Nr,Nr,Nr,Nr,Nr,Nr,Nr,Nr,Nr,Nr,Nr,Nr,Nr,Nr,Bd,Nr,267,Nr,162,169,H,273,316,288,Na
BSC Mud,Deep,3,5,185,Nr,Nr,Nr,Nr,Nr,Nr,Nr,Nr,Nr,Nr,Nr,Nr,Nr,Nr,Nr,Nr,Nr,Nr,Nr,Nr,Nr,Nr,Nr,Nr,Nr,Nr,Nr,Nr,Nr,Nr,Nr,Nr,Nr,Nr,Nr,Nr,Nr,Nr,Nr,Nr,Nr,Nr,Nr,Nr,Nr,Nr,Nr,Nr,Bd,Nr,239,Nr,163,176,H,270,317,290,Na
BSC Mud,Deep,3,6,185,Nr,Nr,Nr,Nr,Nr,Nr,Nr,Nr,Nr,Nr,Nr,Nr,Nr,Nr,Nr,Nr,Nr,Nr,Nr,Nr,Nr,Nr,Nr,Nr,Nr,Nr,Nr,Nr,Nr,Nr,Nr,Nr,Nr,Nr,Nr,Nr,Nr,Nr,Nr,Nr,Nr,Nr,Nr,Nr,Nr,Nr,Nr,Nr,Bd,Nr,274,Nr,154,176,201,270,321,285,Na
BSC Mud,Deep,3,7,185,Nr,Nr,Nr,Nr,Nr,Nr,Nr,Nr,Nr,Nr,Nr,Nr,Nr,Nr,Nr,Nr,Nr,Nr,Nr,Nr,Nr,Nr,Nr,Nr,Nr,Nr,Nr,Nr,Nr,Nr,Nr,Nr,Nr,Nr,Nr,Nr,Nr,Nr,Nr,Nr,Nr,Nr,Nr,Nr,Nr,Nr,Nr,Nr,Bd,Nr,284,Nr,162,177,229,270,313,282,Na
BSC Mud,Deep,3,8,185,Nr,Nr,Nr,Nr,Nr,Nr,Nr,Nr,Nr,Nr,Nr,Nr,Nr,Nr,Nr,Nr,Nr,Nr,Nr,Nr,Nr,Nr,Nr,Nr,Nr,Nr,Nr,Nr,Nr,Nr,Nr,Nr,Nr,Nr,Nr,Nr,Nr,Nr,Nr,Nr,Nr,Nr,Nr,Nr,Nr,Nr,Nr,Nr,Bd,Nr,289,Nr,160,157,229,268,311,276,Na
BSC Mud,Deep,3,9,185,Nr,Nr,Nr,Nr,Nr,Nr,Nr,Nr,Nr,Nr,Nr,Nr,Nr,Nr,Nr,Nr,Nr,Nr,Nr,Nr,Nr,Nr,Nr,Nr,Nr,Nr,Nr,Nr,Nr,Nr,Nr,Nr,Nr,Nr,Nr,Nr,Nr,Nr,Nr,Nr,Nr,Nr,Nr,Nr,Nr,Nr,Nr,Nr,Bd,Nr,298,Nr,171,153,213,268,306,274,Na
BSC Mud,Deep,3,1,230,Nr,Nr,Nr,Nr,Nr,Nr,Nr,Nr,Nr,Nr,Nr,Nr,Nr,Nr,Nr,Nr,Nr,Nr,Nr,Nr,Nr,Nr,Nr,Nr,Nr,Nr,Nr,Nr,Nr,Nr,Nr,Nr,Nr,Nr,Nr,Nr,Nr,Nr,Nr,Nr,Nr,Nr,Nr,Nr,Nr,Nr,Nr,Nr,Bd,Nr,234,Nr,170,153,207,247,263,279,Na
BSC Mud,Deep,3,2,230,Nr,Nr,Nr,Nr,Nr,Nr,Nr,Nr,Nr,Nr,Nr,Nr,Nr,Nr,Nr,Nr,Nr,Nr,Nr,Nr,Nr,Nr,Nr,Nr,Nr,Nr,Nr,Nr,Nr,Nr,Nr,Nr,Nr,Nr,Nr,Nr,Nr,Nr,Nr,Nr,Nr,Nr,Nr,Nr,Nr,Nr,Nr,Nr,Bd,Nr,226,Nr,168,156,220,245,264,266,Na
BSC Mud,Deep,3,3,230,Nr,Nr,Nr,Nr,Nr,Nr,Nr,Nr,Nr,Nr,Nr,Nr,Nr,Nr,Nr,Nr,Nr,Nr,Nr,Nr,Nr,Nr,Nr,Nr,Nr,Nr,Nr,Nr,Nr,Nr,Nr,Nr,Nr,Nr,Nr,Nr,Nr,Nr,Nr,Nr,Nr,Nr,Nr,Nr,Nr,Nr,Nr,Nr,Bd,Nr,216,Nr,176,165,208,235,258,264,Na
BSC Mud,Deep,3,4,230,Nr,Nr,Nr,Nr,Nr,Nr,Nr,Nr,Nr,Nr,Nr,Nr,Nr,Nr,Nr,Nr,Nr,Nr,Nr,Nr,Nr,Nr,Nr,Nr,Nr,Nr,Nr,Nr,Nr,Nr,Nr,Nr,Nr,Nr,Nr,Nr,Nr,Nr,Nr,Nr,Nr,Nr,Nr,Nr,Nr,Nr,Nr,Nr,Bd,Nr,153,Nr,175,175,207,231,265,252,Na
BSC Mud,Deep,3,5,230,Nr,Nr,Nr,Nr,Nr,Nr,Nr,Nr,Nr,Nr,Nr,Nr,Nr,Nr,Nr,Nr,Nr,Nr,Nr,Nr,Nr,Nr,Nr,Nr,Nr,Nr,Nr,Nr,Nr,Nr,Nr,Nr,Nr,Nr,Nr,Nr,Nr,Nr,Nr,Nr,Nr,Nr,Nr,Nr,Nr,Nr,Nr,Nr,Bd,Nr,203,Nr,177,168,203,223,244,244,Na
BSC Mud,Deep,3,6,230,Nr,Nr,Nr,Nr,Nr,Nr,Nr,Nr,Nr,Nr,Nr,Nr,Nr,Nr,Nr,Nr,Nr,Nr,Nr,Nr,Nr,Nr,Nr,Nr,Nr,Nr,Nr,Nr,Nr,Nr,Nr,Nr,Nr,Nr,Nr,Nr,Nr,Nr,Nr,Nr,Nr,Nr,Nr,Nr,Nr,Nr,Nr,Nr,Bd,Nr,199,Nr,175,174,181,220,243,238,Na
BSC Mud,Deep,3,7,230,Nr,Nr,Nr,Nr,Nr,Nr,Nr,Nr,Nr,Nr,Nr,Nr,Nr,Nr,Nr,Nr,Nr,Nr,Nr,Nr,Nr,Nr,Nr,Nr,Nr,Nr,Nr,Nr,Nr,Nr,Nr,Nr,Nr,Nr,Nr,Nr,Nr,Nr,Nr,Nr,Nr,Nr,Nr,Nr,Nr,Nr,Nr,Nr,Bd,Nr,135,Nr,177,174,168,203,245,235,Na
BSC Mud,Deep,3,8,230,Nr,Nr,Nr,Nr,Nr,Nr,Nr,Nr,Nr,Nr,Nr,Nr,Nr,Nr,Nr,Nr,Nr,Nr,Nr,Nr,Nr,Nr,Nr,Nr,Nr,Nr,Nr,Nr,Nr,Nr,Nr,Nr,Nr,Nr,Nr,Nr,Nr,Nr,Nr,Nr,Nr,Nr,Nr,Nr,Nr,Nr,Nr,Nr,Bd,Nr,182,Nr,175,163,165,203,242,222,Na
BSC Mud,Deep,3,9,230,Nr,Nr,Nr,Nr,Nr,Nr,Nr,Nr,Nr,Nr,Nr,Nr,Nr,Nr,Nr,Nr,Nr,Nr,Nr,Nr,Nr,Nr,Nr,Nr,Nr,Nr,Nr,Nr,Nr,Nr,Nr,Nr,Nr,Nr,Nr,Nr,Nr,Nr,Nr,Nr,Nr,Nr,Nr,Nr,Nr,Nr,Nr,Nr,Bd,Nr,216,Nr,195,159,H,208,H,H,Na
BSC Mud,Deep,3,1,320,Nr,Nr,Nr,Nr,Nr,Nr,Nr,Nr,Nr,Nr,Nr,Nr,Nr,Nr,Nr,Nr,Nr,Nr,Nr,Nr,Nr,Nr,Nr,Nr,Nr,Nr,Nr,Nr,Nr,Nr,Nr,Nr,Nr,Nr,Nr,Nr,Nr,Nr,Nr,Nr,Nr,Nr,Nr,Nr,Nr,Nr,Nr,Nr,Bd,Nr,212,Nr,159,181,190,212,252,259,Na
BSC Mud,Deep,3,2,320,Nr,Nr,Nr,Nr,Nr,Nr,Nr,Nr,Nr,Nr,Nr,Nr,Nr,Nr,Nr,Nr,Nr,Nr,Nr,Nr,Nr,Nr,Nr,Nr,Nr,Nr,Nr,Nr,Nr,Nr,Nr,Nr,Nr,Nr,Nr,Nr,Nr,Nr,Nr,Nr,Nr,Nr,Nr,Nr,Nr,Nr,Nr,Nr,Bd,Nr,195,Nr,156,166,193,213,239,261,Na
BSC Mud,Deep,3,3,320,Nr,Nr,Nr,Nr,Nr,Nr,Nr,Nr,Nr,Nr,Nr,Nr,Nr,Nr,Nr,Nr,Nr,Nr,Nr,Nr,Nr,Nr,Nr,Nr,Nr,Nr,Nr,Nr,Nr,Nr,Nr,Nr,Nr,Nr,Nr,Nr,Nr,Nr,Nr,Nr,Nr,Nr,Nr,Nr,Nr,Nr,Nr,Nr,Bd,Nr,196,Nr,156,169,201,216,231,253,Na
BSC Mud,Deep,3,4,320,Nr,Nr,Nr,Nr,Nr,Nr,Nr,Nr,Nr,Nr,Nr,Nr,Nr,Nr,Nr,Nr,Nr,Nr,Nr,Nr,Nr,Nr,Nr,Nr,Nr,Nr,Nr,Nr,Nr,Nr,Nr,Nr,Nr,Nr,Nr,Nr,Nr,Nr,Nr,Nr,Nr,Nr,Nr,Nr,Nr,Nr,Nr,Nr,Bd,Nr,200,Nr,164,147,207,209,218,242,Na
BSC Mud,Deep,3,5,320,Nr,Nr,Nr,Nr,Nr,Nr,Nr,Nr,Nr,Nr,Nr,Nr,Nr,Nr,Nr,Nr,Nr,Nr,Nr,Nr,Nr,Nr,Nr,Nr,Nr,Nr,Nr,Nr,Nr,Nr,Nr,Nr,Nr,Nr,Nr,Nr,Nr,Nr,Nr,Nr,Nr,Nr,Nr,Nr,Nr,Nr,Nr,Nr,Bd,Nr,184,Nr,160,145,203,205,207,224,Na
BSC Mud,Deep,3,6,320,Nr,Nr,Nr,Nr,Nr,Nr,Nr,Nr,Nr,Nr,Nr,Nr,Nr,Nr,Nr,Nr,Nr,Nr,Nr,Nr,Nr,Nr,Nr,Nr,Nr,Nr,Nr,Nr,Nr,Nr,Nr,Nr,Nr,Nr,Nr,Nr,Nr,Nr,Nr,Nr,Nr,Nr,Nr,Nr,Nr,Nr,Nr,Nr,Bd,Nr,197,Nr,158,Bd,191,195,223,212,Na
BSC Mud,Deep,3,7,320,Nr,Nr,Nr,Nr,Nr,Nr,Nr,Nr,Nr,Nr,Nr,Nr,Nr,Nr,Nr,Nr,Nr,Nr,Nr,Nr,Nr,Nr,Nr,Nr,Nr,Nr,Nr,Nr,Nr,Nr,Nr,Nr,Nr,Nr,Nr,Nr,Nr,Nr,Nr,Nr,Nr,Nr,Nr,Nr,Nr,Nr,Nr,Nr,Bd,Nr,195,Nr,151,Bd,179,193,201,191,Na
BSC Mud,Deep,3,8,320,Nr,Nr,Nr,Nr,Nr,Nr,Nr,Nr,Nr,Nr,Nr,Nr,Nr,Nr,Nr,Nr,Nr,Nr,Nr,Nr,Nr,Nr,Nr,Nr,Nr,Nr,Nr,Nr,Nr,Nr,Nr,Nr,Nr,Nr,Nr,Nr,Nr,Nr,Nr,Nr,Nr,Nr,Nr,Nr,Nr,Nr,Nr,Nr,Bd,Nr,192,Nr,155,Bd,166,199,201,186,Na
BSC Mud,Deep,3,9,320,Nr,Nr,Nr,Nr,Nr,Nr,Nr,Nr,Nr,Nr,Nr,Nr,Nr,Nr,Nr,Nr,Nr,Nr,Nr,Nr,Nr,Nr,Nr,Nr,Nr,Nr,Nr,Nr,Nr,Nr,Nr,Nr,Nr,Nr,Nr,Nr,Nr,Nr,Nr,Nr,Nr,Nr,Nr,Nr,Nr,Nr,Nr,Nr,Bd,Nr,203,Nr,148,Bd,159,192,216,195,Na
BSC Mud,Original,1,1,70,420,418,410,395,Nr,405,419,397,Nr,393,Nr,386,388,399,397,398,391,380,Nr,356,384,389,381,383,Nr,383,383,381,378,Nr,370,Nr,358,373,357,370,359,376,369,386,358,355,343,368,Nr,Nr,Nr,Nr,Nr,Nr,Nr,Nr,Nr,Nr,Nr,Na,Na,Na,Na
BSC Mud,Original,1,2,70,421,420,411,396,Nr,412,416,405,Nr,404,Nr,390,394,403,400,394,391,378,Nr,382,385,393,389,389,Nr,375,379,378,372,Nr,370,Nr,375,372,366,370,380,377,359,378,365,358,345,358,Nr,Nr,Nr,Nr,Nr,Nr,Nr,Nr,Nr,Nr,Nr,Na,Na,Na,Na
BSC Mud,Original,1,3,70,420,426,412,398,Nr,407,422,412,Nr,404,Nr,407,403,397,403,398,392,380,Nr,376,379,384,389,385,Nr,369,387,370,372,Nr,379,Nr,367,363,355,369,388,379,363,371,370,358,360,267,Nr,Nr,Nr,Nr,Nr,Nr,Nr,Nr,Nr,Nr,Nr,Na,Na,Na,Na
BSC Mud,Original,1,4,70,421,420,401,397,Nr,418,417,H,Nr,384,Nr,366,376,402,387,393,394,384,Nr,372,389,378,367,390,Nr,378,389,379,391,Nr,376,Nr,363,386,364,373,365,375,366,376,371,363,366,368,Nr,Nr,Nr,Nr,Nr,Nr,Nr,Nr,Nr,Nr,Nr,Na,Na,Na,Na
BSC Mud,Original,1,5,70,423,O,414,401,Nr,416,418,406,Nr,398,Nr,393,396,401,397,391,390,384,Nr,381,387,385,393,385,Nr,387,380,380,386,Nr,378,Nr,365,372,361,371,370,373,351,370,365,359,352,320,Nr,Nr,Nr,Nr,Nr,Nr,Nr,Nr,Nr,Nr,Nr,Na,Na,Na,Na
BSC Mud,Original,1,6,70,428,428,420,397,Nr,409,419,409,Nr,399,Nr,404,392,394,399,386,388,391,Nr,380,381,372,392,383,Nr,369,384,367,383,Nr,373,Nr,366,371,361,366,362,373,365,378,360,363,355,340,Nr,Nr,Nr,Nr,Nr,Nr,Nr,Nr,Nr,Nr,Nr,Na,Na,Na,Na
BSC Mud,Original,1,7,70,429,421,396,396,Nr,414,411,392,Nr,400,Nr,385,365,401,391,389,393,381,Nr,385,383,387,376,397,Nr,384,379,379,391,Nr,374,Nr,364,377,368,374,357,369,370,380,377,355,366,360,Nr,Nr,Nr,Nr,Nr,Nr,Nr,Nr,Nr,Nr,Nr,Na,Na,Na,Na
BSC Mud,Original,1,8,70,428,418,408,386,Nr,409,406,400,Nr,396,Nr,346,383,404,395,401,387,389,Nr,380,384,375,385,395,Nr,397,387,368,386,Nr,370,Nr,358,367,365,365,347,369,351,386,374,358,354,363,Nr,Nr,Nr,Nr,Nr,Nr,Nr,Nr,Nr,Nr,Nr,Na,Na,Na,Na
BSC Mud,Original,1,9,70,428,420,420,384,Nr,415,415,408,Nr,384,Nr,391,393,405,392,395,387,398,Nr,379,384,382,Bd,Bd,Nr,Bd,382,366,380,Nr,369,Nr,345,363,360,354,354,360,352,370,363,342,354,365,Nr,Nr,Nr,Nr,Nr,Nr,Nr,Nr,Nr,Nr,Nr,Na,Na,Na,Na
BSC Mud,Original,1,1,115,426,420,424,412,Nr,417,420,418,Nr,421,Nr,418,412,399,399,396,394,389,Nr,386,395,389,401,390,Nr,390,388,379,Nr,Nr,374,Nr,372,378,362,368,370,374,360,355,359,372,366,366,363,356,351,354,343,Nr,379,Nr,Nr,Nr,Nr,Na,Na,Na,Na
BSC Mud,Original,1,2,115,430,424,431,405,Nr,420,420,419,Nr,418,Nr,408,406,405,399,398,391,388,Nr,384,386,385,393,387,Nr,382,379,384,Nr,Nr,376,Nr,375,379,359,368,368,369,366,345,370,374,344,369,359,357,348,350,319,Nr,370,Nr,Nr,Nr,Nr,Na,Na,Na,Na
BSC Mud,Original,1,3,115,430,429,427,413,Nr,419,420,414,Nr,398,Nr,395,402,398,402,396,395,387,Nr,381,397,386,399,391,Nr,388,382,381,Nr,Nr,393,Nr,369,375,360,371,369,366,363,355,367,364,359,365,362,357,352,351,317,Nr,374,Nr,Nr,Nr,Nr,Na,Na,Na,Na
BSC Mud,Original,1,4,115,427,427,426,408,Nr,422,415,412,Nr,411,Nr,421,414,400,400,397,396,384,Nr,379,400,392,396,393,Nr,393,385,389,Nr,Nr,397,Nr,372,379,360,369,377,378,366,324,363,365,361,368,360,351,350,351,347,Nr,358,Nr,Nr,Nr,Nr,Na,Na,Na,Na
BSC Mud,Original,1,5,115,425,432,430,411,Nr,422,413,405,Nr,419,Nr,405,405,405,399,394,395,388,Nr,380,395,393,401,392,Nr,383,383,389,Nr,Nr,389,Nr,368,379,364,363,368,370,369,358,354,364,361,364,360,352,347,351,346,Nr,371,Nr,Nr,Nr,Nr,Na,Na,Na,Na
BSC Mud,Original,1,6,115,430,438,435,413,Nr,417,417,411,Nr,410,Nr,411,416,405,418,410,401,388,Nr,385,391,390,399,393,Nr,392,388,390,Nr,Nr,385,Nr,358,374,366,371,376,380,368,344,370,367,358,363,367,352,354,332,348,Nr,368,Nr,Nr,Nr,Nr,Na,Na,Na,Na
BSC Mud,Original,1,7,115,435,430,434,407,Nr,424,415,416,Nr,418,Nr,404,405,410,401,395,396,390,Nr,385,395,398,407,395,Nr,397,384,392,Nr,Nr,390,Nr,364,378,369,364,371,373,377,378,358,368,359,367,359,361,350,353,351,Nr,383,Nr,Nr,Nr,Nr,Na,Na,Na,Na
BSC Mud,Original,1,8,115,433,423,434,408,Nr,424,410,405,Nr,403,Nr,402,412,H,405,396,396,383,Nr,383,402,403,406,395,Nr,393,389,390,Nr,Nr,381,Nr,371,374,361,362,367,369,367,368,360,369,358,369,364,357,335,359,343,Nr,375,Nr,Nr,Nr,Nr,Na,Na,Na,Na
BSC Mud,Original,1,9,115,424,426,431,408,Nr,424,419,406,Nr,413,Nr,415,414,399,409,413,396,388,Nr,381,394,391,405,397,Nr,394,391,386,Nr,Nr,376,Nr,368,379,363,374,368,378,383,355,365,365,356,372,366,360,355,359,350,Nr,382,Nr,Nr,Nr,Nr,Na,Na,Na,Na
BSC Mud,Original,1,1,150,429,424,435,409,Nr,424,414,416,Nr,414,Nr,415,416,410,407,400,402,389,Nr,389,400,406,396,399,Nr,393,390,372,393,Nr,Nr,Nr,Nr,Nr,Nr,Nr,Nr,Nr,Nr,Nr,Nr,Nr,Nr,Nr,Nr,Nr,Nr,Nr,Nr,Nr,Nr,Nr,Nr,Nr,Nr,Na,Na,Na,Na
BSC Mud,Original,1,2,150,428,422,422,411,Nr,422,397,413,Nr,412,Nr,415,410,411,410,407,401,391,Nr,405,405,407,407,401,Nr,389,392,375,389,Nr,Nr,Nr,Nr,Nr,Nr,Nr,Nr,Nr,Nr,Nr,Nr,Nr,Nr,Nr,Nr,Nr,Nr,Nr,Nr,Nr,Nr,Nr,Nr,Nr,Nr,Na,Na,Na,Na
BSC Mud,Original,1,3,150,433,430,428,414,Nr,424,401,419,Nr,415,Nr,387,405,410,405,402,399,390,Nr,402,400,405,413,402,Nr,391,393,376,384,Nr,Nr,Nr,Nr,Nr,Nr,Nr,Nr,Nr,Nr,Nr,Nr,Nr,Nr,Nr,Nr,Nr,Nr,Nr,Nr,Nr,Nr,Nr,Nr,Nr,Nr,Na,Na,Na,Na
BSC Mud,Original,1,4,150,430,423,428,406,Nr,418,407,412,Nr,408,Nr,410,404,406,406,396,404,388,Nr,391,403,416,406,401,Nr,391,391,375,380,Nr,Nr,Nr,Nr,Nr,Nr,Nr,Nr,Nr,Nr,Nr,Nr,Nr,Nr,Nr,Nr,Nr,Nr,Nr,Nr,Nr,Nr,Nr,Nr,Nr,Nr,Na,Na,Na,Na
BSC Mud,Original,1,5,150,435,427,435,418,Nr,421,414,411,Nr,412,Nr,405,397,402,403,402,400,387,Nr,396,412,421,411,399,Nr,392,392,368,385,Nr,Nr,Nr,Nr,Nr,Nr,Nr,Nr,Nr,Nr,Nr,Nr,Nr,Nr,Nr,Nr,Nr,Nr,Nr,Nr,Nr,Nr,Nr,Nr,Nr,Nr,Na,Na,Na,Na
BSC Mud,Original,1,6,150,436,427,424,416,Nr,426,403,419,Nr,419,Nr,422,401,402,401,402,396,390,Nr,391,407,412,413,401,Nr,388,393,374,386,Nr,Nr,Nr,Nr,Nr,Nr,Nr,Nr,Nr,Nr,Nr,Nr,Nr,Nr,Nr,Nr,Nr,Nr,Nr,Nr,Nr,Nr,Nr,Nr,Nr,Nr,Na,Na,Na,Na
BSC Mud,Original,1,7,150,430,425,427,406,Nr,418,400,413,Nr,411,Nr,407,396,406,397,385,394,389,Nr,389,396,407,410,397,Nr,370,393,365,373,Nr,Nr,Nr,Nr,Nr,Nr,Nr,Nr,Nr,Nr,Nr,Nr,Nr,Nr,Nr,Nr,Nr,Nr,Nr,Nr,Nr,Nr,Nr,Nr,Nr,Nr,Na,Na,Na,Na
BSC Mud,Original,1,8,150,437,427,433,413,Nr,416,399,409,Nr,389,Nr,402,394,408,402,390,393,388,Nr,392,409,414,419,398,Nr,379,387,366,381,Nr,Nr,Nr,Nr,Nr,Nr,Nr,Nr,Nr,Nr,Nr,Nr,Nr,Nr,Nr,Nr,Nr,Nr,Nr,Nr,Nr,Nr,Nr,Nr,Nr,Nr,Na,Na,Na,Na
BSC Mud,Original,1,9,150,432,431,441,424,Nr,430,407,418,Nr,397,Nr,409,395,409,396,395,401,395,Nr,394,409,415,416,397,Nr,388,394,355,384,Nr,Nr,Nr,Nr,Nr,Nr,Nr,Nr,Nr,Nr,Nr,Nr,Nr,Nr,Nr,Nr,Nr,Nr,Nr,Nr,Nr,Nr,Nr,Nr,Nr,Nr,Na,Na,Na,Na
BSC Mud,Original,1,1,295,441,433,444,422,Nr,422,431,424,Nr,423,Nr,416,420,416,413,410,409,401,Nr,397,411,408,411,405,Nr,405,399,411,400,Nr,388,Nr,384,390,391,393,384,386,385,391,386,384,381,389,387,382,378,379,374,Nr,402,Nr,Nr,Nr,Nr,Na,Na,Na,Na
BSC Mud,Original,1,2,295,440,435,440,435,Nr,427,427,427,Nr,422,Nr,427,415,423,412,408,408,398,Nr,392,416,385,413,404,Nr,407,400,412,401,Nr,403,Nr,387,390,386,392,382,382,390,390,392,385,382,391,395,380,380,386,372,Nr,406,Nr,Nr,Nr,Nr,Na,Na,Na,Na
BSC Mud,Original,1,3,295,436,428,439,426,Nr,424,416,427,Nr,425,Nr,420,H,416,409,407,412,404,Nr,394,409,412,413,404,Nr,405,401,411,403,Nr,406,Nr,387,390,390,393,388,390,388,385,385,390,384,373,397,382,374,383,379,Nr,395,Nr,Nr,Nr,Nr,Na,Na,Na,Na
BSC Mud,Original,1,4,295,438,432,452,424,Nr,420,427,423,Nr,428,Nr,426,423,409,409,410,409,403,Nr,409,420,414,416,407,Nr,402,407,414,401,Nr,385,Nr,385,396,391,398,382,391,385,396,381,387,383,394,399,383,375,390,377,Nr,403,Nr,Nr,Nr,Nr,Na,Na,Na,Na
BSC Mud,Original,1,5,295,437,432,433,427,Nr,425,426,426,Nr,425,Nr,419,419,411,418,409,407,409,Nr,406,416,417,420,405,Nr,404,398,415,401,Nr,395,Nr,390,392,392,395,384,390,386,400,390,384,382,386,395,385,375,370,365,Nr,404,Nr,Nr,Nr,Nr,Na,Na,Na,Na
BSC Mud,Original,1,6,295,436,428,448,430,Nr,429,422,421,Nr,423,Nr,425,419,418,415,410,407,402,Nr,408,411,415,413,408,Nr,407,401,415,405,Nr,398,Nr,389,394,390,394,392,389,396,390,389,394,392,396,400,387,379,384,365,Nr,392,Nr,Nr,Nr,Nr,Na,Na,Na,Na
BSC Mud,Original,1,7,295,444,438,447,427,Nr,429,429,423,Nr,427,Nr,420,422,419,409,406,407,403,Nr,386,411,413,415,411,Nr,407,392,417,403,Nr,398,Nr,396,398,392,397,378,393,398,401,391,384,383,392,400,392,382,362,380,Nr,406,Nr,Nr,Nr,Nr,Na,Na,Na,Na
BSC Mud,Original,1,8,295,440,434,444,430,Nr,431,434,421,Nr,425,Nr,420,420,418,415,409,407,397,Nr,396,414,419,421,405,Nr,406,399,418,400,Nr,397,Nr,392,397,396,397,393,391,391,401,403,385,379,395,400,387,377,391,380,Nr,404,Nr,Nr,Nr,Nr,Na,Na,Na,Na
BSC Mud,Original,1,9,295,437,433,434,427,Nr,433,433,425,Nr,424,Nr,423,422,411,415,408,410,400,Nr,396,410,417,415,409,Nr,400,403,418,401,Nr,406,Nr,361,396,396,394,387,381,377,397,388,388,378,386,397,386,375,384,374,Nr,399,Nr,Nr,Nr,Nr,Na,Na,Na,Na
BSC Mud,Original,1,1,205,Nr,Nr,Nr,Nr,Nr,Nr,Nr,Nr,Nr,Nr,Nr,Nr,Nr,Nr,Nr,Nr,Nr,Nr,Nr,Nr,Nr,Nr,Nr,Nr,Nr,Nr,Nr,Nr,Nr,Nr,400,Nr,391.5,383,375,388,375,373,391,393,390,402,400,399,Nr,353,375,351,379,Nr,410,Nr,Nr,Nr,Nr,Na,Na,Na,Na
BSC Mud,Original,1,2,205,Nr,Nr,Nr,Nr,Nr,Nr,Nr,Nr,Nr,Nr,Nr,Nr,Nr,Nr,Nr,Nr,Nr,Nr,Nr,Nr,Nr,Nr,Nr,Nr,Nr,Nr,Nr,Nr,Nr,Nr,397,Nr,392,387,379,385,382,386,385,392,392,395,391,400,Nr,378,374,375,355,Nr,435,Nr,Nr,Nr,Nr,Na,Na,Na,Na
BSC Mud,Original,1,3,205,Nr,Nr,Nr,Nr,Nr,Nr,Nr,Nr,Nr,Nr,Nr,Nr,Nr,Nr,Nr,Nr,Nr,Nr,Nr,Nr,Nr,Nr,Nr,Nr,Nr,Nr,Nr,Nr,Nr,Nr,395,Nr,388,381,360,385,380,387,380,397,400,380,397,390,Nr,374,369,375,370,Nr,435,Nr,Nr,Nr,Nr,Na,Na,Na,Na
BSC Mud,Original,1,4,205,Nr,Nr,Nr,Nr,Nr,Nr,Nr,Nr,Nr,Nr,Nr,Nr,Nr,Nr,Nr,Nr,Nr,Nr,Nr,Nr,Nr,Nr,Nr,Nr,Nr,Nr,Nr,Nr,Nr,Nr,394,Nr,389.5,385,380,388,375,388,390,406,383,412,413,398,Nr,375,373,386,370,Nr,424,Nr,Nr,Nr,Nr,Na,Na,Na,Na
BSC Mud,Original,1,5,205,Nr,Nr,Nr,Nr,Nr,Nr,Nr,Nr,Nr,Nr,Nr,Nr,Nr,Nr,Nr,Nr,Nr,Nr,Nr,Nr,Nr,Nr,Nr,Nr,Nr,Nr,Nr,Nr,Nr,Nr,390,Nr,386.5,383,380,391,380,395,393,399,402,413,404,397,Nr,377,372,370,375,Nr,430,Nr,Nr,Nr,Nr,Na,Na,Na,Na
BSC Mud,Original,1,6,205,Nr,Nr,Nr,Nr,Nr,Nr,Nr,Nr,Nr,Nr,Nr,Nr,Nr,Nr,Nr,Nr,Nr,Nr,Nr,Nr,Nr,Nr,Nr,Nr,Nr,Nr,Nr,Nr,Nr,Nr,393,Nr,389.5,386,380,386,372,388,391,399,404,398,412,392,Nr,379,373,380,376,Nr,422,Nr,Nr,Nr,Nr,Na,Na,Na,Na
BSC Mud,Original,1,7,205,Nr,Nr,Nr,Nr,Nr,Nr,Nr,Nr,Nr,Nr,Nr,Nr,Nr,Nr,Nr,Nr,Nr,Nr,Nr,Nr,Nr,Nr,Nr,Nr,Nr,Nr,Nr,Nr,Nr,Nr,382,Nr,383.5,385,379,387,371,405,401,411,405,414,422,397,Nr,363,365,371,372,Nr,430,Nr,Nr,Nr,Nr,Na,Na,Na,Na
BSC Mud,Original,1,8,205,Nr,Nr,Nr,Nr,Nr,Nr,Nr,Nr,Nr,Nr,Nr,Nr,Nr,Nr,Nr,Nr,Nr,Nr,Nr,Nr,Nr,Nr,Nr,Nr,Nr,Nr,Nr,Nr,Nr,Nr,403,Nr,394,385,375,388,392,382,380,412,400,405,411,401,Nr,371,367,374,364,Nr,430,Nr,Nr,Nr,Nr,Na,Na,Na,Na
BSC Mud,Original,1,9,205,Nr,Nr,Nr,Nr,Nr,Nr,Nr,Nr,Nr,Nr,Nr,Nr,Nr,Nr,Nr,Nr,Nr,Nr,Nr,Nr,Nr,Nr,Nr,Nr,Nr,Nr,Nr,Nr,Nr,Nr,395,Nr,391,387,380,392,390,362,403,404,370,403,412,395,Nr,379,370,371,329,Nr,420,Nr,Nr,Nr,Nr,Na,Na,Na,Na
BSC Mud,Original,1,1,250,Nr,Nr,Nr,Nr,Nr,Nr,Nr,Nr,Nr,Nr,Nr,Nr,Nr,Nr,Nr,Nr,Nr,Nr,Nr,Nr,Nr,Nr,Nr,Nr,Nr,Nr,Nr,Nr,Nr,Nr,Nr,Nr,Nr,Nr,Nr,Nr,Nr,Nr,Nr,Nr,Nr,Nr,Nr,Nr,377,Nr,Nr,Nr,Nr,Nr,Nr,Nr,Nr,Nr,Nr,Na,Na,Na,Na
BSC Mud,Original,1,2,250,Nr,Nr,Nr,Nr,Nr,Nr,Nr,Nr,Nr,Nr,Nr,Nr,Nr,Nr,Nr,Nr,Nr,Nr,Nr,Nr,Nr,Nr,Nr,Nr,Nr,Nr,Nr,Nr,Nr,Nr,Nr,Nr,Nr,Nr,Nr,Nr,Nr,Nr,Nr,Nr,Nr,Nr,Nr,Nr,381,Nr,Nr,Nr,Nr,Nr,Nr,Nr,Nr,Nr,Nr,Na,Na,Na,Na
BSC Mud,Original,1,3,250,Nr,Nr,Nr,Nr,Nr,Nr,Nr,Nr,Nr,Nr,Nr,Nr,Nr,Nr,Nr,Nr,Nr,Nr,Nr,Nr,Nr,Nr,Nr,Nr,Nr,Nr,Nr,Nr,Nr,Nr,Nr,Nr,Nr,Nr,Nr,Nr,Nr,Nr,Nr,Nr,Nr,Nr,Nr,Nr,379,Nr,Nr,Nr,Nr,Nr,Nr,Nr,Nr,Nr,Nr,Na,Na,Na,Na
BSC Mud,Original,1,4,250,Nr,Nr,Nr,Nr,Nr,Nr,Nr,Nr,Nr,Nr,Nr,Nr,Nr,Nr,Nr,Nr,Nr,Nr,Nr,Nr,Nr,Nr,Nr,Nr,Nr,Nr,Nr,Nr,Nr,Nr,Nr,Nr,Nr,Nr,Nr,Nr,Nr,Nr,Nr,Nr,Nr,Nr,Nr,Nr,382,Nr,Nr,Nr,Nr,Nr,Nr,Nr,Nr,Nr,Nr,Na,Na,Na,Na
BSC Mud,Original,1,5,250,Nr,Nr,Nr,Nr,Nr,Nr,Nr,Nr,Nr,Nr,Nr,Nr,Nr,Nr,Nr,Nr,Nr,Nr,Nr,Nr,Nr,Nr,Nr,Nr,Nr,Nr,Nr,Nr,Nr,Nr,Nr,Nr,Nr,Nr,Nr,Nr,Nr,Nr,Nr,Nr,Nr,Nr,Nr,Nr,376,Nr,Nr,Nr,Nr,Nr,Nr,Nr,Nr,Nr,Nr,Na,Na,Na,Na
BSC Mud,Original,1,6,250,Nr,Nr,Nr,Nr,Nr,Nr,Nr,Nr,Nr,Nr,Nr,Nr,Nr,Nr,Nr,Nr,Nr,Nr,Nr,Nr,Nr,Nr,Nr,Nr,Nr,Nr,Nr,Nr,Nr,Nr,Nr,Nr,Nr,Nr,Nr,Nr,Nr,Nr,Nr,Nr,Nr,Nr,Nr,Nr,371,Nr,Nr,Nr,Nr,Nr,Nr,Nr,Nr,Nr,Nr,Na,Na,Na,Na
BSC Mud,Original,1,7,250,Nr,Nr,Nr,Nr,Nr,Nr,Nr,Nr,Nr,Nr,Nr,Nr,Nr,Nr,Nr,Nr,Nr,Nr,Nr,Nr,Nr,Nr,Nr,Nr,Nr,Nr,Nr,Nr,Nr,Nr,Nr,Nr,Nr,Nr,Nr,Nr,Nr,Nr,Nr,Nr,Nr,Nr,Nr,Nr,386,Nr,Nr,Nr,Nr,Nr,Nr,Nr,Nr,Nr,Nr,Na,Na,Na,Na
BSC Mud,Original,1,8,250,Nr,Nr,Nr,Nr,Nr,Nr,Nr,Nr,Nr,Nr,Nr,Nr,Nr,Nr,Nr,Nr,Nr,Nr,Nr,Nr,Nr,Nr,Nr,Nr,Nr,Nr,Nr,Nr,Nr,Nr,Nr,Nr,Nr,Nr,Nr,Nr,Nr,Nr,Nr,Nr,Nr,Nr,Nr,Nr,395,Nr,Nr,Nr,Nr,Nr,Nr,Nr,Nr,Nr,Nr,Na,Na,Na,Na
BSC Mud,Original,1,9,250,Nr,Nr,Nr,Nr,Nr,Nr,Nr,Nr,Nr,Nr,Nr,Nr,Nr,Nr,Nr,Nr,Nr,Nr,Nr,Nr,Nr,Nr,Nr,Nr,Nr,Nr,Nr,Nr,Nr,Nr,Nr,Nr,Nr,Nr,Nr,Nr,Nr,Nr,Nr,Nr,Nr,Nr,Nr,Nr,400,Nr,Nr,Nr,Nr,Nr,Nr,Nr,Nr,Nr,Nr,Na,Na,Na,Na
BSC Mud,Original,1,1,160,Nr,Nr,Nr,Nr,Nr,Nr,Nr,Nr,Nr,Nr,Nr,Nr,Nr,Nr,Nr,Nr,Nr,Nr,Nr,Nr,Nr,Nr,Nr,Nr,Nr,Nr,Nr,Nr,Nr,Nr,Nr,Nr,Nr,Nr,Nr,Nr,Nr,Nr,Nr,Nr,Nr,Nr,Nr,Nr,Nr,348,349,360,350,Nr,411,Nr,Nr,Nr,Nr,Na,Na,Na,Na
BSC Mud,Original,1,2,160,Nr,Nr,Nr,Nr,Nr,Nr,Nr,Nr,Nr,Nr,Nr,Nr,Nr,Nr,Nr,Nr,Nr,Nr,Nr,Nr,Nr,Nr,Nr,Nr,Nr,Nr,Nr,Nr,Nr,Nr,Nr,Nr,Nr,Nr,Nr,Nr,Nr,Nr,Nr,Nr,Nr,Nr,Nr,Nr,Nr,355,355,357,359,Nr,413,Nr,Nr,Nr,Nr,Na,Na,Na,Na
BSC Mud,Original,1,3,160,Nr,Nr,Nr,Nr,Nr,Nr,Nr,Nr,Nr,Nr,Nr,Nr,Nr,Nr,Nr,Nr,Nr,Nr,Nr,Nr,Nr,Nr,Nr,Nr,Nr,Nr,Nr,Nr,Nr,Nr,Nr,Nr,Nr,Nr,Nr,Nr,Nr,Nr,Nr,Nr,Nr,Nr,Nr,Nr,Nr,357,359,357,364,Nr,430,Nr,Nr,Nr,Nr,Na,Na,Na,Na
BSC Mud,Original,1,4,160,Nr,Nr,Nr,Nr,Nr,Nr,Nr,Nr,Nr,Nr,Nr,Nr,Nr,Nr,Nr,Nr,Nr,Nr,Nr,Nr,Nr,Nr,Nr,Nr,Nr,Nr,Nr,Nr,Nr,Nr,Nr,Nr,Nr,Nr,Nr,Nr,Nr,Nr,Nr,Nr,Nr,Nr,Nr,Nr,Nr,345,351,360,352,Nr,409,Nr,Nr,Nr,Nr,Na,Na,Na,Na
BSC Mud,Original,1,5,160,Nr,Nr,Nr,Nr,Nr,Nr,Nr,Nr,Nr,Nr,Nr,Nr,Nr,Nr,Nr,Nr,Nr,Nr,Nr,Nr,Nr,Nr,Nr,Nr,Nr,Nr,Nr,Nr,Nr,Nr,Nr,Nr,Nr,Nr,Nr,Nr,Nr,Nr,Nr,Nr,Nr,Nr,Nr,Nr,Nr,356,356,362,341,Nr,415,Nr,Nr,Nr,Nr,Na,Na,Na,Na
BSC Mud,Original,1,6,160,Nr,Nr,Nr,Nr,Nr,Nr,Nr,Nr,Nr,Nr,Nr,Nr,Nr,Nr,Nr,Nr,Nr,Nr,Nr,Nr,Nr,Nr,Nr,Nr,Nr,Nr,Nr,Nr,Nr,Nr,Nr,Nr,Nr,Nr,Nr,Nr,Nr,Nr,Nr,Nr,Nr,Nr,Nr,Nr,Nr,364,363,361,359,Nr,428,Nr,Nr,Nr,Nr,Na,Na,Na,Na
BSC Mud,Original,1,7,160,Nr,Nr,Nr,Nr,Nr,Nr,Nr,Nr,Nr,Nr,Nr,Nr,Nr,Nr,Nr,Nr,Nr,Nr,Nr,Nr,Nr,Nr,Nr,Nr,Nr,Nr,Nr,Nr,Nr,Nr,Nr,Nr,Nr,Nr,Nr,Nr,Nr,Nr,Nr,Nr,Nr,Nr,Nr,Nr,Nr,362,364,366,342,Nr,406,Nr,Nr,Nr,Nr,Na,Na,Na,Na
BSC Mud,Original,1,8,160,Nr,Nr,Nr,Nr,Nr,Nr,Nr,Nr,Nr,Nr,Nr,Nr,Nr,Nr,Nr,Nr,Nr,Nr,Nr,Nr,Nr,Nr,Nr,Nr,Nr,Nr,Nr,Nr,Nr,Nr,Nr,Nr,Nr,Nr,Nr,Nr,Nr,Nr,Nr,Nr,Nr,Nr,Nr,Nr,Nr,353,359,364,349,Nr,415,Nr,Nr,Nr,Nr,Na,Na,Na,Na
BSC Mud,Original,1,9,160,Nr,Nr,Nr,Nr,Nr,Nr,Nr,Nr,Nr,Nr,Nr,Nr,Nr,Nr,Nr,Nr,Nr,Nr,Nr,Nr,Nr,Nr,Nr,Nr,Nr,Nr,Nr,Nr,Nr,Nr,Nr,Nr,Nr,Nr,Nr,Nr,Nr,Nr,Nr,Nr,Nr,Nr,Nr,Nr,Nr,356,358,359,349,Nr,421,Nr,Nr,Nr,Nr,Na,Na,Na,Na
BSC Mud,Original,2,1,165,438,444,459,433,Nr,448,451,463,Nr,468,Nr,480,469,459,466,464,459,461,Nr,491,479,480,Nr,480,Nr,485,484,421,430,Nr,458,443,435,428,433,423,432,420,435,445,431,454,462,463,Nr,456,464,460,456,Nr,479,Nr,Nr,Nr,Nr,Na,Na,Na,Na
BSC Mud,Original,2,2,165,445,442,458,439,Nr,448,447,459,Nr,465,Nr,474,H,462,465,455,450,468,Nr,491,478,485,Nr,482,Nr,490,486,425,431,Nr,456,434,430,430,428,419,433,420,440,452,432,455,463,462,Nr,464,470,459,454,Nr,491,Nr,Nr,Nr,Nr,Na,Na,Na,Na
BSC Mud,Original,2,3,165,436,446,454,441,Nr,446,448,460,Nr,468,Nr,470,466,461,460,457,457,463,Nr,497,477,484,Nr,480,Nr,490,486,418,427,Nr,448,438,446,435,435,414,426,410,439,455,432,463,455,458,Nr,472,479,471,456,Nr,493,Nr,Nr,Nr,Nr,Na,Na,Na,Na
BSC Mud,Original,2,4,165,433,444,462,435,Nr,453,444,460,Nr,468,Nr,469,462,459,457,461,460,470,Nr,481,478,480,Nr,484,Nr,487,486,427,424,Nr,454,433,429,432,443,420,429,415,424,443,425,460,458,458,Nr,459,466,460,390,Nr,482,Nr,Nr,Nr,Nr,Na,Na,Na,Na
BSC Mud,Original,2,5,165,437,446,472,442,Nr,453,448,462,Nr,474,Nr,480,470,461,472,467,463,469,Nr,477,477,484,Nr,485,Nr,481,484,432,429,Nr,457,440,429,433,433,414,436,423,441,450,425,446,465,458,Nr,471,474,451,452,Nr,487,Nr,Nr,Nr,Nr,Na,Na,Na,Na
BSC Mud,Original,2,6,165,439,449,466,458,Nr,442,454,464,Nr,466,Nr,473,464,465,465,462,474,463,Nr,484,470,487,Nr,484,Nr,496,486,428,429,Nr,444,433,429,434,430,413,420,419,443,448,426,458,467,457,Nr,475,483,475,459,Nr,486,Nr,Nr,Nr,Nr,Na,Na,Na,Na
BSC Mud,Original,2,7,165,432,440,457,444,Nr,448,450,462,Nr,466,Nr,472,459,456,472,472,464,467,Nr,482,481,475,Nr,481,Nr,496,483,431,427,Nr,455,438,434,435,431,420,424,419,431,453,428,454,465,468,Nr,455,461,464,451,Nr,476,Nr,Nr,Nr,Nr,Na,Na,Na,Na
BSC Mud,Original,2,8,165,436,443,463,445,Nr,454,459,443,Nr,468,Nr,474,465,464,469,468,466,470,Nr,480,479,484,Nr,478,Nr,496,492,434,431,Nr,451,439,429,433,415,418,424,428,433,442,430,448,463,464,Nr,474,477,452,451,Nr,486,Nr,Nr,Nr,Nr,Na,Na,Na,Na
BSC Mud,Original,2,9,165,442,444,467,445,Nr,450,458,460,Nr,445,Nr,470,462,465,473,461,466,469,Nr,478,475,483,Nr,484,Nr,496,487,438,436,Nr,447,434,430,432,431,416,421,423,438,448,427,460,467,457,Nr,472,489,474,449,Nr,Nr,Nr,Nr,Nr,Nr,Na,Na,Na,Na
BSC Mud,Original,2,1,210,433,439,459,429,Nr,415,431,450,Nr,431,Nr,432,436,403,423,427,425,429,Nr,437,445,462,Nr,442,Nr,443,450,391,384,Nr,415,425,421,429,414,416,416,410,421,436,432,442,453,444,Nr,459,460,468,465,Nr,489,Nr,Nr,Nr,Nr,Na,Na,Na,Na
BSC Mud,Original,2,2,210,433,435,449,425,Nr,409,423,450,Nr,435,Nr,436,434,401,418,430,421,430,Nr,436,452,468,Nr,452,Nr,456,448,389,383,Nr,405,415,418,428,428,417,411,424,420,435,441,445,456,450,Nr,453,464,468,466,Nr,482,Nr,Nr,Nr,Nr,Na,Na,Na,Na
BSC Mud,Original,2,3,210,432,433,443,424,Nr,412,425,450,Nr,434,Nr,434,439,404,419,415,420,428,Nr,437,445,451,Nr,439,Nr,451,451,387,388,Nr,410,408,413,420,402,414,411,419,420,430,436,433,449,443,Nr,462,467,465,450,Nr,480,Nr,Nr,Nr,Nr,Na,Na,Na,Na
BSC Mud,Original,2,4,210,439,427,451,418,Nr,416,422,444,Nr,430,Nr,437,435,400,421,419,428,424,Nr,431,444,453,Nr,441,Nr,438,452,391,384,Nr,423,432,415,430,409,416,401,413,419,430,431,439,458,446,Nr,456,460,463,464,Nr,476,Nr,Nr,Nr,Nr,Na,Na,Na,Na
BSC Mud,Original,2,5,210,428,429,448,416,Nr,409,423,442,Nr,431,Nr,439,434,401,413,428,417,426,Nr,436,440,453,Nr,432,Nr,437,447,380,383,Nr,409,423,420,426,411,423,409,413,416,433,432,441,457,449,Nr,460,460,458,461,Nr,475,Nr,Nr,Nr,Nr,Na,Na,Na,Na
BSC Mud,Original,2,6,210,437,428,441,427,Nr,408,421,445,Nr,428,Nr,431,432,400,412,399,417,417,Nr,436,439,451,Nr,433,Nr,444,451,383,381,Nr,397,415,409,418,393,421,407,416,422,428,434,438,453,445,Nr,457,462,464,464,Nr,479,Nr,Nr,Nr,Nr,Na,Na,Na,Na
BSC Mud,Original,2,7,210,439,428,448,418,Nr,414,419,445,Nr,434,Nr,439,440,398,419,435,422,408,Nr,435,437,451,Nr,436,Nr,435,449,398,383,Nr,418,425,422,431,391,416,403,416,415,428,428,435,455,444,Nr,454,452,457,459,Nr,470,Nr,Nr,Nr,Nr,Na,Na,Na,Na
BSC Mud,Original,2,8,210,436,430,452,410,Nr,411,418,439,Nr,428,Nr,432,437,389,405,432,415,430,Nr,437,440,446,Nr,433,Nr,436,500,396,376,Nr,406,418,414,424,410,420,404,408,410,434,426,435,461,443,Nr,454,455,456,460,Nr,474,Nr,Nr,Nr,Nr,Na,Na,Na,Na
BSC Mud,Original,2,9,210,437,422,442,436,Nr,411,420,440,Nr,426,Nr,432,438,399,408,418,414,419,Nr,438,441,444,Nr,430,Nr,429,448,385,369,Nr,401,424,416,417,409,419,411,409,409,418,427,430,455,442,Nr,460,459,458,459,Nr,471,Nr,Nr,Nr,Nr,Na,Na,Na,Na
BSC Mud,Original,2,1,255,430,426,442,422,Nr,418,425,441,Nr,428,Nr,423,428,441,419,421,416,440,Nr,437,449,464,Nr,435,Nr,437,453,400,389,Nr,411,403,419,411,400,441,409,393,404,415,432,431,439,433,Nr,463,454,462,454,Nr,486,Nr,Nr,Nr,Nr,Na,Na,Na,Na
BSC Mud,Original,2,2,255,433,423,446,428,Nr,417,419,443,Nr,430,Nr,437,427,439,417,411,420,438,Nr,427,452,467,Nr,432,Nr,438,453,402,396,Nr,398,411,424,389,412,440,410,413,396,392,431,439,449,433,Nr,465,448,466,464,Nr,489,Nr,Nr,Nr,Nr,Na,Na,Na,Na
BSC Mud,Original,2,3,255,437,426,447,414,Nr,H,422,450,Nr,426,Nr,434,437,431,425,410,422,439,Nr,436,458,466,Nr,440,Nr,442,449,396,394,Nr,405,414,416,419,400,435,415,410,397,411,430,439,444,440,Nr,460,462,468,462,Nr,494,Nr,Nr,Nr,Nr,Na,Na,Na,Na
BSC Mud,Original,2,4,255,427,422,442,421,Nr,414,415,434,Nr,427,Nr,422,421,418,412,413,413,434,Nr,422,441,460,Nr,430,Nr,424,449,404,385,Nr,413,404,422,422,416,433,410,396,400,416,428,424,444,426,Nr,452,453,458,454,Nr,480,Nr,Nr,Nr,Nr,Na,Na,Na,Na
BSC Mud,Original,2,5,255,431,427,443,425,Nr,406,419,444,Nr,425,Nr,419,423,428,416,428,413,429,Nr,424,435,457,Nr,426,Nr,430,451,386,391,Nr,410,416,426,424,416,438,405,393,386,409,427,431,440,434,Nr,454,453,460,450,Nr,481,Nr,Nr,Nr,Nr,Na,Na,Na,Na
BSC Mud,Original,2,6,255,434,426,440,418,Nr,410,421,436,Nr,423,Nr,420,432,429,416,408,418,431,Nr,428,443,459,Nr,432,Nr,430,451,386,385,Nr,411,419,419,422,417,434,410,404,385,404,411,437,438,430,Nr,454,457,463,458,Nr,478,Nr,Nr,Nr,Nr,Na,Na,Na,Na
BSC Mud,Original,2,7,255,429,423,441,415,Nr,413,410,438,Nr,425,Nr,416,409,422,417,419,417,425,Nr,425,426,447,Nr,429,Nr,431,450,389,364,Nr,407,402,417,436,396,436,404,400,396,411,421,422,436,426,Nr,454,444,452,440,Nr,480,Nr,Nr,Nr,Nr,Na,Na,Na,Na
BSC Mud,Original,2,8,255,429,423,435,415,Nr,414,417,436,Nr,425,Nr,417,420,419,416,419,414,421,Nr,417,421,449,Nr,426,Nr,429,451,375,384,Nr,415,421,413,426,406,436,402,400,386,410,420,426,435,427,Nr,450,446,446,447,Nr,475,Nr,Nr,Nr,Nr,Na,Na,Na,Na
BSC Mud,Original,2,9,255,424,423,443,417,Nr,403,416,432,Nr,425,Nr,375,417,421,415,402,414,423,Nr,415,436,443,Nr,425,Nr,430,449,380,383,Nr,418,425,416,428,402,429,396,388,389,406,422,426,437,423,Nr,446,444,452,449,Nr,474,Nr,Nr,Nr,Nr,Na,Na,Na,Na
BSC Mud,Original,2,1,345,434,434,451,436,Nr,426,439,433,Nr,454,Nr,430,445,455,437,439,453,443,Nr,457,471,482,Nr,468,Nr,476,472,412,373,Nr,419,421,421,417,418,Nr,Nr,Nr,Nr,Nr,Nr,Nr,Nr,Nr,Nr,Nr,Nr,Nr,Nr,Nr,Nr,Nr,Nr,Nr,Nr,Na,Na,Na,Na
BSC Mud,Original,2,2,345,432,434,453,429,Nr,429,437,456,Nr,458,Nr,456,446,452,442,440,451,443,Nr,472,471,487,Nr,468,Nr,473,472,420,399,Nr,423,418,422,415,412,Nr,Nr,Nr,Nr,Nr,Nr,Nr,Nr,Nr,Nr,Nr,Nr,Nr,Nr,Nr,Nr,Nr,Nr,Nr,Nr,Na,Na,Na,Na
BSC Mud,Original,2,3,345,432,436,449,433,Nr,435,437,468,Nr,461,Nr,456,450,460,444,444,449,448,Nr,476,476,488,Nr,474,Nr,475,478,419,397,Nr,415,412,424,419,419,Nr,Nr,Nr,Nr,Nr,Nr,Nr,Nr,Nr,Nr,Nr,Nr,Nr,Nr,Nr,Nr,Nr,Nr,Nr,Nr,Na,Na,Na,Na
BSC Mud,Original,2,4,345,431,438,450,420,Nr,430,441,465,Nr,455,Nr,451,450,459,445,441,455,434,Nr,456,468,482,Nr,464,Nr,478,474,431,412,Nr,434,425,424,431,420,Nr,Nr,Nr,Nr,Nr,Nr,Nr,Nr,Nr,Nr,Nr,Nr,Nr,Nr,Nr,Nr,Nr,Nr,Nr,Nr,Na,Na,Na,Na
BSC Mud,Original,2,5,345,429,439,454,429,Nr,435,442,455,Nr,458,Nr,449,448,453,440,435,447,449,Nr,467,472,484,Nr,467,Nr,482,476,385,410,Nr,434,420,428,422,417,Nr,Nr,Nr,Nr,Nr,Nr,Nr,Nr,Nr,Nr,Nr,Nr,Nr,Nr,Nr,Nr,Nr,Nr,Nr,Nr,Na,Na,Na,Na
BSC Mud,Original,2,6,345,331,437,460,H,Nr,433,440,457,Nr,454,Nr,418,443,464,433,438,483,446,Nr,468,H,483,Nr,474,Nr,475,478,427,411,Nr,432,420,425,426,411,Nr,Nr,Nr,Nr,Nr,Nr,Nr,Nr,Nr,Nr,Nr,Nr,Nr,Nr,Nr,Nr,Nr,Nr,Nr,Nr,Na,Na,Na,Na
BSC Mud,Original,2,7,345,441,446,453,415,Nr,426,438,451,Nr,455,Nr,456,450,446,438,426,461,438,Nr,456,467,483,Nr,467,Nr,484,477,431,411,Nr,422,423,425,419,408,Nr,Nr,Nr,Nr,Nr,Nr,Nr,Nr,Nr,Nr,Nr,Nr,Nr,Nr,Nr,Nr,Nr,Nr,Nr,Nr,Na,Na,Na,Na
BSC Mud,Original,2,8,345,427,443,449,440,Nr,430,443,450,Nr,459,Nr,444,440,448,442,418,454,445,Nr,458,468,480,Nr,470,Nr,484,478,426,408,Nr,428,408,419,422,419,Nr,Nr,Nr,Nr,Nr,Nr,Nr,Nr,Nr,Nr,Nr,Nr,Nr,Nr,Nr,Nr,Nr,Nr,Nr,Nr,Na,Na,Na,Na
BSC Mud,Original,2,9,345,430,441,456,440,Nr,433,442,450,Nr,460,Nr,444,408,460,435,427,447,451,Nr,459,472,479,Nr,467,Nr,477,475,420,409,Nr,427,428,425,419,411,Nr,Nr,Nr,Nr,Nr,Nr,Nr,Nr,Nr,Nr,Nr,Nr,Nr,Nr,Nr,Nr,Nr,Nr,Nr,Nr,Na,Na,Na,Na
BSC Mud,Original,2,1,30,Nr,Nr,Nr,Nr,Nr,Nr,Nr,Nr,Nr,Nr,Nr,Nr,Nr,Nr,Nr,Nr,Nr,Nr,Nr,Nr,Nr,Nr,Nr,Nr,Nr,Nr,Nr,Nr,Nr,Nr,Nr,Nr,Nr,Nr,Nr,430,429,420,419,438,444,471,476,461,Nr,474,480,471,469,Nr,510,Nr,Nr,Nr,Nr,Na,Na,Na,Na
BSC Mud,Original,2,2,30,Nr,Nr,Nr,Nr,Nr,Nr,Nr,Nr,Nr,Nr,Nr,Nr,Nr,Nr,Nr,Nr,Nr,Nr,Nr,Nr,Nr,Nr,Nr,Nr,Nr,Nr,Nr,Nr,Nr,Nr,Nr,Nr,Nr,Nr,Nr,432,432,420,415,440,443,473,481,461,Nr,484,482,486,475,Nr,515,Nr,Nr,Nr,Nr,Na,Na,Na,Na
BSC Mud,Original,2,3,30,Nr,Nr,Nr,Nr,Nr,Nr,Nr,Nr,Nr,Nr,Nr,Nr,Nr,Nr,Nr,Nr,Nr,Nr,Nr,Nr,Nr,Nr,Nr,Nr,Nr,Nr,Nr,Nr,Nr,Nr,Nr,Nr,Nr,Nr,Nr,439,426,410,410,438,434,482,477,460,Nr,475,481,484,474,Nr,525,Nr,Nr,Nr,Nr,Na,Na,Na,Na
BSC Mud,Original,2,4,30,Nr,Nr,Nr,Nr,Nr,Nr,Nr,Nr,Nr,Nr,Nr,Nr,Nr,Nr,Nr,Nr,Nr,Nr,Nr,Nr,Nr,Nr,Nr,Nr,Nr,Nr,Nr,Nr,Nr,Nr,Nr,Nr,Nr,Nr,Nr,430,418,415,420,440,445,463,478,459,Nr,477,477,473,465,Nr,493,Nr,Nr,Nr,Nr,Na,Na,Na,Na
BSC Mud,Original,2,5,30,Nr,Nr,Nr,Nr,Nr,Nr,Nr,Nr,Nr,Nr,Nr,Nr,Nr,Nr,Nr,Nr,Nr,Nr,Nr,Nr,Nr,Nr,Nr,Nr,Nr,Nr,Nr,Nr,Nr,Nr,Nr,Nr,Nr,Nr,Nr,434,427,423,408,437,445,465,479,460,Nr,466,471,474,466,Nr,495,Nr,Nr,Nr,Nr,Na,Na,Na,Na
BSC Mud,Original,2,6,30,Nr,Nr,Nr,Nr,Nr,Nr,Nr,Nr,Nr,Nr,Nr,Nr,Nr,Nr,Nr,Nr,Nr,Nr,Nr,Nr,Nr,Nr,Nr,Nr,Nr,Nr,Nr,Nr,Nr,Nr,Nr,Nr,Nr,Nr,Nr,436,425,419,415,430,445,472,472,459,Nr,469,470,476,463,Nr,499,Nr,Nr,Nr,Nr,Na,Na,Na,Na
BSC Mud,Original,2,7,30,Nr,Nr,Nr,Nr,Nr,Nr,Nr,Nr,Nr,Nr,Nr,Nr,Nr,Nr,Nr,Nr,Nr,Nr,Nr,Nr,Nr,Nr,Nr,Nr,Nr,Nr,Nr,Nr,Nr,Nr,Nr,Nr,Nr,Nr,Nr,433,437,419,428,445,446,462,457,461,Nr,470,465,473,458,Nr,486,Nr,Nr,Nr,Nr,Na,Na,Na,Na
BSC Mud,Original,2,8,30,Nr,Nr,Nr,Nr,Nr,Nr,Nr,Nr,Nr,Nr,Nr,Nr,Nr,Nr,Nr,Nr,Nr,Nr,Nr,Nr,Nr,Nr,Nr,Nr,Nr,Nr,Nr,Nr,Nr,Nr,Nr,Nr,Nr,Nr,Nr,431,425,428,425,438,443,466,464,464,Nr,469,464,469,458,Nr,486,Nr,Nr,Nr,Nr,Na,Na,Na,Na
BSC Mud,Original,2,9,30,Nr,Nr,Nr,Nr,Nr,Nr,Nr,Nr,Nr,Nr,Nr,Nr,Nr,Nr,Nr,Nr,Nr,Nr,Nr,Nr,Nr,Nr,Nr,Nr,Nr,Nr,Nr,Nr,Nr,Nr,Nr,Nr,Nr,Nr,Nr,439,433,423,421,441,442,464,460,441,Nr,465,467,463,457,Nr,488,Nr,Nr,Nr,Nr,Na,Na,Na,Na
BSC Mud,Original,3,1,5,380,338,359,321,Nr,345,346,343,Nr,Nr,328,334,300,309,Nr,Nr,Nr,Nr,Nr,Nr,Nr,Nr,Nr,Nr,Nr,Nr,Nr,Nr,Nr,Nr,Nr,Nr,Nr,Nr,Nr,Nr,Nr,Nr,Nr,Nr,Nr,Nr,Nr,Nr,Nr,Nr,Nr,Nr,Nr,Nr,Nr,Nr,Nr,Nr,Nr,Na,Na,Na,Na
BSC Mud,Original,3,2,5,377,H,364,326,Nr,347,355,354,Nr,Nr,332,338,309,319,Nr,Nr,Nr,Nr,Nr,Nr,Nr,Nr,Nr,Nr,Nr,Nr,Nr,Nr,Nr,Nr,Nr,Nr,Nr,Nr,Nr,Nr,Nr,Nr,Nr,Nr,Nr,Nr,Nr,Nr,Nr,Nr,Nr,Nr,Nr,Nr,Nr,Nr,Nr,Nr,Nr,Na,Na,Na,Na
BSC Mud,Original,3,3,5,372,341,376,339,Nr,341,361,346,Nr,Nr,333,332,322,311,Nr,Nr,Nr,Nr,Nr,Nr,Nr,Nr,Nr,Nr,Nr,Nr,Nr,Nr,Nr,Nr,Nr,Nr,Nr,Nr,Nr,Nr,Nr,Nr,Nr,Nr,Nr,Nr,Nr,Nr,Nr,Nr,Nr,Nr,Nr,Nr,Nr,Nr,Nr,Nr,Nr,Na,Na,Na,Na
BSC Mud,Original,3,4,5,373,337,358,330,Nr,339,337,340,Nr,Nr,331,329,305,307,Nr,Nr,Nr,Nr,Nr,Nr,Nr,Nr,Nr,Nr,Nr,Nr,Nr,Nr,Nr,Nr,Nr,Nr,Nr,Nr,Nr,Nr,Nr,Nr,Nr,Nr,Nr,Nr,Nr,Nr,Nr,Nr,Nr,Nr,Nr,Nr,Nr,Nr,Nr,Nr,Nr,Na,Na,Na,Na
BSC Mud,Original,3,5,5,372,331,357,330,Nr,353,361,341,Nr,Nr,315,327,316,309,Nr,Nr,Nr,Nr,Nr,Nr,Nr,Nr,Nr,Nr,Nr,Nr,Nr,Nr,Nr,Nr,Nr,Nr,Nr,Nr,Nr,Nr,Nr,Nr,Nr,Nr,Nr,Nr,Nr,Nr,Nr,Nr,Nr,Nr,Nr,Nr,Nr,Nr,Nr,Nr,Nr,Na,Na,Na,Na
BSC Mud,Original,3,6,5,371,335,357,316,Nr,352,352,328,Nr,Nr,314,330,319,311,Nr,Nr,Nr,Nr,Nr,Nr,Nr,Nr,Nr,Nr,Nr,Nr,Nr,Nr,Nr,Nr,Nr,Nr,Nr,Nr,Nr,Nr,Nr,Nr,Nr,Nr,Nr,Nr,Nr,Nr,Nr,Nr,Nr,Nr,Nr,Nr,Nr,Nr,Nr,Nr,Nr,Na,Na,Na,Na
BSC Mud,Original,3,7,5,371,327,353,329,Nr,345,336,341,Nr,Nr,317,325,304,308,Nr,Nr,Nr,Nr,Nr,Nr,Nr,Nr,Nr,Nr,Nr,Nr,Nr,Nr,Nr,Nr,Nr,Nr,Nr,Nr,Nr,Nr,Nr,Nr,Nr,Nr,Nr,Nr,Nr,Nr,Nr,Nr,Nr,Nr,Nr,Nr,Nr,Nr,Nr,Nr,Nr,Na,Na,Na,Na
BSC Mud,Original,3,8,5,372,327,348,331,Nr,H,343,336,Nr,Nr,319,319,304,304,Nr,Nr,Nr,Nr,Nr,Nr,Nr,Nr,Nr,Nr,Nr,Nr,Nr,Nr,Nr,Nr,Nr,Nr,Nr,Nr,Nr,Nr,Nr,Nr,Nr,Nr,Nr,Nr,Nr,Nr,Nr,Nr,Nr,Nr,Nr,Nr,Nr,Nr,Nr,Nr,Nr,Na,Na,Na,Na
BSC Mud,Original,3,9,5,372,326,348,335,Nr,336,352,329,Nr,Nr,311,316,309,309,Nr,Nr,Nr,Nr,Nr,Nr,Nr,Nr,Nr,Nr,Nr,Nr,Nr,Nr,Nr,Nr,Nr,Nr,Nr,Nr,Nr,Nr,Nr,Nr,Nr,Nr,Nr,Nr,Nr,Nr,Nr,Nr,Nr,Nr,Nr,Nr,Nr,Nr,Nr,Nr,Nr,Na,Na,Na,Na
BSC Mud,Original,3,1,95,434,391,403,351,Nr,296,338,333,Nr,Nr,316,329,339,318,Nr,Nr,Nr,Nr,Nr,Nr,Nr,Nr,Nr,Nr,Nr,Nr,Nr,Nr,Nr,Nr,Nr,Nr,Nr,Nr,Nr,Nr,Nr,Nr,Nr,Nr,Nr,Nr,Nr,Nr,Nr,Nr,Nr,Nr,Nr,Nr,Nr,Nr,Nr,Nr,Nr,Na,Na,Na,Na
BSC Mud,Original,3,2,95,436,395,415,360,Nr,311,353,350,Nr,Nr,319,336,347,330,Nr,Nr,Nr,Nr,Nr,Nr,Nr,Nr,Nr,Nr,Nr,Nr,Nr,Nr,Nr,Nr,Nr,Nr,Nr,Nr,Nr,Nr,Nr,Nr,Nr,Nr,Nr,Nr,Nr,Nr,Nr,Nr,Nr,Nr,Nr,Nr,Nr,Nr,Nr,Nr,Nr,Na,Na,Na,Na
BSC Mud,Original,3,3,95,442,400,419,361,Nr,330,361,374,Nr,Nr,333,344,355,329,Nr,Nr,Nr,Nr,Nr,Nr,Nr,Nr,Nr,Nr,Nr,Nr,Nr,Nr,Nr,Nr,Nr,Nr,Nr,Nr,Nr,Nr,Nr,Nr,Nr,Nr,Nr,Nr,Nr,Nr,Nr,Nr,Nr,Nr,Nr,Nr,Nr,Nr,Nr,Nr,Nr,Na,Na,Na,Na
BSC Mud,Original,3,4,95,443,392,402,343,Nr,303,336,338,Nr,Nr,323,322,342,325,Nr,Nr,Nr,Nr,Nr,Nr,Nr,Nr,Nr,Nr,Nr,Nr,Nr,Nr,Nr,Nr,Nr,Nr,Nr,Nr,Nr,Nr,Nr,Nr,Nr,Nr,Nr,Nr,Nr,Nr,Nr,Nr,Nr,Nr,Nr,Nr,Nr,Nr,Nr,Nr,Nr,Na,Na,Na,Na
BSC Mud,Original,3,5,95,441,400,418,361,Nr,323,348,355,Nr,Nr,326,337,324,331,Nr,Nr,Nr,Nr,Nr,Nr,Nr,Nr,Nr,Nr,Nr,Nr,Nr,Nr,Nr,Nr,Nr,Nr,Nr,Nr,Nr,Nr,Nr,Nr,Nr,Nr,Nr,Nr,Nr,Nr,Nr,Nr,Nr,Nr,Nr,Nr,Nr,Nr,Nr,Nr,Nr,Na,Na,Na,Na
BSC Mud,Original,3,6,95,444,402,420,374,Nr,364,366,367,Nr,Nr,341,345,338,343,Nr,Nr,Nr,Nr,Nr,Nr,Nr,Nr,Nr,Nr,Nr,Nr,Nr,Nr,Nr,Nr,Nr,Nr,Nr,Nr,Nr,Nr,Nr,Nr,Nr,Nr,Nr,Nr,Nr,Nr,Nr,Nr,Nr,Nr,Nr,Nr,Nr,Nr,Nr,Nr,Nr,Na,Na,Na,Na
BSC Mud,Original,3,7,95,442,392,403,355,Nr,312,350,365,Nr,Nr,325,328,333,329,Nr,Nr,Nr,Nr,Nr,Nr,Nr,Nr,Nr,Nr,Nr,Nr,Nr,Nr,Nr,Nr,Nr,Nr,Nr,Nr,Nr,Nr,Nr,Nr,Nr,Nr,Nr,Nr,Nr,Nr,Nr,Nr,Nr,Nr,Nr,Nr,Nr,Nr,Nr,Nr,Nr,Na,Na,Na,Na
BSC Mud,Original,3,8,95,444,400,402,366,Nr,340,367,364,Nr,Nr,339,342,334,334,Nr,Nr,Nr,Nr,Nr,Nr,Nr,Nr,Nr,Nr,Nr,Nr,Nr,Nr,Nr,Nr,Nr,Nr,Nr,Nr,Nr,Nr,Nr,Nr,Nr,Nr,Nr,Nr,Nr,Nr,Nr,Nr,Nr,Nr,Nr,Nr,Nr,Nr,Nr,Nr,Nr,Na,Na,Na,Na
BSC Mud,Original,3,9,95,443,402,417,367,Nr,370,374,372,Nr,Nr,346,359,367,348,Nr,Nr,Nr,Nr,Nr,Nr,Nr,Nr,Nr,Nr,Nr,Nr,Nr,Nr,Nr,Nr,Nr,Nr,Nr,Nr,Nr,Nr,Nr,Nr,Nr,Nr,Nr,Nr,Nr,Nr,Nr,Nr,Nr,Nr,Nr,Nr,Nr,Nr,Nr,Nr,Nr,Na,Na,Na,Na
BSC Mud,Original,3,1,230,469,443,435,395,Nr,362,393,389,Nr,Nr,385,388,387,372,Nr,Nr,Nr,Nr,Nr,Nr,Nr,Nr,Nr,Nr,Nr,Nr,Nr,Nr,Nr,Nr,Nr,Nr,Nr,Nr,Nr,Nr,Nr,Nr,Nr,Nr,Nr,Nr,Nr,Nr,Nr,Nr,Nr,Nr,Nr,Nr,Nr,Nr,Nr,Nr,Nr,Na,Na,Na,Na
BSC Mud,Original,3,2,230,472,431,425,362,Nr,360,383,386,Nr,Nr,376,389,389,368,Nr,Nr,Nr,Nr,Nr,Nr,Nr,Nr,Nr,Nr,Nr,Nr,Nr,Nr,Nr,Nr,Nr,Nr,Nr,Nr,Nr,Nr,Nr,Nr,Nr,Nr,Nr,Nr,Nr,Nr,Nr,Nr,Nr,Nr,Nr,Nr,Nr,Nr,Nr,Nr,Nr,Na,Na,Na,Na
BSC Mud,Original,3,3,230,478,425,421,356,Nr,358,374,385,Nr,Nr,376,375,389,364,Nr,Nr,Nr,Nr,Nr,Nr,Nr,Nr,Nr,Nr,Nr,Nr,Nr,Nr,Nr,Nr,Nr,Nr,Nr,Nr,Nr,Nr,Nr,Nr,Nr,Nr,Nr,Nr,Nr,Nr,Nr,Nr,Nr,Nr,Nr,Nr,Nr,Nr,Nr,Nr,Nr,Na,Na,Na,Na
BSC Mud,Original,3,4,230,474,444,436,384,Nr,373,395,386,Nr,Nr,380,387,395,377,Nr,Nr,Nr,Nr,Nr,Nr,Nr,Nr,Nr,Nr,Nr,Nr,Nr,Nr,Nr,Nr,Nr,Nr,Nr,Nr,Nr,Nr,Nr,Nr,Nr,Nr,Nr,Nr,Nr,Nr,Nr,Nr,Nr,Nr,Nr,Nr,Nr,Nr,Nr,Nr,Nr,Na,Na,Na,Na
BSC Mud,Original,3,5,230,469,421,422,361,Nr,366,389,387,Nr,Nr,377,378,384,375,Nr,Nr,Nr,Nr,Nr,Nr,Nr,Nr,Nr,Nr,Nr,Nr,Nr,Nr,Nr,Nr,Nr,Nr,Nr,Nr,Nr,Nr,Nr,Nr,Nr,Nr,Nr,Nr,Nr,Nr,Nr,Nr,Nr,Nr,Nr,Nr,Nr,Nr,Nr,Nr,Nr,Na,Na,Na,Na
BSC Mud,Original,3,6,230,474,427,423,356,Nr,360,383,386,Nr,Nr,376,380,374,374,Nr,Nr,Nr,Nr,Nr,Nr,Nr,Nr,Nr,Nr,Nr,Nr,Nr,Nr,Nr,Nr,Nr,Nr,Nr,Nr,Nr,Nr,Nr,Nr,Nr,Nr,Nr,Nr,Nr,Nr,Nr,Nr,Nr,Nr,Nr,Nr,Nr,Nr,Nr,Nr,Nr,Na,Na,Na,Na
BSC Mud,Original,3,7,230,478,440,434,370,Nr,377,403,396,Nr,Nr,382,384,387,379,Nr,Nr,Nr,Nr,Nr,Nr,Nr,Nr,Nr,Nr,Nr,Nr,Nr,Nr,Nr,Nr,Nr,Nr,Nr,Nr,Nr,Nr,Nr,Nr,Nr,Nr,Nr,Nr,Nr,Nr,Nr,Nr,Nr,Nr,Nr,Nr,Nr,Nr,Nr,Nr,Nr,Na,Na,Na,Na
BSC Mud,Original,3,8,230,474,418,424,365,Nr,370,391,386,Nr,Nr,380,381,380,373,Nr,Nr,Nr,Nr,Nr,Nr,Nr,Nr,Nr,Nr,Nr,Nr,Nr,Nr,Nr,Nr,Nr,Nr,Nr,Nr,Nr,Nr,Nr,Nr,Nr,Nr,Nr,Nr,Nr,Nr,Nr,Nr,Nr,Nr,Nr,Nr,Nr,Nr,Nr,Nr,Nr,Na,Na,Na,Na
BSC Mud,Original,3,9,230,476,421,423,356,Nr,366,387,386,Nr,Nr,381,375,378,372,Nr,Nr,Nr,Nr,Nr,Nr,Nr,Nr,Nr,Nr,Nr,Nr,Nr,Nr,Nr,Nr,Nr,Nr,Nr,Nr,Nr,Nr,Nr,Nr,Nr,Nr,Nr,Nr,Nr,Nr,Nr,Nr,Nr,Nr,Nr,Nr,Nr,Nr,Nr,Nr,Nr,Na,Na,Na,Na
BSC Mud,Original,3,1,280,439,390,404,324,Nr,344,366,364,Nr,Nr,348,354,361,334,Nr,Nr,Nr,Nr,Nr,Nr,Nr,Nr,Nr,Nr,Nr,Nr,Nr,Nr,Nr,Nr,Nr,Nr,Nr,Nr,Nr,Nr,Nr,Nr,Nr,Nr,Nr,Nr,Nr,Nr,Nr,Nr,Nr,Nr,Nr,Nr,Nr,Nr,Nr,Nr,Nr,Na,Na,Na,Na
BSC Mud,Original,3,2,280,438,376,396,307,Nr,342,354,365,Nr,Nr,340,350,352,328,Nr,Nr,Nr,Nr,Nr,Nr,Nr,Nr,Nr,Nr,Nr,Nr,Nr,Nr,Nr,Nr,Nr,Nr,Nr,Nr,Nr,Nr,Nr,Nr,Nr,Nr,Nr,Nr,Nr,Nr,Nr,Nr,Nr,Nr,Nr,Nr,Nr,Nr,Nr,Nr,Nr,Na,Na,Na,Na
BSC Mud,Original,3,3,280,436,367,390,310,Nr,346,334,350,Nr,Nr,333,339,342,320,Nr,Nr,Nr,Nr,Nr,Nr,Nr,Nr,Nr,Nr,Nr,Nr,Nr,Nr,Nr,Nr,Nr,Nr,Nr,Nr,Nr,Nr,Nr,Nr,Nr,Nr,Nr,Nr,Nr,Nr,Nr,Nr,Nr,Nr,Nr,Nr,Nr,Nr,Nr,Nr,Nr,Na,Na,Na,Na
BSC Mud,Original,3,4,280,444,380,400,312,Nr,344,366,371,Nr,Nr,364,361,365,342,Nr,Nr,Nr,Nr,Nr,Nr,Nr,Nr,Nr,Nr,Nr,Nr,Nr,Nr,Nr,Nr,Nr,Nr,Nr,Nr,Nr,Nr,Nr,Nr,Nr,Nr,Nr,Nr,Nr,Nr,Nr,Nr,Nr,Nr,Nr,Nr,Nr,Nr,Nr,Nr,Nr,Na,Na,Na,Na
BSC Mud,Original,3,5,280,440,382,392,328,Nr,344,370,366,Nr,Nr,345,350,348,326,Nr,Nr,Nr,Nr,Nr,Nr,Nr,Nr,Nr,Nr,Nr,Nr,Nr,Nr,Nr,Nr,Nr,Nr,Nr,Nr,Nr,Nr,Nr,Nr,Nr,Nr,Nr,Nr,Nr,Nr,Nr,Nr,Nr,Nr,Nr,Nr,Nr,Nr,Nr,Nr,Nr,Na,Na,Na,Na
BSC Mud,Original,3,6,280,443,376,391,313,Nr,336,353,362,Nr,Nr,333,334,349,319,Nr,Nr,Nr,Nr,Nr,Nr,Nr,Nr,Nr,Nr,Nr,Nr,Nr,Nr,Nr,Nr,Nr,Nr,Nr,Nr,Nr,Nr,Nr,Nr,Nr,Nr,Nr,Nr,Nr,Nr,Nr,Nr,Nr,Nr,Nr,Nr,Nr,Nr,Nr,Nr,Nr,Na,Na,Na,Na
BSC Mud,Original,3,7,280,444,387,402,334,Nr,357,378,365,Nr,Nr,362,365,hole,350,Nr,Nr,Nr,Nr,Nr,Nr,Nr,Nr,Nr,Nr,Nr,Nr,Nr,Nr,Nr,Nr,Nr,Nr,Nr,Nr,Nr,Nr,Nr,Nr,Nr,Nr,Nr,Nr,Nr,Nr,Nr,Nr,Nr,Nr,Nr,Nr,Nr,Nr,Nr,Nr,Nr,Na,Na,Na,Na
BSC Mud,Original,3,8,280,444,384,403,324,Nr,351,369,365,Nr,Nr,344,356,358,335,Nr,Nr,Nr,Nr,Nr,Nr,Nr,Nr,Nr,Nr,Nr,Nr,Nr,Nr,Nr,Nr,Nr,Nr,Nr,Nr,Nr,Nr,Nr,Nr,Nr,Nr,Nr,Nr,Nr,Nr,Nr,Nr,Nr,Nr,Nr,Nr,Nr,Nr,Nr,Nr,Nr,Na,Na,Na,Na
BSC Mud,Original,3,9,280,442,377,399,320,Nr,341,360,368,Nr,Nr,336,340,346,325,Nr,Nr,Nr,Nr,Nr,Nr,Nr,Nr,Nr,Nr,Nr,Nr,Nr,Nr,Nr,Nr,Nr,Nr,Nr,Nr,Nr,Nr,Nr,Nr,Nr,Nr,Nr,Nr,Nr,Nr,Nr,Nr,Nr,Nr,Nr,Nr,Nr,Nr,Nr,Nr,Nr,Na,Na,Na,Na
