year,month,day,transect,plot,species_code,area,method,total_biomass
2015,10,22,G1,1,AMCA,1,allometry,84.87425545095513
2015,10,22,G1,1,IVFR,1,allometry,0
2015,10,30,G1,1,SPAL,0.01,harvest,370
2015,10,22,G1,1,SPCY,1,allometry,426.65685985280055
2015,10,22,G1,1,SYTE,1,allometry,7.012497252586744
2015,10,30,G1,2,DISP,0.01,harvest,116.99999999999999
2015,10,22,G1,2,IVFR,1,allometry,159.95511854513646
2015,10,22,G1,2,SOSE,1,allometry,9.835582665281914
2015,10,30,G1,2,SPPA,0.01,harvest,55
2015,10,22,G1,3,SOSE,1,allometry,25.094321695533644
2015,10,30,G1,3,SPPA,0.01,harvest,663
2015,10,30,G1,4,SPPA,0.01,harvest,399
2015,10,22,G1,5,IVFR,1,allometry,0
2015,10,30,G1,5,SPPA,0.01,harvest,244
2015,10,22,G1,6,SCAM,1,allometry,38.972767040320214
2015,10,30,G1,6,SCAM,0.01,harvest,72
2015,10,30,G1,6,SPPA,0.01,harvest,38
2015,10,30,G1,7,DISP,0.01,harvest,34
2015,10,22,G1,7,IVFR,1,allometry,339.7452024935337
2015,10,22,G1,7,SCAM,1,allometry,26.78917131810573
2015,10,30,G1,7,SPPA,0.01,harvest,101
2015,10,30,G1,7,SYTE,0.01,harvest,12
2015,10,30,G1,8,DISP,0.01,harvest,28.000000000000004
2015,10,22,G1,8,IVFR,1,allometry,57.76025881431085
2015,10,22,G1,8,PADI,1,allometry,9.22310346943518
2015,10,22,G1,8,SCAM,1,allometry,23.90781889399508
2015,10,30,G1,8,SPPA,0.01,harvest,117.99999999999999
2015,10,30,G1,9,DISP,0.01,harvest,12
2015,10,22,G1,9,SOSE,1,allometry,4.766951090989698
2015,10,30,G1,9,SPPA,0.01,harvest,82
2015,10,22,G1,10,AMCA,1,allometry,272.5208681490914
2015,10,30,G1,10,DISP,0.01,harvest,216
2015,10,30,G1,10,SPAL,0.01,harvest,37
2015,10,22,G1,10,SPCY,1,allometry,95.99807232244873
2015,10,22,G1,11,AMCA,1,allometry,1.104755628683869
2015,10,22,G1,11,IVFR,1,allometry,502.30929281354804
2015,10,22,G1,11,SCAM,1,allometry,91.15789395448213
2015,10,30,G1,11,SPPA,0.01,harvest,619
2015,10,22,G1,12,IVFR,1,allometry,43.53442298036883
2015,10,22,G1,12,SCAM,1,allometry,25.031638642651668
2015,10,30,G1,12,SPPA,0.01,harvest,146
2015,10,30,G1,13,DISP,0.01,harvest,25
2015,10,22,G1,13,IVFR,1,allometry,1647.4546619319237
2015,10,22,G1,13,SCAM,1,allometry,1.7301938741905292
2015,10,30,G1,13,SPPA,0.01,harvest,194
2015,10,30,G1,14,DISP,0.01,harvest,43
2015,10,22,G1,14,IVFR,1,allometry,490.06952746400276
2015,10,22,G1,14,SCAM,1,allometry,36.67032286832954
2015,10,30,G1,14,SCAM,0.01,harvest,83
2015,10,30,G1,14,SPPA,0.01,harvest,70
2015,10,22,G1,15,IVFR,1,allometry,125.8252992667426
2015,10,22,G1,15,SCAM,1,allometry,25.205643194293618
2015,10,30,G1,15,SPPA,0.01,harvest,171
2015,10,22,G1,16,IVFR,1,allometry,0
2015,10,22,G1,16,SCAM,1,allometry,34.721820988852244
2015,10,30,G1,16,SPPA,0.01,harvest,141
2015,10,22,G1,17,SCAM,1,allometry,18.77216912166071
2015,10,30,G1,18,DISP,0.01,harvest,16
2015,10,22,G1,18,SCAM,1,allometry,21.165420150116656
2015,10,30,G1,18,SCAM,0.01,harvest,34
2015,10,22,G1,19,SCAM,1,allometry,28.42590342491409
2015,10,22,G1,20,TYAN,1,allometry,116.3948868858475
2015,10,23,G2,1,KOVI,1,allometry,83.92929177271307
2015,10,23,G2,1,PHAU,1,allometry,296.72996720451437
2015,10,23,G2,1,SPCY,1,allometry,5.014528420029437
2015,10,23,G2,2,PHAU,1,allometry,482.8980824684066
2015,10,23,G2,3,PHAU,1,allometry,616.2286668628269
2015,10,23,G2,4,PHAU,1,allometry,589.4472209636433
2015,10,23,G2,5,IVFR,1,allometry,0
2015,10,23,G2,5,PHAU,1,allometry,714.6735025990122
2015,10,23,G2,6,AMCA,1,allometry,101.79082977141994
2015,10,23,G2,6,IVFR,1,allometry,191.73304731179877
2015,10,23,G2,6,KOVI,1,allometry,6.5513350283461005
2015,10,23,G2,6,PHAU,1,allometry,35.45557345861373
2015,10,23,G2,6,SCAM,1,allometry,2.466150259403837
2015,10,23,G2,6,SCRO,1,allometry,23.087809437858983
2015,10,23,G2,6,SPAL,1,allometry,48.91571389518721
2015,10,30,G2,7,DISP,0.01,harvest,73
2015,10,23,G2,7,IVFR,1,allometry,672.9402503021593
2015,10,23,G2,7,SCAM,1,allometry,75.11244334335667
2015,10,30,G2,7,SPPA,0.01,harvest,155
2015,10,30,G2,8,DISP,0.01,harvest,265
2015,10,23,G2,8,IVFR,1,allometry,221.8803702982983
2015,10,23,G2,8,SCAM,1,allometry,37.94737598177328
2015,10,23,G2,8,SOSE,1,allometry,2.920137487698535
2015,10,30,G2,8,SOSE,0.01,harvest,56.00000000000001
2015,10,30,G2,8,SPPA,0.01,harvest,86
2015,10,30,G2,9,DISP,0.01,harvest,172
2015,10,23,G2,9,SCAM,1,allometry,33.120891544741696
2015,10,30,G2,9,SCAM,0.01,harvest,121
2015,10,23,G2,9,SOSE,1,allometry,14.270319791007564
2015,10,30,G2,9,SPPA,0.01,harvest,308
2015,10,23,G2,10,ATPA,1,allometry,0.690355297374089
2015,10,23,G2,10,PHAU,1,allometry,431.3534152253226
2015,10,23,G2,10,SCAM,1,allometry,44.08753193500565
2015,10,23,G2,10,SPCY,1,allometry,27.52889182336055
2015,10,23,G2,10,TYAN,1,allometry,14.115124587899999
2015,10,23,G2,11,PHAU,1,allometry,274.9723477594093
2015,10,23,G2,11,SMRO,1,allometry,12.916479800906433
2015,10,21,G3,1,AMCA,1,allometry,1.7751911015904365
2015,10,21,G3,1,IVFR,1,allometry,457.18412243859467
2015,10,21,G3,1,PHAU,1,allometry,155.38138017552566
2015,10,21,G3,1,SPAL,1,allometry,28.05081502854355
2015,10,21,G3,1,SPCY,1,allometry,171.2442534092016
2015,10,21,G3,2,KOVI,1,allometry,118.7138870274303
2015,10,21,G3,2,PHAU,1,allometry,1306.8021766550846
2015,10,30,G3,3,DISP,0.01,harvest,375
2015,10,21,G3,3,IVFR,1,allometry,1592.4909681850986
2015,10,21,G3,3,PHAU,1,allometry,4.012860776951638
2015,10,21,G3,3,SOSE,1,allometry,53.05414607525786
2015,10,21,G3,4,PHAU,1,allometry,1.011278943147246
2015,10,21,G3,4,SOSE,1,allometry,77.87606346885836
2015,10,30,G3,4,SPPA,0.01,harvest,181
2015,10,21,G3,5,ATPA,1,allometry,1.0408503047300002
2015,10,21,G3,5,KOVI,1,allometry,1814.2954010466294
2015,10,21,G3,5,PADI,1,allometry,170.44763393759362
2015,10,21,G3,5,PHAU,1,allometry,4.978832862749094
2015,10,21,G3,5,SPCY,1,allometry,44.46292723099729
2015,10,30,G3,5,SPPA,0.01,harvest,41
2015,10,21,G3,6,SPCY,1,allometry,164.59965225860083
2015,10,15,R1,1,AMCA,1,allometry,52.56836028350469
2015,10,15,R1,1,ATPA,1,allometry,1020.5915764280849
2015,10,15,R1,1,SCRO,1,allometry,6.912593606813802
2015,10,15,R1,1,SPAL,1,allometry,193.31055497283242
2015,10,15,R1,1,SYLA,1,allometry,3.705611301294476
2015,10,15,R1,2,AMCA,1,allometry,11.999293333160082
2015,10,15,R1,2,IVFR,1,allometry,123.1713296541559
2015,10,15,R1,2,SCRO,1,allometry,23.48571285408101
2015,10,15,R1,2,SPAL,1,allometry,155.0614396129202
2015,10,15,R1,2,SYLA,1,allometry,3.747961245084073
2015,10,15,R1,2,TYAN,1,allometry,26.386267959759998
2015,10,15,R1,3,IVFR,1,allometry,227.12969709877416
2015,10,15,R1,3,PLOD,1,allometry,0.531991003764807
2015,10,15,R1,3,SCRO,1,allometry,69.06745881471997
2015,10,15,R1,3,SPAL,1,allometry,189.21944311256487
2015,10,30,R1,3,SPAL,0.01,harvest,198
2015,10,30,R1,4,DISP,0.01,harvest,58.99999999999999
2015,10,15,R1,4,IVFR,1,allometry,568.352938593601
2015,10,15,R1,4,SCRO,1,allometry,18.86884088498836
2015,10,15,R1,4,SYTE,1,allometry,3.6812885969873106
2015,10,15,R1,4,TYAN,1,allometry,90.23391023701875
2015,10,15,R1,5,HIMO,1,allometry,76.34851014469744
2015,10,15,R1,5,SALA,1,allometry,2.192057567948106
2015,10,15,R2,1,AMCA,1,allometry,12.530326173828358
2015,10,15,R2,1,PHAU,1,allometry,173.88783649295488
2015,10,15,R2,1,SCRO,1,allometry,20.67451779292203
2015,10,15,R2,1,SPAL,1,allometry,7.312321827221899
2015,10,30,R2,1,SPAL,0.01,harvest,294
2015,10,15,R2,1,SYLA,1,allometry,1.1871526632064884
2015,10,15,R2,2,IVFR,1,allometry,0
2015,10,15,R2,2,PHAU,1,allometry,181.42705994873606
2015,10,15,R2,3,IVFR,1,allometry,7.863965869147515
2015,10,15,R2,3,PHAU,1,allometry,843.7571566697665
2015,10,15,R2,3,SPAL,1,allometry,51.24800195709355
2015,10,15,R2,4,AMCA,1,allometry,25.860761760351043
2015,10,15,R2,4,PHAU,1,allometry,595.5182310850491
2015,10,15,R2,4,SPAL,1,allometry,23.545800372660658
2015,10,15,R2,5,PHAU,1,allometry,368.9421538546572
2015,10,15,R3,1,IVFR,1,allometry,229.5418642569059
2015,10,15,R3,1,PHAU,1,allometry,47.26891376671574
2015,10,15,R3,1,SCRO,1,allometry,46.67544131904309
2015,10,15,R3,1,SPAL,1,allometry,491.07728529472365
2015,10,15,R3,2,PHAU,1,allometry,170.49523189022776
2015,10,15,R3,2,SCRO,1,allometry,20.97340263724096
2015,10,15,R3,2,SYTE,1,allometry,5.289692322566176
2015,10,15,R3,3,KOVI,1,allometry,1.4154438403450142
2015,10,15,R3,3,PHAU,1,allometry,47.371941909492726
2015,10,15,R3,4,ATPA,1,allometry,1.581738413822216
2015,10,15,R3,4,PHAU,1,allometry,45.767116252525305
2015,10,15,R3,5,AMCA,1,allometry,0.8389101584105679
2015,10,15,R3,5,PHAU,1,allometry,68.69446833581283
2015,10,15,R3,5,POHY,1,allometry,3.400644865631732
2015,10,15,R3,5,SCAM,1,allometry,5.508442194561102
2015,10,30,R3,5,SPPA,0.01,harvest,61
2015,10,15,R3,5,SYTE,1,allometry,2.4290289780826786
2015,10,30,S1,1,DISP,0.01,harvest,41
2015,10,26,S1,1,IVFR,1,allometry,74.97531999723961
2015,10,26,S1,1,SMRO,1,allometry,20.847468850741127
2015,10,30,S1,2,DISP,0.01,harvest,24
2015,10,26,S1,2,SOSE,1,allometry,6.5897170256390325
2015,10,26,S1,2,UNKGRASS,1,allometry,11.48598504013418
2015,10,30,S1,2,UNKGRASS,0.01,harvest,16
2015,10,30,S1,3,DISP,0.01,harvest,231.99999999999997
2015,10,26,S1,3,IVFR,1,allometry,892.0101266952847
2015,10,26,S1,3,SOSE,1,allometry,1.481399871715133
2015,10,30,S1,3,SPPA,0.01,harvest,152
2015,10,26,S1,3,SYTE,1,allometry,0.4453639125523883
2015,10,30,S1,4,DISP,0.01,harvest,92
2015,10,26,S1,4,IVFR,1,allometry,265.5091907462463
2015,10,26,S1,4,SOSE,1,allometry,16.179837668606076
2015,10,30,S1,4,UNKGRASS,0.01,harvest,17
2015,10,30,S1,5,DISP,0.01,harvest,198
2015,10,26,S1,5,IVFR,1,allometry,399.5350266664547
2015,10,26,S1,5,PADI,1,allometry,11.500983303011846
2015,10,26,S1,5,PHAU,1,allometry,23.828987638244097
2015,10,26,S1,6,HYUM,1,allometry,2.725732380115494
2015,10,26,S1,6,PHAU,1,allometry,522.6391069986173
2015,10,16,S2,1,IVFR,1,allometry,1051.8082032587936
2015,10,16,S2,1,SOSE,1,allometry,23.51971286605467
2015,10,30,S2,1,SPPA,0.01,harvest,10
2015,10,30,S2,2,DISP,0.01,harvest,105
2015,10,16,S2,2,IVFR,1,allometry,1832.3882969788149
2015,10,16,S2,2,SOSE,1,allometry,37.78887456583957
2015,10,16,S2,2,SYTE,1,allometry,4.346088305705168
2015,10,30,S2,3,DISP,0.01,harvest,98
2015,10,16,S2,3,IVFR,1,allometry,1626.9149032069786
2015,10,16,S2,3,KOVI,1,allometry,2.5355653248221812
2015,10,16,S2,3,SCAM,1,allometry,1.6639064152835719
2015,10,30,S2,3,SPPA,0.01,harvest,43
2015,10,16,S2,4,IVFR,1,allometry,86.3767127901703
2015,10,16,S2,4,SCAM,1,allometry,25.96593064186115
2015,10,16,S2,4,SOSE,1,allometry,36.480094905688844
2015,10,16,S2,5,IVFR,1,allometry,1442.1347967440079
2015,10,16,S2,5,SCAM,1,allometry,12.294527359749317
2015,10,16,S2,6,PLOD,1,allometry,1.6070691241377135
2015,10,16,S2,6,POHY,1,allometry,1.070101324730239
2015,10,16,S2,6,SCAM,1,allometry,84.66612913303638
2015,10,16,S2,6,SPCY,1,allometry,28.098087448975107
2015,10,16,S2,6,TYAN,1,allometry,16.674338124120002
2015,10,16,S3,1,AMCA,1,allometry,107.08760592619348
2015,10,16,S3,1,IVFR,1,allometry,972.9817834268015
2015,10,16,S3,1,SCRO,1,allometry,28.144041401058942
2015,10,16,S3,1,SPAL,1,allometry,352.61512613713126
2015,10,16,S3,2,AMCA,1,allometry,2.5176445196983566
2015,10,30,S3,2,DISP,0.01,harvest,200.99999999999997
2015,10,16,S3,2,IVFR,1,allometry,591.9129093698182
2015,10,16,S3,2,SCAM,1,allometry,40.48733942483305
2015,10,30,S3,2,SPPA,0.01,harvest,43
2015,10,30,S3,2,SYLA,0.01,harvest,109
2015,10,16,S3,3,ATPA,1,allometry,0.27852693807161105
2015,10,30,S3,3,DISP,0.01,harvest,95
2015,10,16,S3,3,IVFR,1,allometry,344.7947319519001
2015,10,30,S3,3,IVFR,0.01,harvest,31
2015,10,16,S3,3,SOSE,1,allometry,297.8503841884912
2015,10,16,S3,4,AMCA,1,allometry,113.27644430070616
2015,10,16,S3,4,ATPA,1,allometry,23.060294686236226
2015,10,30,S3,4,DISP,0.01,harvest,32
2015,10,16,S3,4,IVFR,1,allometry,1737.6445894816702
2015,10,16,S3,4,SCAM,1,allometry,5.311491205266419
2015,10,16,S3,5,AMCA,1,allometry,30.552696484170127
2015,10,30,S3,5,DISP,0.01,harvest,56.00000000000001
2015,10,16,S3,5,SCAM,1,allometry,43.71228773701438
2015,10,16,S3,5,SCRO,1,allometry,35.047276772294936
2015,10,16,S3,5,SPAL,1,allometry,20.155364606079708
2015,10,30,S3,5,SPPA,0.01,harvest,352
2016,8,9,G1,1,AMCA,1,allometry,3.380788394228674
2016,8,9,G1,1,ATPA,1,allometry,8.743888508464815
2016,8,9,G1,1,SCRO,1,allometry,33.5374158470032
2016,8,9,G1,1,SPAL,1,allometry,43.77898890067108
2016,8,9,G1,1,SPCY,1,allometry,456.80205825291836
2016,8,9,G1,1,SYTE,1,allometry,8.817795044942045
2016,8,23,G1,2,DISP,0.01,harvest,168.87
2016,8,9,G1,2,IVFR,1,allometry,433.4151680043439
2016,8,9,G1,2,KOVI,1,allometry,3.1289523910144945
2016,8,9,G1,2,SOSE,1,allometry,60.63717220822037
2016,8,9,G1,3,SOSE,1,allometry,37.11334377862367
2016,8,23,G1,3,SPPA,0.01,harvest,252.32
2016,8,23,G1,4,SPPA,0.01,harvest,1299.8
2016,8,23,G1,5,DISP,0.01,harvest,164.47
2016,8,23,G1,6,DISP,0.01,harvest,10.2
2016,8,9,G1,6,SCAM,1,allometry,45.905445013190004
2016,8,23,G1,6,SPPA,0.01,harvest,88.00999999999999
2016,8,9,G1,7,IVFR,1,allometry,318.553273812572
2016,8,9,G1,7,KOVI,1,allometry,2.4541160817295236
2016,8,9,G1,7,SCAM,1,allometry,45.396005488173046
2016,8,23,G1,8,DISP,0.01,harvest,22
2016,8,9,G1,8,IVFR,1,allometry,137.55717925783122
2016,8,9,G1,8,LICA,1,allometry,3.8403018082706195
2016,8,9,G1,8,PADI,1,allometry,20.543141534308536
2016,8,9,G1,8,SCAM,1,allometry,29.71418050848861
2016,8,23,G1,8,SPPA,0.01,harvest,500.56
2016,8,23,G1,9,DISP,0.01,harvest,34.8
2016,8,9,G1,9,SOSE,1,allometry,8.806146593847107
2016,8,23,G1,9,SPPA,0.01,harvest,363.89
2016,8,9,G1,10,AMCA,1,allometry,1.7563042545549385
2016,8,23,G1,10,DISP,0.01,harvest,174.25
2016,8,9,G1,10,IVFR,1,allometry,9.100027060002756
2016,8,9,G1,10,KOVI,1,allometry,90.84932843493404
2016,8,9,G1,10,SCRO,1,allometry,8.414125805706583
2016,8,9,G1,10,SPAL,1,allometry,9.765714415400922
2016,8,9,G1,10,SPCY,1,allometry,220.43538813802127
2016,8,23,G1,10,SPPA,0.01,harvest,18.779999999999998
2016,8,9,G1,11,IVFR,1,allometry,1130.287589226421
2016,8,9,G1,11,SCAM,1,allometry,114.03654287566124
2016,8,23,G1,11,SPPA,0.01,harvest,215.07
2016,8,23,G1,12,DISP,0.01,harvest,9.65
2016,8,9,G1,12,SCAM,1,allometry,95.98959465755534
2016,8,23,G1,12,SPPA,0.01,harvest,187.13
2016,8,9,G1,13,IVFR,1,allometry,1032.463526549289
2016,8,9,G1,13,SCAM,1,allometry,21.35007585132019
2016,8,23,G1,13,SPPA,0.01,harvest,473.21
2016,8,9,G1,14,AMCA,1,allometry,0.3941054917355256
2016,8,9,G1,14,ATPA,1,allometry,0.39071314655342626
2016,8,9,G1,14,IVFR,1,allometry,226.82578489045198
2016,8,9,G1,14,SCAM,1,allometry,43.400710584132305
2016,8,9,G1,15,ATPA,1,allometry,26.712965836097393
2016,8,9,G1,15,IVFR,1,allometry,53.05635118107591
2016,8,9,G1,15,SCAM,1,allometry,76.92618210809742
2016,8,23,G1,15,SPPA,0.01,harvest,803.15
2016,8,9,G1,16,AMCA,1,allometry,0.5156154104403511
2016,8,9,G1,16,SCAM,1,allometry,48.60421726646201
2016,8,23,G1,16,SPPA,0.01,harvest,133.21
2016,8,23,G1,17,DISP,0.01,harvest,75.21
2016,8,9,G1,17,SCAM,1,allometry,159.18495277537255
2016,8,9,G1,18,SCAM,1,allometry,191.84833062131486
2016,8,9,G1,19,SCAM,1,allometry,115.57411586852876
2016,8,23,G1,19,SPPA,0.01,harvest,90.05999999999999
2016,8,9,G1,20,AMCA,1,allometry,4.752048217136533
2016,8,9,G1,20,PLOD,1,allometry,0.6230133641683364
2016,8,9,G1,20,SCRO,1,allometry,12.953932039701094
2016,8,9,G1,20,TYAN,1,allometry,193.6045179502476
2016,8,12,G2,1,KOVI,1,allometry,124.04107629201344
2016,8,12,G2,1,PHAU,1,allometry,851.9321504997478
2016,8,12,G2,1,SPCY,1,allometry,25.667721119536495
2016,8,12,G2,2,AMCA,1,allometry,3.011060210139889
2016,8,12,G2,2,PHAU,1,allometry,1795.605144611002
2016,8,12,G2,2,SCRO,1,allometry,28.897507733175132
2016,8,12,G2,3,PHAU,1,allometry,517.7036100500651
2016,8,12,G2,4,PHAU,1,allometry,1771.7811214471392
2016,8,12,G2,5,PHAU,1,allometry,1575.9525881078573
2016,8,12,G2,6,AMCA,1,allometry,3.1357177021838933
2016,8,12,G2,6,IVFR,1,allometry,85.80043548121738
2016,8,12,G2,6,KOVI,1,allometry,32.645189729281235
2016,8,12,G2,6,PHAU,1,allometry,84.00660352424948
2016,8,12,G2,6,PLOD,1,allometry,1.0378272676766025
2016,8,12,G2,6,SCRO,1,allometry,158.19600694992852
2016,8,12,G2,6,SOSE,1,allometry,9.447212867615374
2016,8,12,G2,6,SPAL,1,allometry,91.99481108212632
2016,8,12,G2,7,IVFR,1,allometry,618.1657733923165
2016,8,12,G2,7,SCAM,1,allometry,116.94482614523208
2016,8,23,G2,8,DISP,0.01,harvest,33.76
2016,8,12,G2,8,IVFR,1,allometry,438.7701064252693
2016,8,12,G2,8,SCAM,1,allometry,74.24713066048191
2016,8,12,G2,8,SOSE,1,allometry,18.253107742736766
2016,8,23,G2,8,SPPA,0.01,harvest,9.55
2016,8,12,G2,9,SCAM,1,allometry,34.095529539367185
2016,8,12,G2,9,SOSE,1,allometry,12.99047730231499
2016,8,23,G2,9,SPPA,0.01,harvest,313.77
2016,8,12,G2,10,AMCA,1,allometry,0.4658973724056676
2016,8,12,G2,10,PHAU,1,allometry,1858.910472456303
2016,8,12,G2,10,SCAM,1,allometry,23.345531114958394
2016,8,12,G2,10,TYAN,1,allometry,19.792713673744252
2016,8,12,G2,11,PHAU,1,allometry,209.91833919919878
2016,8,12,G2,11,SMRO,1,allometry,6.343653092079625
2016,8,12,G3,1,AMCA,1,allometry,1.9956640657656766
2016,8,12,G3,1,IVFR,1,allometry,103.1982612609625
2016,8,12,G3,1,PHAU,1,allometry,242.254054673979
2016,8,12,G3,1,SPCY,1,allometry,190.93111240543442
2016,8,12,G3,2,KOVI,1,allometry,152.62483186441864
2016,8,12,G3,2,PHAU,1,allometry,590.6742977954721
2016,8,12,G3,3,IVFR,1,allometry,1355.7561546524394
2016,8,12,G3,3,PHAU,1,allometry,1.1717384663198134
2016,8,12,G3,3,SOSE,1,allometry,27.43139482440015
2016,8,23,G3,3,SPPA,0.01,harvest,42.28
2016,8,23,G3,4,DISP,0.01,harvest,494.96999999999997
2016,8,12,G3,4,IVFR,1,allometry,1.7045697723879245
2016,8,12,G3,4,KOVI,1,allometry,10.658135651171511
2016,8,12,G3,4,PHAU,1,allometry,39.387826820348316
2016,8,12,G3,4,POHY,1,allometry,0.12216345938462758
2016,8,12,G3,4,SOSE,1,allometry,246.25780832863921
2016,8,23,G3,4,SPPA,0.01,harvest,50.06
2016,8,12,G3,5,AMCA,1,allometry,0.40822221042591916
2016,8,12,G3,5,ATPA,1,allometry,1.2875071291957472
2016,8,12,G3,5,KOVI,1,allometry,55.34430113580574
2016,8,12,G3,5,PADI,1,allometry,55.57097006918167
2016,8,12,G3,5,PHAU,1,allometry,78.88718552682103
2016,8,12,G3,5,SAVAP,1,allometry,34.477832092306635
2016,8,12,G3,5,SOSE,1,allometry,13.409312071522292
2016,8,12,G3,5,SPCY,1,allometry,37.232313287806754
2016,8,12,G3,6,KOVI,1,allometry,7.2782185275955715
2016,8,12,G3,6,SPCY,1,allometry,1072.8000509972953
2016,8,10,R1,1,AMCA,1,allometry,2.6488864326848116
2016,8,10,R1,1,SCRO,1,allometry,17.96115536935039
2016,8,10,R1,1,SPAL,1,allometry,78.29813322416723
2016,8,10,R1,1,SYTE,1,allometry,11.151665902181882
2016,8,10,R1,2,AMCA,1,allometry,0.47035293996204863
2016,8,10,R1,2,SCRO,1,allometry,145.64184694300337
2016,8,10,R1,2,SPAL,1,allometry,207.2445163042098
2016,8,10,R1,2,TYAN,1,allometry,9.662977121019999
2016,8,10,R1,3,AMCA,1,allometry,1.1146569396716852
2016,8,10,R1,3,PLOD,1,allometry,7.746142651753763
2016,8,10,R1,3,SCRO,1,allometry,106.44828215478819
2016,8,10,R1,3,SPAL,1,allometry,127.57435441479123
2016,8,10,R1,3,TYAN,1,allometry,11.27259048765
2016,8,23,R1,4,DISP,0.01,harvest,296.88
2016,8,10,R1,4,HIMO,1,allometry,3.409697581570735
2016,8,10,R1,4,IVFR,1,allometry,545.4928506364575
2016,8,10,R1,4,SCAM,1,allometry,1.5148521360400038
2016,8,10,R1,4,TYAN,1,allometry,65.74960946053125
2016,8,10,R1,5,HIMO,1,allometry,128.60039739742382
2016,8,10,R1,5,PEVI,1,allometry,6.1124929146766895
2016,8,23,R1,5,UNKGRASS,0.01,harvest,55.059999999999995
2016,8,10,R2,1,AMCA,1,allometry,2.749358577699917
2016,8,10,R2,1,PHAU,1,allometry,518.411803653262
2016,8,10,R2,1,SCRO,1,allometry,12.613620810761706
2016,8,10,R2,1,SPAL,1,allometry,7.009839445625621
2016,8,23,R2,1,SPPA,0.01,harvest,214.4
2016,8,10,R2,2,AMCA,1,allometry,1.8978554716252378
2016,8,10,R2,2,PHAU,1,allometry,421.17421338972224
2016,8,10,R2,2,PLOD,1,allometry,2.0711806822761636
2016,8,10,R2,3,AMCA,1,allometry,11.973328949753409
2016,8,10,R2,3,IVFR,1,allometry,508.73255772950745
2016,8,10,R2,3,PHAU,1,allometry,242.0789213995067
2016,8,10,R2,3,SPAL,1,allometry,44.03704462764352
2016,8,10,R2,4,AMCA,1,allometry,2.158731952198677
2016,8,10,R2,4,PHAU,1,allometry,335.04259559855024
2016,8,10,R2,4,PLOD,1,allometry,0.23396021487067342
2016,8,10,R2,4,SPAL,1,allometry,31.56284188256192
2016,8,10,R2,5,HIMO,1,allometry,24.425469638121335
2016,8,10,R2,5,PHAU,1,allometry,972.6354674882248
2016,8,10,R3,1,PHAU,1,allometry,15.14337806096343
2016,8,10,R3,1,SCRO,1,allometry,18.344050535390704
2016,8,10,R3,1,SPAL,1,allometry,181.23438101910563
2016,8,10,R3,2,AMCA,1,allometry,2.028664583928895
2016,8,10,R3,2,HIMO,1,allometry,82.5220116116621
2016,8,10,R3,2,PHAU,1,allometry,232.63019224900685
2016,8,10,R3,2,SCRO,1,allometry,5.2863713844926865
2016,8,10,R3,3,AMCA,1,allometry,5.286684020039262
2016,8,10,R3,3,HIMO,1,allometry,19.70839869643915
2016,8,10,R3,3,KOVI,1,allometry,42.01214550997076
2016,8,10,R3,3,PHAU,1,allometry,627.294000040047
2016,8,10,R3,3,PLOD,1,allometry,3.6862088905091825
2016,8,10,R3,4,AMCA,1,allometry,7.959477979099602
2016,8,10,R3,4,ATPA,1,allometry,0.3370838841044364
2016,8,10,R3,4,HIMO,1,allometry,38.10477837372989
2016,8,10,R3,4,KOVI,1,allometry,32.46957027998508
2016,8,10,R3,4,PHAU,1,allometry,566.7674050198456
2016,8,10,R3,4,PLOD,1,allometry,5.23803648562167
2016,8,10,R3,5,AMCA,1,allometry,2.4224979869254124
2016,8,10,R3,5,HIMO,1,allometry,14.594279245398823
2016,8,10,R3,5,KOVI,1,allometry,11.162388982606016
2016,8,10,R3,5,PHAU,1,allometry,122.59635622076947
2016,8,10,R3,5,PLOD,1,allometry,1.3270111815487906
2016,8,10,R3,5,SCAM,1,allometry,27.276319184237373
2016,8,10,R3,5,SOSE,1,allometry,27.63419137870126
2016,8,23,R3,5,SPPA,0.01,harvest,134.95
2016,8,23,S1,1,DISP,0.01,harvest,60.14
2016,8,23,S1,2,DISP,0.01,harvest,18.75
2016,8,23,S1,3,DISP,0.01,harvest,680.56
2016,8,10,S1,3,IVFR,1,allometry,6762.992707793294
2016,8,10,S1,3,SOSE,1,allometry,27.043555999729957
2016,8,23,S1,3,SPPA,0.01,harvest,40.57
2016,8,23,S1,4,DISP,0.01,harvest,698.23
2016,8,10,S1,4,IVFR,1,allometry,464.56128048612857
2016,8,10,S1,4,SOSE,1,allometry,27.073231556251308
2016,8,23,S1,4,SPPA,0.01,harvest,139.38
2016,8,23,S1,5,DISP,0.01,harvest,200.23
2016,8,10,S1,5,IVFR,1,allometry,191.46668651795716
2016,8,10,S1,5,PHAU,1,allometry,198.56944743267366
2016,8,10,S1,6,PHAU,1,allometry,317.0648109755263
2016,8,23,S2,1,DISP,0.01,harvest,1148.69
2016,8,10,S2,1,IVFR,1,allometry,1081.8220928841965
2016,8,10,S2,1,KOVI,1,allometry,1.8384973618222493
2016,8,10,S2,1,SOSE,1,allometry,20.199367500736333
2016,8,23,S2,2,DISP,0.01,harvest,516.34
2016,8,10,S2,2,IVFR,1,allometry,2226.4981646165297
2016,8,10,S2,2,SOSE,1,allometry,68.9966077578346
2016,8,23,S2,3,DISP,0.01,harvest,248.74
2016,8,10,S2,3,IVFR,1,allometry,2265.278111568331
2016,8,10,S2,3,KOVI,1,allometry,1.4692199666619983
2016,8,10,S2,3,SCAM,1,allometry,13.41960471371519
2016,8,23,S2,4,DISP,0.01,harvest,46.13999999999999
2016,8,10,S2,4,IVFR,1,allometry,581.6306046153411
2016,8,10,S2,4,SCAM,1,allometry,59.03022266185741
2016,8,10,S2,4,SOSE,1,allometry,35.62930505115388
2016,8,23,S2,4,SPPA,0.01,harvest,53.73
2016,8,23,S2,5,DISP,0.01,harvest,96.02000000000001
2016,8,10,S2,5,IVFR,1,allometry,1713.1762461855578
2016,8,10,S2,5,SCAM,1,allometry,26.666367605964716
2016,8,23,S2,5,SPPA,0.01,harvest,315.26
2016,8,10,S2,6,PLOD,1,allometry,0.45748815945819354
2016,8,10,S2,6,SCAM,1,allometry,59.098280277691885
2016,8,10,S2,6,SPCY,1,allometry,33.74520395245362
2016,8,10,S2,6,TYAN,1,allometry,42.3503264274
2016,8,10,S3,1,ATPA,1,allometry,4.409844467091739
2016,8,23,S3,1,DISP,0.01,harvest,741.12
2016,8,10,S3,1,IVFR,1,allometry,829.2991287311827
2016,8,10,S3,1,PLOD,1,allometry,3.5788968560580043
2016,8,10,S3,1,SCRO,1,allometry,4.482096856172288
2016,8,10,S3,1,SPAL,1,allometry,88.29077656227942
2016,8,10,S3,1,SPCY,1,allometry,42.18621787169778
2016,8,10,S3,2,AMCA,1,allometry,0.16985669126648445
2016,8,10,S3,2,IVFR,1,allometry,719.8892195062152
2016,8,10,S3,2,PLOD,1,allometry,3.441825436882077
2016,8,10,S3,2,SCAM,1,allometry,3.518938475703232
2016,8,23,S3,2,SPPA,0.01,harvest,54.42
2016,8,23,S3,3,DISP,0.01,harvest,163.84
2016,8,10,S3,3,IVFR,1,allometry,1162.517272308419
2016,8,10,S3,3,SOSE,1,allometry,107.42831917140718
2016,8,10,S3,4,IVFR,1,allometry,4006.245500627395
2016,8,10,S3,4,PLOD,1,allometry,0.20188850286199247
2016,8,10,S3,4,SCAM,1,allometry,20.62343437525032
2016,8,10,S3,5,AMCA,1,allometry,0.9049944068019232
2016,8,10,S3,5,SCAM,1,allometry,18.27685325784482
2016,8,10,S3,5,SCRO,1,allometry,75.8353139473251
2016,8,10,S3,5,SPAL,1,allometry,17.762845023186216
2017,9,19,G1,1,ATPA,1,allometry,94.31215371496953
2017,9,19,G1,1,SCRO,1,allometry,134.12102362086864
2017,9,19,G1,1,SPAL,1,allometry,28.95527684095687
2017,9,19,G1,1,SPCY,1,allometry,120.5957764569633
2017,9,19,G1,1,SYTE,1,allometry,4.017968794755137
2017,9,19,G1,2,IVFR,1,allometry,450.48694357872523
2017,9,19,G1,2,KOVI,1,allometry,1.087651973538828
2017,9,19,G1,2,SOSE,1,allometry,12.24016566964912
2017,9,19,G1,3,IVFR,1,allometry,3.9511665459936713
2017,9,19,G1,3,SOSE,1,allometry,31.827371372321732
2017,9,19,G1,3,SPPA,0.01,harvest,830.9499999999999
2017,9,19,G1,4,DISP,0.01,harvest,34.765
2017,9,19,G1,4,SPPA,0.01,harvest,643.3290000000001
2017,9,19,G1,5,SPPA,0.01,harvest,360.11
2017,9,19,G1,6,SCAM,1,allometry,71.26748079885179
2017,9,19,G1,7,AMCA,1,allometry,8.009225702073765
2017,9,19,G1,7,IVFR,1,allometry,294.7946423023049
2017,9,19,G1,7,PLOD,1,allometry,2.9313563089487302
2017,9,19,G1,7,SCAM,1,allometry,34.23621016603042
2017,9,19,G1,8,IVFR,1,allometry,45.04532610811895
2017,9,19,G1,8,KOVI,1,allometry,0.6435771937068976
2017,9,19,G1,8,PADI,1,allometry,22.28228560002971
2017,9,19,G1,8,SCAM,1,allometry,75.45987702425853
2017,9,19,G1,9,DISP,0.01,harvest,1.4689999999999999
2017,9,19,G1,9,IVFR,1,allometry,1.9273278805991312
2017,9,19,G1,9,SCAM,1,allometry,7.959508826492534
2017,9,19,G1,9,SOSE,1,allometry,13.78232230950245
2017,9,19,G1,9,SPPA,0.01,harvest,12.796
2017,9,19,G1,10,AMCA,1,allometry,3.3937728016674154
2017,9,19,G1,10,KOVI,1,allometry,327.21236758699126
2017,9,19,G1,10,POHY,1,allometry,0.8687455171649422
2017,9,19,G1,10,SCRO,1,allometry,6.130108422836046
2017,9,19,G1,10,SPAL,1,allometry,55.572732460843696
2017,9,19,G1,10,SPCY,1,allometry,37.953813266703
2017,9,19,G1,11,AMCA,1,allometry,5.208986865317468
2017,9,19,G1,11,IVFR,1,allometry,307.50806877726427
2017,9,19,G1,11,POHY,1,allometry,2.632422460786036
2017,9,19,G1,11,SCAM,1,allometry,269.2262655595604
2017,9,19,G1,12,AMCA,1,allometry,6.552927310299969
2017,9,19,G1,12,DISP,0.01,harvest,23.115
2017,9,19,G1,12,SCAM,1,allometry,92.16228515315564
2017,9,19,G1,12,SCAM,1,allometry,157.00487694779542
2017,9,19,G1,12,SPPA,0.01,harvest,298.936
2017,9,19,G1,13,IVFR,1,allometry,1296.9346356405852
2017,9,19,G1,14,IVFR,1,allometry,164.7951429305717
2017,9,19,G1,14,SCAM,1,allometry,110.69673584791836
2017,9,19,G1,14,SCRO,1,allometry,10.797552247491854
2017,9,19,G1,15,ATPA,1,allometry,4.140823414081833
2017,9,19,G1,15,IVFR,1,allometry,7.203783698190292
2017,9,19,G1,15,KOVI,1,allometry,14.716167152690472
2017,9,19,G1,15,SCAM,1,allometry,124.44937612335181
2017,9,19,G1,16,SCAM,1,allometry,155.16991467125618
2017,9,19,G1,17,SCAM,1,allometry,220.26561069330154
2017,9,19,G1,18,SCAM,1,allometry,183.2821485409126
2017,9,19,G1,19,SCAM,1,allometry,90.72124743214785
2017,9,19,G1,20,AMCA,1,allometry,0.24519766446152697
2017,9,19,G1,20,PLOD,1,allometry,6.309061516576751
2017,9,19,G1,20,SCRO,1,allometry,27.26049348686633
2017,9,19,G1,20,TYAN,1,allometry,256.89509145570753
2017,9,19,G2,1,KOVI,1,allometry,238.8765802448434
2017,9,19,G2,1,PHAU,1,allometry,1220.6705171651383
2017,9,19,G2,1,SCRO,1,allometry,2.526629078435386
2017,9,19,G2,1,SPAL,1,allometry,17.29348317489778
2017,9,19,G2,2,AMCA,1,allometry,15.711903503286852
2017,9,19,G2,2,PHAU,1,allometry,1543.4669197107357
2017,9,19,G2,3,AMCA,1,allometry,45.192668393585166
2017,9,19,G2,3,PHAU,1,allometry,1564.0167213251354
2017,9,19,G2,3,SCRO,1,allometry,6.514374240565688
2017,9,19,G2,4,PHAU,1,allometry,1067.09703051722
2017,9,19,G2,5,PHAU,1,allometry,2275.3257981649904
2017,9,19,G2,5,SCRO,1,allometry,2.01974614813235
2017,9,19,G2,6,AMCA,1,allometry,6.475399535459254
2017,9,19,G2,6,KOVI,1,allometry,192.76539692507615
2017,9,19,G2,6,PHAU,1,allometry,801.8408350286192
2017,9,19,G2,6,SCAM,1,allometry,2.109760225350876
2017,9,19,G2,6,SCRO,1,allometry,15.844133777631884
2017,9,19,G2,6,SPAL,1,allometry,102.31011707747473
2017,9,19,G2,7,IVFR,1,allometry,443.42211946158625
2017,9,19,G2,7,SCAM,1,allometry,141.5567837621093
2017,9,19,G2,8,IVFR,1,allometry,558.5648764383916
2017,9,19,G2,8,SCAM,1,allometry,26.757305082412653
2017,9,19,G2,8,SOSE,1,allometry,53.20435783154669
2017,9,19,G2,9,DISP,0.01,harvest,117.669
2017,9,19,G2,9,SCAM,1,allometry,12.98327608835008
2017,9,19,G2,9,SOSE,1,allometry,31.453576461434587
2017,9,19,G2,9,SPPA,0.01,harvest,321.281
2017,9,19,G2,10,PHAU,1,allometry,853.6324199050466
2017,9,19,G2,10,SCAM,1,allometry,6.328093504418163
2017,9,19,G2,10,SCRO,1,allometry,7.8569048560094235
2017,9,19,G2,10,TYAN,1,allometry,13.52285609236
2017,9,19,G2,11,PHAU,1,allometry,344.2710711157693
2017,9,19,G2,11,SMRO,1,allometry,4.397331061719063
2017,9,17,G3,1,IVFR,1,allometry,159.42132589827145
2017,9,18,G3,1,PHAU,1,allometry,1150.6306012894313
2017,9,18,G3,1,SPAL,1,allometry,8.436777816224133
2017,9,18,G3,1,SPCY,1,allometry,32.97133908319456
2017,9,18,G3,2,AMCA,1,allometry,11.27882416562051
2017,9,18,G3,2,KOVI,1,allometry,81.77421520611037
2017,9,18,G3,2,PHAU,1,allometry,1463.9854400675217
2017,9,17,G3,3,IVFR,1,allometry,5223.31316814974
2017,9,18,G3,3,KOVI,1,allometry,1.4343196496319037
2017,9,18,G3,3,PHAU,1,allometry,3.6571802099237267
2017,9,18,G3,3,SOSE,1,allometry,4.07636155498239
2017,9,18,G3,4,PAVI,1,allometry,122.01758675192355
2017,9,18,G3,4,PHAU,1,allometry,52.09488791180385
2017,9,18,G3,5,KOVI,1,allometry,69.62424961359272
2017,9,18,G3,5,PAVI,1,allometry,276.47087089708623
2017,9,18,G3,5,POHY,1,allometry,1.5828463681548293
2017,9,18,G3,5,SAVAP,1,allometry,16.14639504730867
2017,9,18,G3,5,SOSE,1,allometry,36.75117488297753
2017,9,18,G3,5,SPCY,1,allometry,109.3912326177213
2017,9,18,G3,5,SPPA,0.01,harvest,149.212
2017,9,18,G3,5,SYTE,1,allometry,0.6190743502630559
2017,9,18,G3,6,SPCY,1,allometry,719.4059197207015
2017,9,21,R1,1,SPAL,1,allometry,130.0623203253828
2017,9,21,R1,1,SYTE,1,allometry,10.69551287426494
2017,9,21,R1,2,SCRO,1,allometry,68.49688951594148
2017,9,21,R1,2,SPAL,1,allometry,84.32190912446586
2017,9,21,R1,2,SPPA,0.01,harvest,57.748999999999995
2017,9,21,R1,2,SYTE,1,allometry,7.480086175006466
2017,9,21,R1,2,TYAN,1,allometry,18.16767487179
2017,9,21,R1,3,SCAM,1,allometry,10.140446074886357
2017,9,21,R1,3,SCRO,1,allometry,102.67402192803613
2017,9,21,R1,3,SPAL,1,allometry,59.85775545021437
2017,9,21,R1,3,TYAN,1,allometry,17.67709558531
2017,9,21,R1,4,IVFR,1,allometry,699.8169182563502
2017,9,21,R1,4,SCAM,1,allometry,12.391508763122014
2017,9,21,R1,4,SCRO,1,allometry,21.0840503083829
2017,9,21,R1,4,SPAL,1,allometry,13.947104101508595
2017,9,21,R1,4,SPPA,0.01,harvest,13.098999999999998
2017,9,21,R1,4,TYAN,1,allometry,46.89888901159
2017,9,21,R1,5,HIMO,1,allometry,73.71281779420677
2017,9,21,R1,5,PEVI,1,allometry,5.863854903916802
2017,9,21,R1,5,SCRO,1,allometry,8.475452193293313
2017,9,21,R1,5,TYAN,1,allometry,4.49599689626
2017,9,21,R2,1,PHAU,1,allometry,496.2935397806466
2017,9,21,R2,1,SCRO,1,allometry,13.56306675418858
2017,9,21,R2,1,SYTE,1,allometry,2.1138104044651413
2017,9,21,R2,2,PHAU,1,allometry,600.2493470224492
2017,9,21,R2,3,PHAU,1,allometry,827.3415562064962
2017,9,21,R2,3,SPAL,1,allometry,23.55836167798828
2017,9,21,R2,4,PHAU,1,allometry,1478.532443405905
2017,9,21,R2,4,SPAL,1,allometry,5.279943253724932
2017,9,21,R2,5,HIMO,1,allometry,23.37487073808767
2017,9,21,R2,5,PHAU,1,allometry,1137.04135126765
2017,9,21,R3,1,PHAU,1,allometry,86.5183751253425
2017,9,21,R3,1,SCRO,1,allometry,71.51952672732821
2017,9,21,R3,1,SPAL,1,allometry,136.70360221537547
2017,9,21,R3,2,PHAU,1,allometry,219.62581719977504
2017,9,21,R3,2,SCRO,1,allometry,14.811175618826592
2017,9,21,R3,2,SPAL,1,allometry,2.6724482171601904
2017,9,21,R3,2,SYTE,1,allometry,6.218052216212471
2017,9,21,R3,3,KOVI,1,allometry,57.98068064915347
2017,9,21,R3,3,PHAU,1,allometry,910.9798187139307
2017,9,21,R3,3,PLOD,1,allometry,1.7802041921287273
2017,9,21,R3,3,SYTE,1,allometry,65.6119420249399
2017,9,21,R3,4,AMCA,1,allometry,2.8602748404046734
2017,9,21,R3,4,HIMO,1,allometry,4.139639389260136
2017,9,21,R3,4,KOVI,1,allometry,16.606358835272125
2017,9,21,R3,4,PHAU,1,allometry,945.1222628434683
2017,9,21,R3,4,PLOD,1,allometry,0.2792405729675413
2017,9,21,R3,5,AMCA,1,allometry,1.185785945636466
2017,9,21,R3,5,HIMO,1,allometry,13.889065608135049
2017,9,21,R3,5,KOVI,1,allometry,56.81333860543908
2017,9,21,R3,5,PHAU,1,allometry,609.6094768767307
2017,9,21,R3,5,SOSE,1,allometry,24.91139204474588
2017,9,21,R3,5,SPPA,0.01,harvest,34.507
2017,9,21,R3,5,SYTE,1,allometry,0.6294428789275751
2017,9,20,S1,1,MOCE,1,allometry,177.77273278441018
2017,9,20,S1,1,SMRO,1,allometry,2.6337880823327233
2017,9,20,S1,1,SOSE,1,allometry,5.57123476149079
2017,9,20,S1,2,SOSE,1,allometry,24.864906970302464
2017,9,20,S1,3,IVFR,1,allometry,1099.3684044552901
2017,9,20,S1,3,SOSE,1,allometry,16.3996731413337
2017,9,20,S1,3,SPPA,0.01,harvest,774.463
2017,9,20,S1,3,SYLA,1,allometry,0.43333516382413423
2017,9,20,S1,4,DISP,0.01,harvest,674.5669999999999
2017,9,20,S1,4,IVFR,1,allometry,1.3940227051852716
2017,9,20,S1,4,IVFR,1,allometry,565.3098211970055
2017,9,20,S1,4,SOSE,1,allometry,19.022685280748913
2017,9,20,S1,4,SPPA,0.01,harvest,727.025
2017,9,20,S1,5,IVFR,1,allometry,6179.013397938161
2017,9,20,S1,5,JUCO,1,allometry,37.69463304528993
2017,9,20,S1,5,PHAU,1,allometry,49.39592303973376
2017,9,20,S1,6,PHAU,1,allometry,353.41507869476914
2017,9,20,S2,1,DISP,0.01,harvest,134.802
2017,9,20,S2,1,IVFR,1,allometry,640.1934845870237
2017,9,20,S2,1,KOVI,1,allometry,1.0662498722379323
2017,9,20,S2,1,SOSE,1,allometry,4.429970422253101
2017,9,20,S2,1,SPPA,0.01,harvest,10.75
2017,9,20,S2,2,IVFR,1,allometry,3026.171855739305
2017,9,20,S2,3,DISP,0.01,harvest,197.71099999999998
2017,9,20,S2,3,IVFR,1,allometry,2303.321151851263
2017,9,20,S2,3,SCAM,1,allometry,16.4572084027366
2017,9,20,S2,3,SPPA,0.01,harvest,16.79
2017,9,20,S2,4,DISP,0.01,harvest,168.058
2017,9,20,S2,4,IVFR,1,allometry,254.51606576517875
2017,9,20,S2,4,SCAM,1,allometry,43.134698787331416
2017,9,20,S2,4,SOSE,1,allometry,18.81363931245752
2017,9,20,S2,4,SPPA,0.01,harvest,5.537
2017,9,20,S2,5,DISP,0.01,harvest,33.009
2017,9,20,S2,5,IVFR,1,allometry,1217.6587076204237
2017,9,20,S2,5,SCAM,1,allometry,60.52630948395404
2017,9,20,S2,5,SPPA,0.01,harvest,344.512
2017,9,20,S2,6,PLOD,1,allometry,3.238662258519369
2017,9,20,S2,6,SCAM,1,allometry,1.9925566009489728
2017,9,20,S2,6,SPCY,1,allometry,61.4760874800254
2017,9,20,S2,6,TYAN,1,allometry,25.60491755917776
2017,9,20,S3,1,IVFR,1,allometry,718.418935458362
2017,9,20,S3,1,SCRO,1,allometry,11.817249414400862
2017,9,20,S3,1,SPAL,1,allometry,243.59375823416215
2017,9,20,S3,1,SPCY,1,allometry,43.908028657240266
2017,9,20,S3,2,IVFR,1,allometry,434.5175681799821
2017,9,20,S3,2,PLOD,1,allometry,0.309109702753084
2017,9,20,S3,2,SCAM,1,allometry,11.716653568192266
2017,9,20,S3,3,ATPA,1,allometry,0.3758880232995859
2017,9,20,S3,3,IVFR,1,allometry,456.9365119215429
2017,9,20,S3,3,SOSE,1,allometry,29.27950339250745
2017,9,20,S3,4,IVFR,1,allometry,1395.541384292922
2017,9,20,S3,4,SCAM,1,allometry,33.654336097177094
2017,9,20,S3,4,SCRO,1,allometry,23.673201465479707
2017,9,20,S3,5,SCAM,1,allometry,11.998524339608721
2017,9,20,S3,5,SCRO,1,allometry,110.23074387793157
2017,9,20,S3,5,SPAL,1,allometry,23.852549711491193
2018,10,2,G1,1,AMCA,1,allometry,30.188250729811106
2018,10,2,G1,1,ATPA,1,allometry,7.382414702792902
2018,10,2,G1,1,POHY,1,allometry,0.45550408689284166
2018,10,2,G1,1,SCRO,1,allometry,49.0013007788695
2018,10,1,G1,1,SPAL,1,allometry,9.087253787017946
2018,10,2,G1,1,SPCY,1,allometry,622.7250902470389
2018,10,2,G1,1,SYTE,1,allometry,6.730350905072582
2018,10,2,G1,2,IVFR,1,allometry,373.2815784759173
2018,10,2,G1,2,KOVI,1,allometry,1.3043186584026307
2018,10,2,G1,2,POHY,1,allometry,1.503862366944294
2018,10,2,G1,2,SOSE,1,allometry,9.882382041373852
2018,10,2,G1,3,KOVI,1,allometry,0.7990399775395681
2018,10,2,G1,3,SOSE,1,allometry,100.87197850860812
2018,10,2,G1,3,SPPA,0.01,harvest,726.51
2018,10,2,G1,4,SPPA,0.01,harvest,1497.39
2018,10,2,G1,5,DISP,0.01,harvest,43.37
2018,10,2,G1,5,SPPA,0.01,harvest,1483.88
2018,10,2,G1,6,SPPA,0.01,harvest,845.85
2018,10,2,G1,7,AMCA,1,allometry,0.6604627719797377
2018,10,2,G1,7,ATPA,1,allometry,1.158822644273625
2018,10,2,G1,7,IVFR,1,allometry,9.582751594976397
2018,10,2,G1,7,IVFR,1,allometry,274.77991067680665
2018,10,2,G1,7,POHY,1,allometry,76.209736920886
2018,10,2,G1,7,SCAM,1,allometry,73.09951356391771
2018,10,2,G1,7,SCAM,1,allometry,75.33604653989106
2018,10,2,G1,7,SPPA,0.01,harvest,585.77
2018,10,2,G1,8,IVFR,1,allometry,181.2109683857533
2018,10,2,G1,8,KOVI,1,allometry,0.6334844662769179
2018,10,2,G1,8,PADI,1,allometry,74.946702840792355
2018,10,2,G1,8,SCAM,1,allometry,67.46727335244749
2018,10,2,G1,8,SPPA,0.01,harvest,177.72
2018,10,2,G1,9,KOVI,1,allometry,1.0921941996296345
2018,10,2,G1,9,SCAM,1,allometry,46.262689099589345
2018,10,2,G1,9,SOSE,1,allometry,16.109909344945425
2018,10,2,G1,9,SPPA,0.01,harvest,1109.1599999999999
2018,10,2,G1,10,AMCA,1,allometry,16.27228066422869
2018,10,2,G1,10,KOVI,1,allometry,234.03683466032487
2018,10,2,G1,10,POHY,1,allometry,157.15735412925463
2018,10,2,G1,10,SCRO,1,allometry,31.898081316541415
2018,10,2,G1,10,SPCY,1,allometry,69.05682574822367
2018,10,2,G1,11,AMCA,1,allometry,42.13797429912559
2018,10,2,G1,11,KOVI,1,allometry,2.4759608428094952
2018,10,2,G1,11,SCAM,1,allometry,288.52540835641105
2018,10,1,G1,12,AMCA,1,allometry,1.1961609955336185
2018,10,1,G1,12,KOVI,1,allometry,1.3068003257267649
2018,10,1,G1,12,SCAM,1,allometry,106.03190471664135
2018,10,1,G1,12,SOSE,1,allometry,7.282107772116468
2018,10,1,G1,13,AMCA,1,allometry,8.371089137578727
2018,10,1,G1,13,IVFR,1,allometry,593.1737965619303
2018,10,1,G1,13,SCAM,1,allometry,68.82641151083367
2018,10,1,G1,14,SCAM,1,allometry,107.47619062227889
2018,10,1,G1,14,SPPA,0.01,harvest,139.64000000000001
2018,10,1,G1,15,ATPA,1,allometry,0.4908460021174474
2018,10,1,G1,15,IVFR,1,allometry,18.14808110068888
2018,10,1,G1,15,SCAM,1,allometry,160.9203219593414
2018,10,1,G1,16,ATPA,1,allometry,0.17881807151626758
2018,10,1,G1,16,DISP,0.01,harvest,22.83
2018,10,1,G1,16,SCAM,1,allometry,233.15729531909653
2018,10,1,G1,16,SPPA,0.01,harvest,700.72
2018,10,1,G1,17,SCAM,1,allometry,232.6402785711366
2018,10,1,G1,18,SCAM,1,allometry,145.50447618841105
2018,10,1,G1,19,DISP,0.01,harvest,22.95
2018,10,1,G1,19,SCAM,1,allometry,180.85529984914132
2018,10,1,G1,19,SPPA,0.01,harvest,240.60999999999999
2018,10,1,G1,20,PLOD,1,allometry,1.1588086985868582
2018,10,1,G1,20,SCRO,1,allometry,0.7313726977594781
2018,10,1,G1,20,TYAN,1,allometry,228.43758522422502
2018,10,2,G2,1,KOVI,1,allometry,82.41790183057918
2018,10,2,G2,1,PHAU,1,allometry,275.6549345031124
2018,10,2,G2,2,PHAU,1,allometry,1430.2871719062216
2018,10,2,G2,3,PHAU,1,allometry,1051.5086517723557
2018,10,2,G2,4,PHAU,1,allometry,957.5681433350364
2018,10,2,G2,5,PHAU,1,allometry,1692.5954421967829
2018,10,1,G2,6,AMCA,1,allometry,1.0722091004312242
2018,10,1,G2,6,IVFR,1,allometry,222.36230686193417
2018,10,1,G2,6,KOVI,1,allometry,104.56803197016366
2018,10,1,G2,6,PHAU,1,allometry,965.4044979757771
2018,10,1,G2,6,POHY,1,allometry,21.552304793666618
2018,10,1,G2,6,SCAM,1,allometry,4.693806116523119
2018,10,1,G2,6,SCRO,1,allometry,85.4667184966689
2018,10,1,G2,7,DISP,0.01,harvest,141.26
2018,10,1,G2,7,IVFR,1,allometry,93.3913733602672
2018,10,1,G2,7,SCAM,1,allometry,310.44952220907294
2018,10,1,G2,7,SOSE,1,allometry,32.257069302546135
2018,10,1,G2,7,SPPA,0.01,harvest,812.86
2018,10,1,G2,8,IVFR,1,allometry,156.93908550458414
2018,10,1,G2,8,SCAM,1,allometry,190.93291992825766
2018,10,1,G2,8,SOSE,1,allometry,197.33450002138412
2018,10,1,G2,8,SPPA,0.01,harvest,742.5600000000001
2018,10,1,G2,9,DISP,0.01,harvest,34.82
2018,10,1,G2,9,SCAM,1,allometry,35.13300292303558
2018,10,1,G2,9,SOSE,1,allometry,13.114934058994177
2018,10,1,G2,9,SPPA,0.01,harvest,960.71
2018,10,1,G2,10,PHAU,1,allometry,2371.067432905572
2018,10,1,G2,11,PHAU,1,allometry,540.1148424831955
2018,10,1,G3,1,PHAU,1,allometry,803.7129167652378
2018,10,1,G3,2,PHAU,1,allometry,1506.735760226211
2018,10,1,G3,3,IVFR,1,allometry,5.212127730242569
2018,10,1,G3,3,IVFR,1,allometry,141.48286228151136
2018,10,1,G3,3,KOVI,1,allometry,3.4570582173883375
2018,10,1,G3,3,PHAU,1,allometry,63.41937463036202
2018,10,1,G3,3,POHY,1,allometry,43.74386819084302
2018,10,1,G3,3,SOSE,1,allometry,36.233890051285
2018,10,1,G3,4,IVFR,1,allometry,13.166635811363065
2018,10,1,G3,4,KOVI,1,allometry,2.5712211967539633
2018,10,1,G3,4,PADI,1,allometry,115.56592119540277
2018,10,1,G3,4,POHY,1,allometry,93.31484058659231
2018,10,1,G3,4,SOSE,1,allometry,103.43975246629633
2018,10,1,G3,4,SYTE,1,allometry,13.370877202379596
2018,10,1,G3,5,KOVI,1,allometry,59.272020500029456
2018,10,1,G3,5,PADI,1,allometry,2.5838618285435984
2018,10,1,G3,5,POHY,1,allometry,23.837055373804105
2018,10,1,G3,5,SOSE,1,allometry,15.88882101808995
2018,10,1,G3,5,SPCY,1,allometry,117.79448809412332
2018,10,1,G3,5,SPPA,0.01,harvest,1172.7
2018,10,1,G3,6,KOVI,1,allometry,0.60599399633491
2018,10,1,G3,6,POHY,1,allometry,1.8780919664355007
2018,10,1,G3,6,SPCY,1,allometry,1055.3827935441595
2018,10,4,R1,1,SCRO,1,allometry,71.9247111636399
2018,10,4,R1,1,SPAL,1,allometry,149.2162690794882
2018,10,4,R1,1,SYTE,1,allometry,2.5757007186496432
2018,10,4,R1,2,AMCA,1,allometry,1.4871905006517339
2018,10,4,R1,2,SCRO,1,allometry,79.56140049424289
2018,10,4,R1,2,SPAL,1,allometry,77.84318432919905
2018,10,4,R1,2,SYTE,1,allometry,2.2197778013145393
2018,10,4,R1,2,TYAN,1,allometry,12.07994038361
2018,10,4,R1,3,SCAM,1,allometry,3.6355479100475394
2018,10,4,R1,3,SCRO,1,allometry,178.5642451846234
2018,10,4,R1,3,SPAL,1,allometry,13.648069867419174
2018,10,4,R1,3,TYAN,1,allometry,26.29223457178
2018,10,4,R1,4,IVFR,1,allometry,312.19183387067335
2018,10,4,R1,4,KOVI,1,allometry,1.8374119608566177
2018,10,4,R1,4,SCAM,1,allometry,11.699120263143945
2018,10,4,R1,4,SCRO,1,allometry,49.096582265473586
2018,10,4,R1,4,SPAL,1,allometry,7.441130051073271
2018,10,4,R1,4,TYAN,1,allometry,62.0329139163225
2018,10,4,R1,5,HIMO,1,allometry,185.16454998239095
2018,10,4,R1,5,SCAM,1,allometry,4.988437964931807
2018,10,4,R1,5,TYAN,1,allometry,6.125567869939999
2018,10,4,R2,1,PHAU,1,allometry,290.90190673127677
2018,10,4,R2,1,SPAL,1,allometry,10.605548702673648
2018,10,4,R2,2,PHAU,1,allometry,407.29474668927986
2018,10,4,R2,3,PHAU,1,allometry,886.2704725079251
2018,10,4,R2,3,SPAL,1,allometry,17.187501847563773
2018,10,4,R2,4,PHAU,1,allometry,830.7293946891538
2018,10,4,R2,5,HIMO,1,allometry,12.648268339765842
2018,10,4,R2,5,PHAU,1,allometry,1258.219668470585
2018,10,4,R3,1,PHAU,1,allometry,184.69751345438348
2018,10,4,R3,1,SCRO,1,allometry,63.99930533969254
2018,10,4,R3,1,SPAL,1,allometry,87.49285958149422
2018,10,4,R3,2,HIMO,1,allometry,135.33533190084276
2018,10,4,R3,2,PHAU,1,allometry,224.05628686001987
2018,10,4,R3,2,SCRO,1,allometry,7.091053289465107
2018,10,4,R3,2,SYTE,1,allometry,0.3862295102784695
2018,10,4,R3,3,HIMO,1,allometry,61.06598561101148
2018,10,4,R3,3,PHAU,1,allometry,407.95151115811296
2018,10,4,R3,3,SCRO,1,allometry,35.13232598620728
2018,10,4,R3,3,SYTE,1,allometry,6.72710970436448
2018,10,4,R3,4,HIMO,1,allometry,55.769983455297506
2018,10,4,R3,4,PHAU,1,allometry,470.93644857659166
2018,10,4,R3,4,SCRO,1,allometry,13.77697686556171
2018,10,4,R3,5,HIMO,1,allometry,63.747080337238174
2018,10,4,R3,5,PHAU,1,allometry,649.7149172382434
2018,10,4,R3,5,SCAM,1,allometry,5.497561033219268
2018,10,4,R3,5,SCRO,1,allometry,14.527092891727229
2018,10,4,R3,5,SOSE,1,allometry,9.305135992149054
2018,10,3,S1,3,IVFR,1,allometry,329.27026916032
2018,10,3,S1,3,SOSE,1,allometry,24.122318499356233
2018,10,3,S1,3,SPPA,0.01,harvest,773.61
2018,10,3,S1,3,SYTE,1,allometry,4.938954438804634
2018,10,3,S1,4,IVFR,1,allometry,1.7271369579732059
2018,10,3,S1,4,IVFR,1,allometry,114.94275100690322
2018,10,3,S1,4,SOSE,1,allometry,43.7064532951908
2018,10,3,S1,4,SPPA,0.01,harvest,165.91
2018,10,3,S1,4,SYTE,1,allometry,3.792516773374625
2018,10,3,S1,5,PHAU,1,allometry,168.59993684569073
2018,10,3,S1,6,PHAU,1,allometry,246.93120395751305
2018,10,3,S2,1,IVFR,1,allometry,1491.1850392957474
2018,10,3,S2,1,KOVI,1,allometry,1.42281840959717
2018,10,3,S2,1,SPPA,0.01,harvest,4.9799999999999995
2018,10,3,S2,2,IVFR,1,allometry,2116.9341848494005
2018,10,3,S2,2,SOSE,1,allometry,20.862753185920077
2018,10,3,S2,3,IVFR,1,allometry,657.0604562684005
2018,10,3,S2,3,KOVI,1,allometry,1.4871375741508144
2018,10,3,S2,3,SCAM,1,allometry,22.502634496713124
2018,10,3,S2,3,SPPA,0.01,harvest,267.13
2018,10,3,S2,4,SCAM,1,allometry,111.23072341178123
2018,10,3,S2,4,SOSE,1,allometry,31.894605907582232
2018,10,3,S2,4,SPPA,0.01,harvest,263.56
2018,10,3,S2,5,IVFR,1,allometry,311.80289029562806
2018,10,3,S2,5,SCAM,1,allometry,131.86334647812606
2018,10,3,S2,5,SPPA,0.01,harvest,233.40999999999997
2018,10,3,S2,6,SCAM,1,allometry,14.646147334455927
2018,10,3,S2,6,SPAL,1,allometry,35.36796069348901
2018,10,3,S2,6,TYAN,1,allometry,31.18695321098
2018,10,3,S3,1,IVFR,1,allometry,574.3740681249043
2018,10,3,S3,1,SCRO,1,allometry,29.703290394762195
2018,10,3,S3,1,SPAL,1,allometry,101.25103826347099
2018,10,3,S3,1,SPCY,1,allometry,39.53726040548451
2018,10,3,S3,2,IVFR,1,allometry,682.335915901805
2018,10,3,S3,2,PLOD,1,allometry,3.2453179868383066
2018,10,3,S3,2,SCAM,1,allometry,38.53982927590335
2018,10,3,S3,3,IVFR,1,allometry,757.4293249073675
2018,10,3,S3,3,SOSE,1,allometry,89.11927527317684
2018,10,3,S3,3,SYTE,1,allometry,11.005431675396087
2018,10,3,S3,4,IVFR,1,allometry,809.9650103636203
2018,10,3,S3,4,PLOD,1,allometry,1.3883311301185313
2018,10,3,S3,4,SCAM,1,allometry,18.990609911773607
2018,10,3,S3,4,SCRO,1,allometry,112.76603593211635
2018,10,3,S3,4,SPPA,0.01,harvest,96.44
2018,10,3,S3,5,SCAM,1,allometry,17.218021112320724
2018,10,3,S3,5,SCRO,1,allometry,51.06688643839422
2018,10,3,S3,5,SPAL,1,allometry,31.947121049453266
2018,10,3,S3,5,SYTE,1,allometry,3.4942594896621233
