year,month,day,transect,plot,species_code,area,stem_count,stem1_hgt,stem1_basal,stem1_40cm,stem2_hgt,stem2_basal,stem2_40cm,stem3_hgt,stem3_basal,stem3_40cm,stem4_hgt,stem4_basal,stem4_40cm,stem5_hgt,stem5_basal,stem5_40cm,stem6_hgt,stem6_basal,stem6_40cm,stem7_hgt,stem7_basal,stem7_40cm,stem8_hgt,stem8_basal,stem8_40cm,total_biomass
2015,10,22,G1,1,AMCA,1,22,172,7,4.2,181,5.7,5,144,4.5,2.2,145,5.2,5.2,121,4.7,3.3,140,4.1,2.9,159,4.9,2.5,176,3.1,1.4,84.87425545095513
2015,10,22,G1,1,SPCY,1,57,139,5.9,5,122,5,2.5,102,4.9,3.6,135,4.6,2.2,161,4.2,4.2,122,6.2,4.8,141,5.9,3.7,190,9.5,3,426.65685985280055
2015,10,22,G1,1,SYTE,1,5,92,0.2,0.5,111,2.5,1.5,80,1.7,0.7,129,NA,1.8,70,0.9,0.4,NA,NA,NA,NA,NA,NA,NA,NA,NA,7.012497252586744
2015,10,22,G1,2,SOSE,1,4,53,3.8,2.3,50,3.1,2.1,58,2.5,2.4,55,3.4,1.6,NA,NA,NA,NA,NA,NA,NA,NA,NA,NA,NA,NA,9.835582665281914
2015,10,22,G1,3,SOSE,1,7,62,2.9,1.3,65,4.9,5.3,80,4,5.1,61,3.2,3.6,56,3,0.8,52,6.5,1.7,53,3,1.2,NA,NA,NA,25.094321695533644
2015,10,22,G1,6,SCAM,1,51,95,4.9,4,95,6.9,5.4,77,5.6,3.8,109,5.5,3.6,80,3.5,2.6,112,5.8,5.6,114,4.5,1.8,74,3.1,3.1,38.972767040320214
2015,10,22,G1,6,SCAM,1,51,95,4.9,4,95,6.9,5.4,77,5.6,3.8,109,5.5,3.6,80,3.5,2.6,112,5.8,5.6,114,4.5,1.8,74,3.1,3.1,72
2015,10,22,G1,7,SCAM,1,34,61,4.7,4,97,6,5,87,5,4.1,97,8,4.6,75,4.2,4.1,96,6.4,5.1,88,4.5,3.8,96,6,5,26.78917131810573
2015,10,22,G1,8,PADI,1,9,78,1.6,8.5,65,3.2,0.2,73,1,0.5,96,2.9,0.5,76,1.8,0.5,83,2.5,2,75,2.6,0.3,74,0.3,1.1,9.22310346943518
2015,10,22,G1,8,SCAM,1,35,95,6.5,4.5,64,4.5,3.8,83,4.5,4.5,75,6.1,4.1,83,5,4.7,79,4.5,3.5,73,4.6,4.5,109,4.9,3.9,23.90781889399508
2015,10,22,G1,9,SOSE,1,1,62,4.1,4.6,NA,NA,NA,NA,NA,NA,NA,NA,NA,NA,NA,NA,NA,NA,NA,NA,NA,NA,NA,NA,NA,4.766951090989698
2015,10,22,G1,10,AMCA,1,17,218,12.4,9.5,181,7.8,6.8,165,6.9,5.9,173,5.9,4,241,20.3,18.1,175,6.9,3.6,205,11.5,10.6,219,17.8,7.9,272.5208681490914
2015,10,22,G1,10,SPCY,1,11,128,3.8,3.6,140,5.6,4.4,157,7.3,3.9,131,7.1,3.2,221,7.6,3.9,126,4.6,2.2,160,8.6,6.5,140,6.1,4.8,95.99807232244873
2015,10,22,G1,11,AMCA,1,1,107,5,2.4,NA,NA,NA,NA,NA,NA,NA,NA,NA,NA,NA,NA,NA,NA,NA,NA,NA,NA,NA,NA,NA,1.104755628683869
2015,10,22,G1,11,SCAM,1,54,127,7.9,7.2,104,7.4,6.4,106,8,5.8,121,8.4,7.2,110,9.6,8,126,9.2,8,110,8.5,5.3,99,7.5,5.2,91.15789395448213
2015,10,22,G1,12,SCAM,1,29,98,6.9,5,96,5.9,5.4,78,10.6,6.2,81,6.9,5,73,7.5,5.3,85,7.6,5.2,60,7,3.8,84,9,5.4,25.031638642651668
2015,10,22,G1,13,SCAM,1,3,122,5.8,5.6,22,8,NA,27,9,NA,NA,NA,NA,NA,NA,NA,NA,NA,NA,NA,NA,NA,NA,NA,NA,1.7301938741905292
2015,10,22,G1,14,SCAM,1,44,122,5.4,5.2,90,4,3.2,95,4.3,4.6,97,5,3.6,88,4.3,3.8,93,6.5,5.9,78,5.2,3,86,5.4,4.5,36.67032286832954
2015,10,22,G1,14,SCAM,1,44,122,5.4,5.2,90,4,3.2,95,4.3,4.6,97,5,3.6,88,4.3,3.8,93,6.5,5.9,78,5.2,3,86,5.4,4.5,83
2015,10,22,G1,15,SCAM,1,52,62,4.4,2.8,85,4.8,2.8,78,4.5,2.4,80,5.9,5,82,4.6,3.3,68,5.1,2.6,93,8.2,3.2,78,4.7,3.4,25.205643194293618
2015,10,22,G1,16,SCAM,1,54,39,2,NA,65,4.5,2.9,94,7.8,4.5,79,3.9,3.2,79,3.1,2.4,107,5.6,3.4,111,5,4.2,119,8,3.9,34.721820988852244
2015,10,22,G1,17,SCAM,1,44,52,3.7,2.3,84,3,2.4,71,2.5,2.2,97,4.3,3.2,90,4.5,2.7,106,4.4,2.8,77,4.5,2.6,63,4.9,2.4,18.77216912166071
2015,10,22,G1,18,SCAM,1,38,84,6.5,4.1,88,7.1,5,99,3.8,3.1,72,5,3.5,52,3.9,2.5,70,6.8,4.6,90,6.5,3.8,56,6.6,3,21.165420150116656
2015,10,22,G1,18,SCAM,1,38,84,6.5,4.1,88,7.1,5,99,3.8,3.1,72,5,3.5,52,3.9,2.5,70,6.8,4.6,90,6.5,3.8,56,6.6,3,34
2015,10,22,G1,19,SCAM,1,45,89,4.5,4.3,71,3.1,3.5,99,5.4,3.5,72,3.8,2.1,133,4.4,4.2,61,4.3,3.5,85,3.7,3.5,75,4.9,3.5,28.42590342491409
2015,10,22,G1,20,TYAN,1,19,138,9.8,6.2,200,12,8.3,187,8.5,5.7,200,9.7,6,215,12.6,9.1,179,11,9.8,208,11.5,7,207,10.6,8.5,116.3948868858475
2015,10,23,G2,1,KOVI,1,2,228,10.5,8.1,216,7.5,6.2,NA,NA,NA,NA,NA,NA,NA,NA,NA,NA,NA,NA,NA,NA,NA,NA,NA,NA,83.92929177271307
2015,10,23,G2,1,SPCY,1,1,130,2.5,1,NA,NA,NA,NA,NA,NA,NA,NA,NA,NA,NA,NA,NA,NA,NA,NA,NA,NA,NA,NA,NA,5.014528420029437
2015,10,23,G2,6,AMCA,1,6,148,16.3,12.3,NA,NA,NA,NA,NA,NA,NA,NA,NA,NA,NA,NA,NA,NA,NA,NA,NA,NA,NA,NA,NA,101.79082977141994
2015,10,23,G2,6,KOVI,1,1,131,7.4,3.5,NA,NA,NA,NA,NA,NA,NA,NA,NA,NA,NA,NA,NA,NA,NA,NA,NA,NA,NA,NA,NA,6.5513350283461005
2015,10,23,G2,6,SCAM,1,2,129,6.1,4.6,110,5.6,4.4,NA,NA,NA,NA,NA,NA,NA,NA,NA,NA,NA,NA,NA,NA,NA,NA,NA,NA,2.466150259403837
2015,10,23,G2,6,SCRO,1,6,124,4.3,3,108,2.8,2.4,139,4.5,2.5,134,4.4,3.4,134,4.4,2.8,139,3.2,3.7,NA,NA,NA,NA,NA,NA,23.087809437858983
2015,10,23,G2,6,SPAL,1,10,80,10.2,9,79,6.5,7.4,101,7.5,8.5,130,6.5,8.5,125,5,7.9,110,6.1,7.5,115,9.8,11.5,84,7,10.7,48.91571389518721
2015,10,23,G2,7,SCAM,1,74,122,5.3,5.4,115,3.9,3.9,83,6,5.9,115,5.5,3.9,65,5.5,4.9,95,6,5.5,85,5.5,3.8,105,5.9,5.5,75.11244334335667
2015,10,23,G2,8,SCAM,1,53,90,3.4,3.1,97,4.5,3.8,103,6.3,5.7,102,4.6,4.2,65,4.1,3.4,100,4.1,3.9,81,3,2.6,75,3.2,4.3,37.94737598177328
2015,10,23,G2,8,SOSE,1,1,55,3,NA,NA,NA,NA,NA,NA,NA,NA,NA,NA,NA,NA,NA,NA,NA,NA,NA,NA,NA,NA,NA,NA,2.920137487698535
2015,10,23,G2,8,SOSE,1,1,55,3,NA,NA,NA,NA,NA,NA,NA,NA,NA,NA,NA,NA,NA,NA,NA,NA,NA,NA,NA,NA,NA,NA,56.00000000000001
2015,10,23,G2,9,SCAM,1,66,93,3.2,2.6,87,4.5,4.1,87,3.9,3.6,81,3.7,2.5,65,4.5,3.7,70,4.9,3.8,82,3.6,2.9,75,3.5,2.8,33.120891544741696
2015,10,23,G2,9,SCAM,1,66,93,3.2,2.6,87,4.5,4.1,87,3.9,3.6,81,3.7,2.5,65,4.5,3.7,70,4.9,3.8,82,3.6,2.9,75,3.5,2.8,121
2015,10,23,G2,9,SOSE,1,8,42,2.9,NA,34,5.9,NA,36,3.5,NA,34,2,NA,41,5,NA,42,1.4,NA,38,3,NA,32,3.6,NA,14.270319791007564
2015,10,23,G2,10,ATPA,1,1,86,2.7,1.4,NA,NA,NA,NA,NA,NA,NA,NA,NA,NA,NA,NA,NA,NA,NA,NA,NA,NA,NA,NA,NA,0.690355297374089
2015,10,23,G2,10,SCAM,1,22,164,5.5,5.5,188,5.9,5.5,150,5.5,5.2,148,5.1,5.1,157,3.9,4,155,5.3,5.4,117,5.7,4.4,148,4.8,4.6,44.08753193500565
2015,10,23,G2,10,SPCY,1,4,153,4,2.5,122,3.4,2.6,157,7.3,3.4,156,3.6,2,NA,NA,NA,NA,NA,NA,NA,NA,NA,NA,NA,NA,27.52889182336055
2015,10,23,G2,10,TYAN,1,4,113,4,3.2,170,9.8,6,129,4.8,4.9,118,5,2.6,NA,NA,NA,NA,NA,NA,NA,NA,NA,NA,NA,NA,14.115124587899999
2015,10,23,G2,11,SMRO,1,1,149,5.5,7.4,NA,NA,NA,NA,NA,NA,NA,NA,NA,NA,NA,NA,NA,NA,NA,NA,NA,NA,NA,NA,NA,12.916479800906433
2015,10,21,G3,1,AMCA,1,1,130,9,2.4,NA,NA,NA,NA,NA,NA,NA,NA,NA,NA,NA,NA,NA,NA,NA,NA,NA,NA,NA,NA,NA,1.7751911015904365
2015,10,21,G3,1,SPAL,1,5,141,5.8,3.9,127,4,2.4,149,3.5,4.7,71,4.2,1.1,162,9,4.5,NA,NA,NA,NA,NA,NA,NA,NA,NA,28.05081502854355
2015,10,21,G3,1,SPCY,1,21,136,8.1,4,166,5,1.5,190,7.9,5.5,146,5.4,3.3,141,4,1.8,147,5.9,3.7,157,5.4,4,146,7.9,3.8,171.2442534092016
2015,10,21,G3,2,KOVI,1,3,231,16.5,13.4,205,9,8.4,180,4.6,5,NA,NA,NA,NA,NA,NA,NA,NA,NA,NA,NA,NA,NA,NA,NA,118.7138870274303
2015,10,21,G3,3,SOSE,1,6,122,6.3,3.1,121,4,4.1,128,6,5,105,6.5,3.6,91,4.1,2.5,88,4.5,3.3,NA,NA,NA,NA,NA,NA,53.05414607525786
2015,10,21,G3,4,SOSE,1,9,120,4.1,4,116,4,3.3,123,2.5,1.5,82,6.1,2.5,112,6.9,4.5,113,4.4,2.4,127,6.4,5,110,5,3,77.87606346885836
2015,10,21,G3,5,ATPA,1,3,85,1.1,1,66,0.6,0.5,48,0.2,0.3,NA,NA,NA,NA,NA,NA,NA,NA,NA,NA,NA,NA,NA,NA,NA,1.0408503047300002
2015,10,21,G3,5,KOVI,1,135,164,10,6.9,135,7,10.8,106,6.1,1.8,108,4.4,3.2,118,6.5,4.9,135,9.7,7.7,NA,NA,NA,NA,NA,NA,1814.2954010466294
2015,10,21,G3,5,PADI,1,30,123,1.6,0.9,112,2.1,1.8,157,2.7,2.5,180,4.1,2.1,149,1.9,2,170,3,2.3,155,1.8,1,151,1,1.7,170.44763393759362
2015,10,21,G3,5,SPCY,1,2,148,12.4,8.5,265,8.3,7.4,NA,NA,NA,NA,NA,NA,NA,NA,NA,NA,NA,NA,NA,NA,NA,NA,NA,NA,44.46292723099729
2015,10,21,G3,6,SPCY,1,9,235,9.2,6.9,222,8.5,7.4,305,8.8,8.8,172,7,4.1,125,1,0.9,230,6.7,4.2,155,3.4,1.8,253,5.8,3.7,164.59965225860083
2015,10,15,R1,1,AMCA,1,3,165,18.3,13.6,115,10.7,6,113,15.6,15,NA,NA,NA,NA,NA,NA,NA,NA,NA,NA,NA,NA,NA,NA,NA,52.56836028350469
2015,10,15,R1,1,ATPA,1,1,147,12,11.700000000000001,NA,NA,NA,NA,NA,NA,NA,NA,NA,NA,NA,NA,NA,NA,NA,NA,NA,NA,NA,NA,NA,1020.5915764280849
2015,10,15,R1,1,SCRO,1,2,122,4.7,2.6,129,5,2.7,NA,NA,NA,NA,NA,NA,NA,NA,NA,NA,NA,NA,NA,NA,NA,NA,NA,NA,6.912593606813802
2015,10,15,R1,1,SPAL,1,103,100,2.5,3.5,87,3.1,3.1,85,2,1.7,103,3.3,3,76,3.4,1,88,0.4,0.5,84,1.5,0.1,80,0.5,0.1,193.31055497283242
2015,10,15,R1,1,SYLA,1,3,81,3.4,2,68,3.4,2,80,2.4,2,NA,NA,NA,NA,NA,NA,NA,NA,NA,NA,NA,NA,NA,NA,NA,3.705611301294476
2015,10,15,R1,2,AMCA,1,3,153,10,5.9,142,9.8,6.3,125,3.4,2.5,NA,NA,NA,NA,NA,NA,NA,NA,NA,NA,NA,NA,NA,NA,NA,11.999293333160082
2015,10,15,R1,2,SCRO,1,4,170,6.9,5.5,165,6.2,5.2,108,7.2,5.7,148,5,1,NA,NA,NA,NA,NA,NA,NA,NA,NA,NA,NA,NA,23.48571285408101
2015,10,15,R1,2,SPAL,1,49,135,5.5,3.2,96,0.8,0.8,116,1.8,3.4,117,5.4,4.2,106,3.5,2.6,91,3.3,2.4,115,3.9,1.1,100,4.6,2.7,155.0614396129202
2015,10,15,R1,2,SYLA,1,2,117,1.3,0.7,124,1.9,1,NA,NA,NA,NA,NA,NA,NA,NA,NA,NA,NA,NA,NA,NA,NA,NA,NA,NA,3.747961245084073
2015,10,15,R1,2,TYAN,1,4,164,14,7.7,165,10,8.9,103,13.7,9.7,200,12.2,10.5,NA,NA,NA,NA,NA,NA,NA,NA,NA,NA,NA,NA,26.386267959759998
2015,10,15,R1,3,PLOD,1,1,41,2,1.5,NA,NA,NA,NA,NA,NA,NA,NA,NA,NA,NA,NA,NA,NA,NA,NA,NA,NA,NA,NA,NA,0.531991003764807
2015,10,15,R1,3,SCRO,1,14,164,7.6,4.3,162,5.8,5,127,6,6.1,125,4.1,3,70,7.4,6.5,132,5.4,2,150,4,4,164,6.2,4.5,69.06745881471997
2015,10,15,R1,3,SPAL,1,77,104,9.2,1.7,103,4.2,1.7,96,3.7,0.7,114,3.7,3.5,99,4,4.8,87,4.9,1,101,4.5,2.7,92,2.7,0.7,189.21944311256487
2015,10,15,R1,3,SPAL,1,77,104,9.2,1.7,103,4.2,1.7,96,3.7,0.7,114,3.7,3.5,99,4,4.8,87,4.9,1,101,4.5,2.7,92,2.7,0.7,198
2015,10,15,R1,4,SCRO,1,6,116,2.7,4.1,138,3.8,2.8,92,2.2,2.7,147,6.2,4,90,6.1,2.2,NA,NA,NA,NA,NA,NA,NA,NA,NA,18.86884088498836
2015,10,15,R1,4,SYTE,1,3,77,1.4,2.2,68,0.9,0.8,79,1.7,2.7,NA,NA,NA,NA,NA,NA,NA,NA,NA,NA,NA,NA,NA,NA,NA,3.6812885969873106
2015,10,15,R1,4,TYAN,1,15,139,17,15.2,143,9,5.7,212,14,11.3,145,7.3,5.7,181,7.3,6.8,106,5.8,5.1,197,15.7,7.4,164,9.4,7.3,90.23391023701875
2015,10,15,R1,5,HIMO,1,5,207,12.8,8.6,135,8.7,5.2,181,12.6,9.6,205,13.1,10.6,NA,NA,NA,NA,NA,NA,NA,NA,NA,NA,NA,NA,76.34851014469744
2015,10,15,R1,5,SALA,1,7,26,5.1,NA,15,1.4,NA,20,6.8,NA,7,2.9,NA,31,4.7,NA,15,2,NA,12,1.2,NA,NA,NA,NA,2.192057567948106
2015,10,15,R2,1,AMCA,1,1,162,13.4,10,NA,NA,NA,NA,NA,NA,NA,NA,NA,NA,NA,NA,NA,NA,NA,NA,NA,NA,NA,NA,NA,12.530326173828358
2015,10,15,R2,1,SCRO,1,5,142,5.6,3,145,4,3.5,143,3.2,1.7,117,2.2,1.7,120,4,3,NA,NA,NA,NA,NA,NA,NA,NA,NA,20.67451779292203
2015,10,15,R2,1,SPAL,1,6,57,3.8,1.9,50,4.5,0.3,31,2.1,NA,70,2.5,1.9,100,4.3,3.8,92,8.3,1.7,NA,NA,NA,NA,NA,NA,7.312321827221899
2015,10,15,R2,1,SPAL,1,6,57,3.8,1.9,50,4.5,0.3,31,2.1,NA,70,2.5,1.9,100,4.3,3.8,92,8.3,1.7,NA,NA,NA,NA,NA,NA,294
2015,10,15,R2,1,SYLA,1,1,105,0.4,0.4,NA,NA,NA,NA,NA,NA,NA,NA,NA,NA,NA,NA,NA,NA,NA,NA,NA,NA,NA,NA,NA,1.1871526632064884
2015,10,15,R2,3,IVFR,1,1,50,7.9,7,NA,NA,NA,NA,NA,NA,NA,NA,NA,NA,NA,NA,NA,NA,NA,NA,NA,NA,NA,NA,NA,7.863965869147515
2015,10,15,R2,3,SPAL,1,52,81,3.4,3.1,82,3.3,1.1,58,2.2,2,40,2,NA,73,3.7,1.1,70,2.9,1.9,83,3,0.7,38,1.9,NA,51.24800195709355
2015,10,15,R2,4,AMCA,1,1,220,11.6,11.9,NA,NA,NA,NA,NA,NA,NA,NA,NA,NA,NA,NA,NA,NA,NA,NA,NA,NA,NA,NA,NA,25.860761760351043
2015,10,15,R2,4,SPAL,1,10,109,5.4,3.7,128,3.7,3.3,123,6.5,3.3,89,1.5,0.3,113,5.5,3.7,32,1.3,NA,37,3.2,NA,60,1.5,0.1,23.545800372660658
2015,10,15,R3,1,SCRO,1,17,130,4.5,1.9,104,4.8,3.2,98,4.4,3,103,4.2,2.8,96,3,1.8,140,6.4,3.7,124,3.4,3.3,109,2.2,3.6,46.67544131904309
2015,10,15,R3,1,SPAL,1,120,90,4.1,2.6,93,4.5,3.5,75,6.4,1.6,140,4.3,4.1,126,5.5,4.6,123,5.7,4.6,142,5.7,5.9,95,5.8,3.5,491.07728529472365
2015,10,15,R3,2,SCRO,1,14,26,6.6,NA,74,5.5,2,110,5.6,4.6,121,5.6,5,102,6,4.6,80,5.6,4.3,95,8.1,4.7,49,7.6,0.8,20.97340263724096
2015,10,15,R3,2,SYTE,1,6,67,2.4,0.8,41,2,0.3,64,2.7,2.1,78,2.6,2,79,3.2,2.5,54,0.7,0.8,NA,NA,NA,NA,NA,NA,5.289692322566176
2015,10,15,R3,3,KOVI,1,1,73,4.3,1.9,NA,NA,NA,NA,NA,NA,NA,NA,NA,NA,NA,NA,NA,NA,NA,NA,NA,NA,NA,NA,NA,1.4154438403450142
2015,10,15,R3,4,ATPA,1,5,58,0.4,0.4,53,4,1.6,61,0.8,1,57,1,0.7,50,1.1,0.8,NA,NA,NA,NA,NA,NA,NA,NA,NA,1.581738413822216
2015,10,15,R3,5,AMCA,1,1,75,4.6,3.7,NA,NA,NA,NA,NA,NA,NA,NA,NA,NA,NA,NA,NA,NA,NA,NA,NA,NA,NA,NA,NA,0.8389101584105679
2015,10,15,R3,5,POHY,1,1,75,0.5,2.2,NA,NA,NA,NA,NA,NA,NA,NA,NA,NA,NA,NA,NA,NA,NA,NA,NA,NA,NA,NA,NA,3.400644865631732
2015,10,15,R3,5,SCAM,1,6,107,5,3,103,3.2,3.3,126,4.3,4,118,8.3,5.3,106,5.5,4.2,79,4.5,2.9,NA,NA,NA,NA,NA,NA,5.508442194561102
2015,10,15,R3,5,SYTE,1,5,58,0.9,0.6,35,0.1,0.2,45,0.1,0.5,64,0.6,0.9,69,0.5,1,NA,NA,NA,NA,NA,NA,NA,NA,NA,2.4290289780826786
2015,10,26,S1,1,SMRO,1,24,40,3,NA,22,4.3,NA,34,4.5,NA,50,2.6,1.7,96,4.2,2.3,74,4.8,2.5,64,3.9,2,35,2.5,NA,20.847468850741127
2015,10,26,S1,2,SOSE,1,2,69,2.4,1.3,81,3,2.3,NA,NA,NA,NA,NA,NA,NA,NA,NA,NA,NA,NA,NA,NA,NA,NA,NA,NA,6.5897170256390325
2015,10,26,S1,2,UNKGRASS,1,4,167,0.3,0.3,104,1.5,1.3,94,2.4,0.4,70,0.5,0.8,NA,NA,NA,NA,NA,NA,NA,NA,NA,NA,NA,NA,11.48598504013418
2015,10,26,S1,2,UNKGRASS,1,4,167,0.3,0.3,104,1.5,1.3,94,2.4,0.4,70,0.5,0.8,NA,NA,NA,NA,NA,NA,NA,NA,NA,NA,NA,NA,16
2015,10,26,S1,3,SOSE,1,1,31,1.8,NA,NA,NA,NA,NA,NA,NA,NA,NA,NA,NA,NA,NA,NA,NA,NA,NA,NA,NA,NA,NA,NA,1.481399871715133
2015,10,26,S1,3,SYTE,1,1,56,1.2,0.5,NA,NA,NA,NA,NA,NA,NA,NA,NA,NA,NA,NA,NA,NA,NA,NA,NA,NA,NA,NA,NA,0.4453639125523883
2015,10,26,S1,4,SOSE,1,9,77,1.7,0.8,15,1.3,NA,11,0.5,NA,23,3,NA,22,1.4,NA,92,4.2,2.2,26,4.5,NA,35,2.5,NA,16.179837668606076
2015,10,26,S1,5,PADI,1,4,139,2.3,1.6,115,2.1,2.5,111,1.2,1.5,100,0.6,1.2,NA,NA,NA,NA,NA,NA,NA,NA,NA,NA,NA,NA,11.500983303011846
2015,10,26,S1,6,HYUM,1,11,1,0.1,NA,1,0.1,NA,1,0.3,NA,33,0.7,NA,2,0.5,NA,3,0.2,NA,16,1.1,NA,15,1.2,NA,2.725732380115494
2015,10,16,S2,1,SOSE,1,1,163,6.8,4.5,NA,NA,NA,NA,NA,NA,NA,NA,NA,NA,NA,NA,NA,NA,NA,NA,NA,NA,NA,NA,NA,23.51971286605467
2015,10,16,S2,2,SOSE,1,13,59,4,3,55,5.2,2.3,44,3.2,1,72,3.6,2.2,88,3.5,3.3,68,4.5,1.3,60,3.5,1.3,51,2,1.6,37.78887456583957
2015,10,16,S2,2,SYTE,1,6,80,1.7,2.1,44,1,0.9,48,0.8,1.5,14,0.9,NA,69,1.4,1.3,71,1.8,1.4,NA,NA,NA,NA,NA,NA,4.346088305705168
2015,10,16,S2,3,KOVI,1,1,92,4.5,2.6,NA,NA,NA,NA,NA,NA,NA,NA,NA,NA,NA,NA,NA,NA,NA,NA,NA,NA,NA,NA,NA,2.5355653248221812
2015,10,16,S2,3,SCAM,1,3,99,5,3.5,80,4.4,3.5,87,4.5,3.6,69,3.1,2.7,NA,NA,NA,NA,NA,NA,NA,NA,NA,NA,NA,NA,1.6639064152835719
2015,10,16,S2,4,SCAM,1,49,70,3.7,2.7,80,3.5,3.3,72,3.5,2.7,78,5,2.6,88,4.5,3.8,95,4.7,3.8,96,4.5,3,85,5.2,3.8,25.96593064186115
2015,10,16,S2,4,SOSE,1,5,122,6.8,4.5,83,5.3,2.7,77,3.5,1.6,115,6.4,4.7,96,5.8,2.5,NA,NA,NA,NA,NA,NA,NA,NA,NA,36.480094905688844
2015,10,16,S2,5,SCAM,1,25,74,4.5,3.3,88,4.4,4.2,71,5,4.4,61,4.8,4.7,90,3.5,2,81,2.5,1,92,4.5,2.3,74,4,3.6,12.294527359749317
2015,10,16,S2,6,PLOD,1,3,33,1.2,NA,39,2.2,NA,47,3.2,1.4,NA,NA,NA,NA,NA,NA,NA,NA,NA,NA,NA,NA,NA,NA,NA,1.6070691241377135
2015,10,16,S2,6,POHY,1,1,71,1.7,0.8,NA,NA,NA,NA,NA,NA,NA,NA,NA,NA,NA,NA,NA,NA,NA,NA,NA,NA,NA,NA,NA,1.070101324730239
2015,10,16,S2,6,SCAM,1,59,144,4.2,3.8,108,6.8,7.2,106,5.5,5.5,107,5.8,4.3,141,7.5,5.5,105,6,5,156,5.6,4.5,117,7,4.2,84.66612913303638
2015,10,16,S2,6,SPCY,1,2,215,10.8,7.6,134,4.5,3.3,NA,NA,NA,NA,NA,NA,NA,NA,NA,NA,NA,NA,NA,NA,NA,NA,NA,NA,28.098087448975107
2015,10,16,S2,6,TYAN,1,3,177,7.5,6,182,12.3,9.8,125,12,6,NA,NA,NA,NA,NA,NA,NA,NA,NA,NA,NA,NA,NA,NA,NA,16.674338124120002
2015,10,16,S3,1,AMCA,1,5,131,9.5,7.8,179,10.9,9.8,215,22,15.8,158,12.2,11,240,23.1,15.5,NA,NA,NA,NA,NA,NA,NA,NA,NA,107.08760592619348
2015,10,16,S3,1,SCRO,1,6,155,4.7,3.6,158,5.6,2.8,145,6,2.8,120,5.4,2.6,124,6.2,3.6,130,8.4,5.9,NA,NA,NA,NA,NA,NA,28.144041401058942
2015,10,16,S3,1,SPAL,1,89,110,5,1.2,91,5.6,0.4,123,7.5,5,110,6.2,3.6,125,6,5.2,140,7.9,3.4,127,7.3,4.5,98,6.6,1,352.61512613713126
2015,10,16,S3,2,AMCA,1,1,138,3.3,3.3,NA,NA,NA,NA,NA,NA,NA,NA,NA,NA,NA,NA,NA,NA,NA,NA,NA,NA,NA,NA,NA,2.5176445196983566
2015,10,16,S3,2,SCAM,1,31,123,6.2,5,123,5,4.5,113,5.6,4.2,131,6.7,5,95,4.6,2.3,117,5.5,5.1,112,8,5.9,131,7.5,6.3,40.48733942483305
2015,10,16,S3,3,ATPA,1,2,23,0.8,NA,22,1.1,NA,NA,NA,NA,NA,NA,NA,NA,NA,NA,NA,NA,NA,NA,NA,NA,NA,NA,NA,0.27852693807161105
2015,10,16,S3,3,SOSE,1,21,130,7.2,4.7,128,5.8,4.7,129,6.2,5.1,118,5.8,8.8,117,4.5,3.8,113,4.1,2.3,121,5.2,4.3,137,5.1,3.8,297.8503841884912
2015,10,16,S3,4,AMCA,1,8,235,27.2,15.8,157,8.8,3.5,158,7.5,7.3,155,8.4,6.8,168,13.8,10.2,210,14.2,1.3,161,14.5,10.9,187,17.8,12.4,113.27644430070616
2015,10,16,S3,4,ATPA,1,4,184,3.4,2,190,3,3,166,1.8,1.8,152,1.5,0.6,NA,NA,NA,NA,NA,NA,NA,NA,NA,NA,NA,NA,23.060294686236226
2015,10,16,S3,4,SCAM,1,9,102,4,3.7,105,4,3.2,73,3.4,3.7,72,4.2,4.4,82,5.7,2.8,97,6.5,4.7,80,2.5,2.2,81,5.9,1.7,5.311491205266419
2015,10,16,S3,5,AMCA,1,2,143,16.8,11.6,150,20.7,12,NA,NA,NA,NA,NA,NA,NA,NA,NA,NA,NA,NA,NA,NA,NA,NA,NA,NA,30.552696484170127
2015,10,16,S3,5,SCAM,1,18,162,5,5.7,122,6.2,7.2,127,7,9,120,6,4.2,175,6,5.5,165,6,7,184,7.2,6.9,163,6.3,6,43.71228773701438
2015,10,16,S3,5,SCRO,1,6,152,6.6,4.1,141,5.8,3.8,133,4.9,4.6,142,6.5,4.2,162,5.9,4.3,169,6.3,5.4,NA,NA,NA,NA,NA,NA,35.047276772294936
2015,10,16,S3,5,SPAL,1,3,124,10.7,4.6,136,12.4,7.6,152,6.4,2.9,NA,NA,NA,NA,NA,NA,NA,NA,NA,NA,NA,NA,NA,NA,NA,20.155364606079708
2016,8,9,G1,1,AMCA,1,4,77,5.5,4.3,90,3,3.5,75,3.5,2,82,3,3,NA,NA,NA,NA,NA,NA,NA,NA,NA,NA,NA,NA,3.380788394228674
2016,8,9,G1,1,ATPA,1,2,147,5,3.6,87,2.7,2.1,NA,NA,NA,NA,NA,NA,NA,NA,NA,NA,NA,NA,NA,NA,NA,NA,NA,NA,8.743888508464815
2016,8,9,G1,1,SCRO,1,7,119,6.2,4,212,5.8,5,84,5,5.2,127,5.7,4.2,91,6.1,4,135,4.5,4.1,137,7,5.4,NA,NA,NA,33.5374158470032
2016,8,9,G1,1,SPAL,1,12,100,7.1,NA,84,7.3,NA,121,6.6,NA,140,6,NA,104,9.2,NA,104,6.5,NA,130,7.5,NA,100,9.2,1.2,43.77898890067108
2016,8,9,G1,1,SPCY,1,43,181,6.4,5.5,187,7.2,6.8,181,6.7,5.7,176,3.5,2.5,192,7.9,5,120,5,4.8,121,5.5,2.4,168,4.7,4.8,456.80205825291836
2016,8,9,G1,1,SYTE,1,5,91,2.7,2.2,90,2,1.6,92,3.2,2.8,98,3.1,2.6,98,2.8,1.5,NA,NA,NA,NA,NA,NA,NA,NA,NA,8.817795044942045
2016,8,9,G1,2,KOVI,1,4,33,2,NA,11,0.8,NA,11,1.2,NA,13,0.6,NA,NA,NA,NA,NA,NA,NA,NA,NA,NA,NA,NA,NA,3.1289523910144945
2016,8,9,G1,2,SOSE,1,83,6,4.3,NA,NA,NA,NA,NA,NA,NA,NA,NA,NA,NA,NA,NA,NA,NA,NA,NA,NA,NA,NA,NA,NA,60.63717220822037
2016,8,9,G1,3,SOSE,1,11,85,5.2,3.2,51,5.5,2.4,80,6,3,82,7.5,4.4,53,4.7,1.5,62,4.7,2.9,36,4.5,NA,30,7.6,NA,37.11334377862367
2016,8,9,G1,6,SCAM,1,93,43,3,3,48,5,4.4,89,3.2,3,97,3.3,3.4,79,5.2,3.7,75,3.8,2.7,81,4.5,4.1,79,4.6,3.7,45.905445013190004
2016,8,9,G1,7,KOVI,1,3,10,0.8,NA,28,1.5,NA,20,1.2,NA,NA,NA,NA,NA,NA,NA,NA,NA,NA,NA,NA,NA,NA,NA,NA,2.4541160817295236
2016,8,9,G1,7,SCAM,1,42,87,7.1,5.7,104,7.1,5.4,84,4.5,3.4,106,6.4,1.6,135,6.2,5.5,101,5.7,4.8,125,6.1,5.4,118,5,3.8,45.396005488173046
2016,8,9,G1,8,LICA,1,6,72,1,1.5,70,1.5,1.5,40,2,NA,53,1.5,0.6,42,1.1,0.5,62,1.1,1.1,NA,NA,NA,NA,NA,NA,3.8403018082706195
2016,8,9,G1,8,PADI,1,9,123,3.2,2.6,96,2.1,1,132,4.2,2.5,97,2.5,1.5,123,4.5,2.2,106,3.6,2.4,85,3.1,2,75,2,0.4,20.543141534308536
2016,8,9,G1,8,SCAM,1,49,84,3.4,3.1,100,5.2,3.2,96,6.2,5,100,6,4,66,3.8,3.4,82,4,4.1,89,6,3.2,50,4,2.5,29.71418050848861
2016,8,9,G1,9,SOSE,1,3,34,3.5,NA,33,2.2,NA,67,6.6,5,NA,NA,NA,NA,NA,NA,NA,NA,NA,NA,NA,NA,NA,NA,NA,8.806146593847107
2016,8,9,G1,10,AMCA,1,3,63,3.3,2.3,84,3.3,2.3,76,4.1,2.8,NA,NA,NA,NA,NA,NA,NA,NA,NA,NA,NA,NA,NA,NA,NA,1.7563042545549385
2016,8,9,G1,10,IVFR,1,5,35,2.1,NA,40,2.1,NA,30,1,NA,50,2.5,NA,36,1.5,NA,NA,NA,NA,NA,NA,NA,NA,NA,NA,9.100027060002756
2016,8,9,G1,10,KOVI,1,30,88,8,4.2,60,4.1,1.8,70,4.9,3.4,71,3.8,2,110,7.5,4.5,89,6.2,4.2,100,6.9,4.3,77,6.2,2.8,90.84932843493404
2016,8,9,G1,10,SCRO,1,4,120,4.3,2.1,110,5,4.1,78,2.1,2.1,99,3.6,2.5,NA,NA,NA,NA,NA,NA,NA,NA,NA,NA,NA,NA,8.414125805706583
2016,8,9,G1,10,SPAL,1,6,107,11.5,NA,98,4.5,NA,62,4.3,NA,90,3.4,NA,52,2.1,NA,NA,NA,NA,NA,NA,NA,NA,NA,NA,9.765714415400922
2016,8,9,G1,10,SPCY,1,21,185,10.3,6.3,153,7.4,3.5,165,8,5.5,142,7,4,170,7.7,5,150,9,5.6,150,7.1,5.5,160,9.8,6.2,220.43538813802127
2016,8,9,G1,11,SCAM,1,66,144,5,5.1,116,6,4.6,139,5,4.6,139,6.4,5.7,179,6.1,5.6,100,7.2,6,138,8,7.2,98,6.7,5,114.03654287566124
2016,8,9,G1,12,SCAM,1,81,104,8,6.2,85,5.8,4.5,90,5.8,4.5,108,5.2,4.4,108,6.4,6,94,7.2,5.8,144,6,6,94,6.4,4.6,95.98959465755534
2016,8,9,G1,13,SCAM,1,16,132,7.5,5.1,110,7.5,6.1,127,6.9,6.4,90,6.5,5.5,126,7.2,5.2,112,6,6.5,112,6.2,6.2,33,5.8,NA,21.35007585132019
2016,8,9,G1,14,AMCA,1,1,66,2.4,1.8,NA,NA,NA,NA,NA,NA,NA,NA,NA,NA,NA,NA,NA,NA,NA,NA,NA,NA,NA,NA,NA,0.3941054917355256
2016,8,9,G1,14,ATPA,1,1,63,0.6,1.1,NA,NA,NA,NA,NA,NA,NA,NA,NA,NA,NA,NA,NA,NA,NA,NA,NA,NA,NA,NA,NA,0.39071314655342626
2016,8,9,G1,14,SCAM,1,62,92,7.8,5,84,6.6,4,73,5.2,4.5,72,5.3,4.2,85,5.2,4.8,84,4.4,3.8,66,5.3,4.5,100,4.2,4,43.400710584132305
2016,8,9,G1,15,ATPA,1,13,98,3,1.8,55,1.5,1.4,45,0.8,0.7,89,5,2.6,116,5.1,2.4,91,3.1,3,102,4,3.8,118,5.8,4.1,26.712965836097393
2016,8,9,G1,15,SCAM,1,136,85,5,4.2,80,4.8,2.8,80,3.8,3,81,2.5,2.4,81,3.8,2.6,112,6.2,5.4,87,3.7,2.8,65,4.5,2.8,76.92618210809742
2016,8,9,G1,16,AMCA,1,1,64,5.7,2.8,NA,NA,NA,NA,NA,NA,NA,NA,NA,NA,NA,NA,NA,NA,NA,NA,NA,NA,NA,NA,NA,0.5156154104403511
2016,8,9,G1,16,SCAM,1,98,67,6.7,4.1,66,5.1,4.1,NA,NA,NA,NA,NA,NA,NA,NA,NA,NA,NA,NA,NA,NA,NA,NA,NA,NA,48.60421726646201
2016,8,9,G1,17,SCAM,1,290,99,2.6,2.6,77,3,2.6,89,3.1,2.6,82,4.8,2.9,87,3.9,3.1,86,4.4,3.9,88,2.8,3.4,106,3.5,2.6,159.18495277537255
2016,8,9,G1,18,SCAM,1,275,96,5,2.5,115,5,3.1,105,4.4,2.4,99,3.7,1.9,85,5.2,4.1,114,5,3.8,76,5,3.4,90,6,4.9,191.84833062131486
2016,8,9,G1,19,SCAM,1,185,98,4.4,1.8,91,4.4,3.8,89,4,3.2,92,4.9,3.3,92,3.3,2.5,100,4,3.3,107,4.9,3.5,89,4,3.2,115.57411586852876
2016,8,9,G1,20,AMCA,1,3,111,10.5,7.6,52,3.5,2.2,46,5.2,0.3,NA,NA,NA,NA,NA,NA,NA,NA,NA,NA,NA,NA,NA,NA,NA,4.752048217136533
2016,8,9,G1,20,PLOD,1,2,6,1,NA,40,4,1,NA,NA,NA,NA,NA,NA,NA,NA,NA,NA,NA,NA,NA,NA,NA,NA,NA,NA,0.6230133641683364
2016,8,9,G1,20,SCRO,1,2,168,5.8,4.6,144,4.1,3.8,NA,NA,NA,NA,NA,NA,NA,NA,NA,NA,NA,NA,NA,NA,NA,NA,NA,NA,12.953932039701094
2016,8,9,G1,20,TYAN,1,36,157,8.6,5.8,184,9.8,9.1,96,4.6,NA,138,6.9,5.6,150,8.9,6.4,190,11.6,8,168,9.5,6.7,187,13.6,9.7,193.6045179502476
2016,8,12,G2,1,KOVI,1,7,96,3.8,2.8,165,9.5,7.5,144,5.9,6,195,12.5,11.3,134,7.5,5.4,165,8.8,6.1,132,7.3,6.1,NA,NA,NA,124.04107629201344
2016,8,12,G2,1,SPCY,1,3,191,5.1,2.7,130,4.8,2.5,194,3.4,3.5,NA,NA,NA,NA,NA,NA,NA,NA,NA,NA,NA,NA,NA,NA,NA,25.667721119536495
2016,8,12,G2,2,AMCA,1,3,66,3.9,1.4,38,1.8,NA,119,8,4.6,NA,NA,NA,NA,NA,NA,NA,NA,NA,NA,NA,NA,NA,NA,NA,3.011060210139889
2016,8,12,G2,2,SCRO,1,6,98,5.5,5,52,5.8,NA,187,6.5,5.9,168,4.2,5.1,130,3.8,3.9,131,3.5,3.9,NA,NA,NA,NA,NA,NA,28.897507733175132
2016,8,12,G2,6,AMCA,1,1,110,11,6.4,NA,NA,NA,NA,NA,NA,NA,NA,NA,NA,NA,NA,NA,NA,NA,NA,NA,NA,NA,NA,NA,3.1357177021838933
2016,8,12,G2,6,KOVI,1,2,101,8.4,4.1,163,15,9.2,NA,NA,NA,NA,NA,NA,NA,NA,NA,NA,NA,NA,NA,NA,NA,NA,NA,NA,32.645189729281235
2016,8,12,G2,6,PLOD,1,2,37,2.5,NA,35,2.5,NA,NA,NA,NA,NA,NA,NA,NA,NA,NA,NA,NA,NA,NA,NA,NA,NA,NA,NA,1.0378272676766025
2016,8,12,G2,6,SCRO,1,29,153,4.9,4.8,143,6.8,5,150,4.9,4.4,141,3.5,3.8,138,4.6,5.1,138,6,3.9,149,6.2,5.6,161,6.5,3.8,158.19600694992852
2016,8,12,G2,6,SOSE,1,1,110,5.8,4.2,NA,NA,NA,NA,NA,NA,NA,NA,NA,NA,NA,NA,NA,NA,NA,NA,NA,NA,NA,NA,NA,9.447212867615374
2016,8,12,G2,6,SPAL,1,17,141,9.1,NA,146,12.4,NA,127,8.5,NA,125,9.8,1.6,130,9.5,NA,119,9.5,NA,115,7.1,NA,127,9.7,NA,91.99481108212632
2016,8,12,G2,7,SCAM,1,127,97,3.1,2.4,109,4.9,4,105,7,5.9,107,6.6,5.4,86,4.8,4.8,108,4.9,4.6,65,4.5,5.2,107,3,2.9,116.94482614523208
2016,8,12,G2,8,SCAM,1,114,95,3,2.8,95,3.2,3.8,93,3.8,3.9,89,3.4,3.4,114,3.8,3.7,86,2.8,2.6,99,3.8,2.9,89,2.6,2.5,74.24713066048191
2016,8,12,G2,8,SOSE,1,6,75,5.6,3.8,42,NA,NA,77,5.1,3.2,44,NA,NA,41,NA,NA,52,NA,NA,NA,NA,NA,NA,NA,NA,18.253107742736766
2016,8,12,G2,9,SCAM,1,65,85,3.3,2.8,73,2.9,2.9,78,3.9,3.5,84,3.3,3.5,88,3.8,3.8,87,3.3,2.5,78,2.8,2.9,96,3.8,3.5,34.095529539367185
2016,8,12,G2,9,SOSE,1,5,74,3.5,2.8,34,NA,NA,35,NA,NA,51,NA,NA,58,NA,NA,NA,NA,NA,NA,NA,NA,NA,NA,NA,12.99047730231499
2016,8,12,G2,10,AMCA,1,1,52,1.3,NA,NA,NA,NA,NA,NA,NA,NA,NA,NA,NA,NA,NA,NA,NA,NA,NA,NA,NA,NA,NA,NA,0.4658973724056676
2016,8,12,G2,10,SCAM,1,29,99,3.3,3.5,103,3.8,3.5,98,3.5,3.3,108,4.1,3.8,103,3.5,3.6,141,4.1,3.8,95,4.5,2,83,5,3.8,23.345531114958394
2016,8,12,G2,10,TYAN,1,5,162,8,6.2,83,4,3.8,160,6.6,5.6,96,6,4.2,125,5.7,NA,NA,NA,NA,NA,NA,NA,NA,NA,NA,19.792713673744252
2016,8,12,G2,11,SMRO,1,1,139,5.2,4.5,NA,NA,NA,NA,NA,NA,NA,NA,NA,NA,NA,NA,NA,NA,NA,NA,NA,NA,NA,NA,NA,6.343653092079625
2016,8,12,G3,1,AMCA,1,1,120,6,3.8,NA,NA,NA,NA,NA,NA,NA,NA,NA,NA,NA,NA,NA,NA,NA,NA,NA,NA,NA,NA,NA,1.9956640657656766
2016,8,12,G3,1,SPCY,1,29,125,3.8,3.2,122,5.3,3.8,119,3.3,3.2,113,5.1,4.4,131,4.2,3,120,3.9,2.4,128,4.2,3.8,146,3.6,3.7,190.93111240543442
2016,8,12,G3,2,KOVI,1,10,160,10.2,8.6,173,12,6.6,46,2.7,1.8,194,15.4,11.9,142,8.5,6.1,58,2.8,1.6,139,9.9,5.5,47,1.5,1.4,152.62483186441864
2016,8,12,G3,3,SOSE,1,6,62,2.5,2.3,105,4.8,3.2,85,4.1,4.4,53,3.3,NA,62,3.7,NA,71,4.2,3.7,NA,NA,NA,NA,NA,NA,27.43139482440015
2016,8,12,G3,4,IVFR,1,3,10,0.5,NA,14,0.8,NA,12,0.6,NA,NA,NA,NA,NA,NA,NA,NA,NA,NA,NA,NA,NA,NA,NA,NA,1.7045697723879245
2016,8,12,G3,4,KOVI,1,15,10,1,NA,14,0.6,NA,15,0.8,NA,12,0.4,NA,13,0.4,NA,15,0.7,NA,21,0.7,NA,12,0.8,NA,10.658135651171511
2016,8,12,G3,4,POHY,1,1,27,0.7,NA,NA,NA,NA,NA,NA,NA,NA,NA,NA,NA,NA,NA,NA,NA,NA,NA,NA,NA,NA,NA,NA,0.12216345938462758
2016,8,12,G3,4,SOSE,1,20,130,5.5,4.9,129,5.8,4.8,110,6,5.8,145,6.8,6.2,109,6.6,3.3,63,7.4,4.5,127,5.5,5.3,48,5.2,2.6,246.25780832863921
2016,8,12,G3,5,AMCA,1,2,25,0.1,NA,25,0.3,NA,NA,NA,NA,NA,NA,NA,NA,NA,NA,NA,NA,NA,NA,NA,NA,NA,NA,NA,0.40822221042591916
2016,8,12,G3,5,ATPA,1,8,25,1,NA,35,0.8,NA,35,0.5,NA,27,0.2,NA,27,0.5,NA,24,0.6,NA,16,0.7,NA,27,0.6,NA,1.2875071291957472
2016,8,12,G3,5,KOVI,1,11,60,2.9,1.9,59,3.9,3.1,112,7.9,5.4,119,9.6,7,121,10.1,8.1,40,1.8,NA,28,2.3,NA,58,2.8,2,55.34430113580574
2016,8,12,G3,5,PADI,1,18,55,2.8,2.9,131,2.1,2.8,183,12,6.9,93,1.4,2,86,2.5,0.8,74,2,2.2,130,2.2,3.1,108,3.2,2.4,55.57097006918167
2016,8,12,G3,5,SAVAP,1,100,15,0.5,NA,17,0.1,NA,18,0.2,NA,19,0.1,NA,23,0.3,NA,18,0.1,NA,36,0.5,NA,26,0.4,NA,34.477832092306635
2016,8,12,G3,5,SOSE,1,7,41,6.5,NA,52,1.6,NA,18,0.2,NA,38,4.3,NA,47,4.3,NA,29,4.2,NA,45,5.3,NA,NA,NA,NA,13.409312071522292
2016,8,12,G3,5,SPCY,1,4,159,8.4,4.1,155,11,4.1,163,11.9,6.2,152,3.6,3.2,NA,NA,NA,NA,NA,NA,NA,NA,NA,NA,NA,NA,37.232313287806754
2016,8,12,G3,6,KOVI,1,10,19,1.5,NA,18,1,NA,21,1.1,NA,18,0.7,NA,12,0.3,NA,13,1.3,NA,11,0.3,NA,7,0.2,NA,7.2782185275955715
2016,8,12,G3,6,SPCY,1,40,230,9,7.5,275,15.2,8.9,259,17.5,7.5,190,7.4,5.7,257,7.8,7,227,6.5,4.7,275,12.5,8.9,236,11,7.6,1072.8000509972953
2016,8,10,R1,1,AMCA,1,3,101,4.9,4.9,90,4.5,3.8,78,4.8,3.5,64,3,NA,66,3.2,NA,72,3.3,NA,55,3.6,NA,52,2.4,NA,2.6488864326848116
2016,8,10,R1,1,SCRO,1,9,88,2.4,1.5,115,4.5,2.5,109,5.4,2.8,97,6.4,8.5,85,3.1,2.4,94,3,2.1,97,2.5,2.1,118,4,2.5,17.96115536935039
2016,8,10,R1,1,SPAL,1,132,31,3.6,1.1,55,3.5,NA,72,5,0.1,NA,NA,NA,NA,NA,NA,NA,NA,NA,NA,NA,NA,NA,NA,NA,78.29813322416723
2016,8,10,R1,1,SYTE,1,10,85,2.8,2.8,65,3.2,2.2,78,2.2,2.1,90,2.2,1.1,55,1.3,1.6,67,1.6,1.6,65,1,1.8,67,1.8,1.7,11.151665902181882
2016,8,10,R1,2,AMCA,1,1,70,2.4,2.1,NA,NA,NA,NA,NA,NA,NA,NA,NA,NA,NA,NA,NA,NA,NA,NA,NA,NA,NA,NA,NA,0.47035293996204863
2016,8,10,R1,2,SCRO,1,25,159,7.2,6.4,148,8.2,5.6,132,6.8,5.1,175,8.4,7.5,159,5.6,4.5,157,8.5,5.7,129,5,3.6,121,4.5,3.8,145.64184694300337
2016,8,10,R1,2,SPAL,1,94,110,4.5,2,101,3.6,0.8,60,4,NA,110,5,2,100,4.1,NA,108,7.5,NA,106,2.5,NA,62,3.2,NA,207.2445163042098
2016,8,10,R1,2,TYAN,1,2,162,9.5,5.4,152,8.6,7,NA,NA,NA,NA,NA,NA,NA,NA,NA,NA,NA,NA,NA,NA,NA,NA,NA,NA,9.662977121019999
2016,8,10,R1,3,AMCA,1,2,61,1.8,1.1,85,4.2,3,NA,NA,NA,NA,NA,NA,NA,NA,NA,NA,NA,NA,NA,NA,NA,NA,NA,NA,1.1146569396716852
2016,8,10,R1,3,PLOD,1,21,19,0.6,NA,20,1,NA,33,2.3,NA,17,0.8,NA,37,3,NA,18,1.2,NA,18,1.8,NA,27,1.9,NA,7.746142651753763
2016,8,10,R1,3,SCRO,1,17,162,6.5,6,115,9,6,167,11,6.5,148,7.2,5.1,146,8.3,7,166,9.5,5.8,131,9.6,4.5,174,8,5.1,106.44828215478819
2016,8,10,R1,3,SPAL,1,67,115,6.5,1,92,4.7,NA,63,2.6,NA,108,5.5,NA,80,5.6,NA,105,2.3,0.8,78,4.4,NA,95,4,NA,127.57435441479123
2016,8,10,R1,3,TYAN,1,2,165,13.8,6.4,190,12.7,7.8,NA,NA,NA,NA,NA,NA,NA,NA,NA,NA,NA,NA,NA,NA,NA,NA,NA,NA,11.27259048765
2016,8,10,R1,4,HIMO,1,4,46,4.5,2.7,54,3.2,2,29,1.4,NA,60,2.4,2.4,NA,NA,NA,NA,NA,NA,NA,NA,NA,NA,NA,NA,3.409697581570735
2016,8,10,R1,4,SCAM,1,4,59,3.4,3.7,53,4.4,2.2,71,5.2,3.2,83,4.4,3.4,NA,NA,NA,NA,NA,NA,NA,NA,NA,NA,NA,NA,1.5148521360400038
2016,8,10,R1,4,TYAN,1,15,164,11.5,6.9,158,8,4.7,130,4.7,3,182,12.8,7.2,133,8.9,4,160,11.8,5.8,140,7.7,3.2,198,11,7.5,65.74960946053125
2016,8,10,R1,5,HIMO,1,9,98,10.5,7.5,63,7.1,4,171,14.5,8.4,151,9.2,7.4,190,19,11.9,47,3.6,2,172,16,12.4,157,16.2,9.1,128.60039739742382
2016,8,10,R1,5,PEVI,1,14,31,6.3,NA,39,4.4,NA,41,5.8,NA,34,4.5,NA,24,1.7,NA,24,4.5,NA,24,2.3,NA,17,2,NA,6.1124929146766895
2016,8,10,R2,1,AMCA,1,1,111,6.4,5.8,NA,NA,NA,NA,NA,NA,NA,NA,NA,NA,NA,NA,NA,NA,NA,NA,NA,NA,NA,NA,NA,2.749358577699917
2016,8,10,R2,1,SCRO,1,6,106,6.9,4.1,102,4,3.5,65,4,3.5,89,4.3,2.8,123,5.5,4.9,115,4.5,4.5,NA,NA,NA,NA,NA,NA,12.613620810761706
2016,8,10,R2,1,SPAL,1,2,114,6.8,4.3,110,7.2,2.2,NA,NA,NA,NA,NA,NA,NA,NA,NA,NA,NA,NA,NA,NA,NA,NA,NA,NA,7.009839445625621
2016,8,10,R2,2,AMCA,1,3,27,1.9,NA,60,3.5,2.2,81,8.2,4.8,NA,NA,NA,NA,NA,NA,NA,NA,NA,NA,NA,NA,NA,NA,NA,1.8978554716252378
2016,8,10,R2,2,PLOD,1,6,22,1.1,NA,31,1.3,NA,3,0.9,NA,23,1,NA,30,2.9,NA,17,1.7,NA,NA,NA,NA,NA,NA,NA,2.0711806822761636
2016,8,10,R2,3,AMCA,1,13,69,5.4,3.2,45,1.6,0.8,61,3,1.5,65,4.1,1.8,118,9.4,5.2,120,4.5,3,114,4.4,2.2,57,2.2,1.5,11.973328949753409
2016,8,10,R2,3,SPAL,1,53,71,5.5,NA,86,5,NA,85,4.3,NA,55,4.2,NA,62,5.5,NA,82,2.6,NA,34,5.1,NA,54,5.5,NA,44.03704462764352
2016,8,10,R2,4,AMCA,1,2,75,3,2.7,91,5.3,NA,NA,NA,NA,NA,NA,NA,NA,NA,NA,NA,NA,NA,NA,NA,NA,NA,NA,NA,2.158731952198677
2016,8,10,R2,4,PLOD,1,1,9,1,NA,NA,NA,NA,NA,NA,NA,NA,NA,NA,NA,NA,NA,NA,NA,NA,NA,NA,NA,NA,NA,NA,0.23396021487067342
2016,8,10,R2,4,SPAL,1,17,43,4.5,NA,94,5.6,1.1,119,4.6,NA,109,4,0.4,130,4.1,NA,30,5.3,NA,18,6.8,4.9,57,2.4,NA,31.56284188256192
2016,8,10,R2,5,HIMO,1,4,136,6,4.6,110,5.8,4.5,105,4.7,1.8,181,7,5.8,NA,NA,NA,NA,NA,NA,NA,NA,NA,NA,NA,NA,24.425469638121335
2016,8,10,R3,1,SCRO,1,7,134,5.3,4.4,100,4.3,3.5,92,4,3.4,120,4.3,2.3,90,3.7,2.9,126,4.6,2.5,NA,NA,NA,NA,NA,NA,18.344050535390704
2016,8,10,R3,1,SPAL,1,67,131,5.6,2.9,89,6.5,3.7,105,4.1,0.8,110,6.5,4.1,118,5,3.6,58,3.6,1.8,70,3,2.3,108,5,3.2,181.23438101910563
2016,8,10,R3,2,AMCA,1,6,60,2,1.1,79,1.9,1.3,84,1.9,1.4,35,2.2,NA,37,2,NA,55,1.2,0.6,NA,NA,NA,NA,NA,NA,2.028664583928895
2016,8,10,R3,2,HIMO,1,22,98,7,4.8,88,4.6,3.6,93,5.3,4,97,5.7,4,88,4.5,3.8,87,9,5.7,57,4,3,108,8.7,5.3,82.5220116116621
2016,8,10,R3,2,SCRO,1,3,90,7.4,2.4,104,6.4,4.2,95,4.2,2.2,NA,NA,NA,NA,NA,NA,NA,NA,NA,NA,NA,NA,NA,NA,NA,5.2863713844926865
2016,8,10,R3,3,AMCA,1,13,69,1.5,1.5,69,1.4,1.9,52,1.3,0.8,45,1.4,0.9,58,2.4,2,89,4.5,3,25,1.2,NA,83,1.7,1.9,5.286684020039262
2016,8,10,R3,3,HIMO,1,3,118,11,6,117,8.2,5.2,113,7,5,NA,NA,NA,NA,NA,NA,NA,NA,NA,NA,NA,NA,NA,NA,NA,19.70839869643915
2016,8,10,R3,3,KOVI,1,5,156,8.1,5.8,143,7.3,4.2,108,5,4.2,132,7,4.8,101,6,3.5,NA,NA,NA,NA,NA,NA,NA,NA,NA,42.01214550997076
2016,8,10,R3,3,PLOD,1,14,15,1.6,NA,8,1.6,NA,18,1.3,NA,22,0.5,NA,10,1.9,NA,10,1,NA,12,2,NA,6,0.8,NA,3.6862088905091825
2016,8,10,R3,4,AMCA,1,31,44,2,1,33,1.7,NA,33,1.5,NA,39,1.5,NA,32,1.5,NA,27,1.8,NA,35,1.6,NA,36,1.6,NA,7.959477979099602
2016,8,10,R3,4,ATPA,1,2,39,1,NA,15,0.5,NA,NA,NA,NA,NA,NA,NA,NA,NA,NA,NA,NA,NA,NA,NA,NA,NA,NA,NA,0.3370838841044364
2016,8,10,R3,4,HIMO,1,6,111,8.4,6.6,103,7.4,4.4,100,8.7,4.1,132,8.8,5.7,91,6.1,4.4,138,8.8,6.2,NA,NA,NA,NA,NA,NA,38.10477837372989
2016,8,10,R3,4,KOVI,1,3,150,13.2,7.4,142,8.6,6.1,31,2.1,NA,NA,NA,NA,NA,NA,NA,NA,NA,NA,NA,NA,NA,NA,NA,NA,32.46957027998508
2016,8,10,R3,4,PLOD,1,16,26,2.4,NA,16,1.6,NA,25,1.4,NA,16,1.6,NA,30,1.6,NA,17,1.5,NA,12,0.8,NA,17,1.1,NA,5.23803648562167
2016,8,10,R3,5,AMCA,1,9,22,0.3,NA,20,0.2,NA,23,0.8,NA,38,0.3,NA,48,1.1,NA,36,0.5,NA,37,0.6,NA,38,0.4,NA,2.4224979869254124
2016,8,10,R3,5,HIMO,1,5,89,5.2,2.8,90,5.2,3.8,97,6.9,5.5,80,6.2,2.5,90,5,3,NA,NA,NA,NA,NA,NA,NA,NA,NA,14.594279245398823
2016,8,10,R3,5,KOVI,1,4,90,6,3.7,104,10.6,4.8,66,4.2,2.5,20,0.5,NA,NA,NA,NA,NA,NA,NA,NA,NA,NA,NA,NA,NA,11.162388982606016
2016,8,10,R3,5,PLOD,1,6,8,1,NA,8,0.9,NA,3,0.8,NA,5,0.4,NA,7,0.6,NA,11,1,NA,NA,NA,NA,NA,NA,NA,1.3270111815487906
2016,8,10,R3,5,SCAM,1,20,160,4,3.8,158,5.7,4.2,125,6.5,4.6,146,5.2,3.5,123,5.8,4.4,131,4,2.8,137,3.7,3.2,115,4.6,3.1,27.276319184237373
2016,8,10,R3,5,SOSE,1,2,128,7,6.8,99,3.8,2.8,NA,NA,NA,NA,NA,NA,NA,NA,NA,NA,NA,NA,NA,NA,NA,NA,NA,NA,27.63419137870126
2016,8,10,S1,3,SOSE,1,8,69,4,2.6,74,4.5,3,77,4.6,3.4,25,4.5,NA,NA,NA,NA,NA,NA,NA,NA,NA,NA,NA,NA,NA,27.043555999729957
2016,8,10,S1,4,SOSE,1,6,65,4.4,2.6,97,5.4,4.3,74,3.7,2.4,64,7.8,2.8,NA,NA,NA,NA,NA,NA,NA,NA,NA,NA,NA,NA,27.073231556251308
2016,8,10,S2,1,KOVI,1,2,55,2.5,2.5,47,2.7,1.2,NA,NA,NA,NA,NA,NA,NA,NA,NA,NA,NA,NA,NA,NA,NA,NA,NA,NA,1.8384973618222493
2016,8,10,S2,1,SOSE,1,2,137,5.4,4.8,70,3.8,2.8,NA,NA,NA,NA,NA,NA,NA,NA,NA,NA,NA,NA,NA,NA,NA,NA,NA,NA,20.199367500736333
2016,8,10,S2,2,SOSE,1,16,65,4.2,2.8,40,2.8,NA,82,4.7,3.9,79,5.4,3.2,74,5.9,4.4,93,5,3.2,63,3.2,2.7,NA,NA,NA,68.9966077578346
2016,8,10,S2,3,KOVI,1,2,16,0.8,NA,15,0.8,NA,NA,NA,NA,NA,NA,NA,NA,NA,NA,NA,NA,NA,NA,NA,NA,NA,NA,NA,1.4692199666619983
2016,8,10,S2,3,SCAM,1,26,89,3.3,2.8,82,4.4,3.6,70,3.5,2.6,92,3.6,3.1,73,3.1,2.9,81,4.2,4,96,4.2,3.3,85,2.8,2.6,13.41960471371519
2016,8,10,S2,4,SCAM,1,86,87,3.7,4,95,5.2,3.7,110,5.5,3.2,99,5.5,2.9,116,6,3.6,84,3.2,2.5,109,5.5,3.3,87,3.8,1.9,59.03022266185741
2016,8,10,S2,4,SOSE,1,13,55,2,1.2,61,6.4,3.5,71,4.4,2.2,40,2.6,NA,NA,NA,NA,NA,NA,NA,NA,NA,NA,NA,NA,NA,35.62930505115388
2016,8,10,S2,5,SCAM,1,56,104,5,3.4,95,3.6,2.8,76,2.5,1,98,4.2,3.1,96,3,2,84,3.7,2.1,56,1,1.6,93,2.9,2.9,26.666367605964716
2016,8,10,S2,6,PLOD,1,2,12,1.2,NA,4,0.2,NA,NA,NA,NA,NA,NA,NA,NA,NA,NA,NA,NA,NA,NA,NA,NA,NA,NA,NA,0.45748815945819354
2016,8,10,S2,6,SCAM,1,42,139,5.2,4.8,132,5.8,4.2,158,4.2,4.1,131,3.8,4,120,3.6,3.9,140,5.5,3.4,132,4.8,4,148,4.8,2.8,59.098280277691885
2016,8,10,S2,6,SPCY,1,2,154,4.8,2.9,221,13.5,8.8,NA,NA,NA,NA,NA,NA,NA,NA,NA,NA,NA,NA,NA,NA,NA,NA,NA,NA,33.74520395245362
2016,8,10,S2,6,TYAN,1,8,131,10.5,6.2,190,11,10.5,136,9,5.8,146,14.5,9.5,95,5.2,4.2,145,11.5,6.4,173,10.9,6.8,164,10.1,7.2,42.3503264274
2016,8,10,S3,1,ATPA,1,4,120,3.1,2.8,45,2,1.2,39,0.6,NA,90,1.9,2,NA,NA,NA,NA,NA,NA,NA,NA,NA,NA,NA,NA,4.409844467091739
2016,8,10,S3,1,PLOD,1,4,43,0.9,0.5,26,2.2,NA,36,2.1,NA,87,0.5,NA,NA,NA,NA,NA,NA,NA,NA,NA,NA,NA,NA,NA,3.5788968560580043
2016,8,10,S3,1,SCRO,1,2,88,3.9,3.1,119,4.6,4.5,NA,NA,NA,NA,NA,NA,NA,NA,NA,NA,NA,NA,NA,NA,NA,NA,NA,NA,4.482096856172288
2016,8,10,S3,1,SPAL,1,50,96,11,NA,95,10.3,NA,95,6.2,NA,98,6.1,NA,83,5.9,NA,75,7.3,NA,65,5.5,NA,96,6.7,NA,88.29077656227942
2016,8,10,S3,1,SPCY,1,4,192,6.1,5.4,184,8.3,5.3,95,6,5.7,148,5.8,5.2,NA,NA,NA,NA,NA,NA,NA,NA,NA,NA,NA,NA,42.18621787169778
2016,8,10,S3,2,AMCA,1,1,50,0.5,0.3,NA,NA,NA,NA,NA,NA,NA,NA,NA,NA,NA,NA,NA,NA,NA,NA,NA,NA,NA,NA,NA,0.16985669126648445
2016,8,10,S3,2,PLOD,1,7,35,2.2,NA,40,1.8,NA,44,2.6,1.6,15,1.1,NA,45,2.2,1,35,1.8,NA,41,3,1.5,NA,NA,NA,3.441825436882077
2016,8,10,S3,2,SCAM,1,5,132,2.3,2.8,104,5,3,45,4.2,2.7,62,5.7,3.5,135,4,3.1,NA,NA,NA,NA,NA,NA,NA,NA,NA,3.518938475703232
2016,8,10,S3,3,SOSE,1,21,77,5.7,4,56,5,3.5,68,5.4,3.8,98,6.2,4.6,81,5.2,3.5,71,5,4,56,4.5,5.1,61,5,4.4,107.42831917140718
2016,8,10,S3,4,PLOD,1,1,4,0.4,NA,NA,NA,NA,NA,NA,NA,NA,NA,NA,NA,NA,NA,NA,NA,NA,NA,NA,NA,NA,NA,NA,0.20188850286199247
2016,8,10,S3,4,SCAM,1,19,122,7.1,3.8,107,5.9,5.1,117,7.2,4.2,108,5.5,3.6,110,5.8,5.2,125,4.3,4.6,86,4.6,4.2,120,6,4,20.62343437525032
2016,8,10,S3,5,AMCA,1,3,25,1.1,NA,60,2.2,1.2,64,2.4,2.1,NA,NA,NA,NA,NA,NA,NA,NA,NA,NA,NA,NA,NA,NA,NA,0.9049944068019232
2016,8,10,S3,5,SCAM,1,14,156,5.2,5.2,96,3.6,2.4,151,6.1,4.2,155,4.6,3.6,135,5.1,5.1,143,6,5.2,66,5.2,4.4,74,4,3.2,18.27685325784482
2016,8,10,S3,5,SCRO,1,18,115,4.6,4.6,122,7,6.5,90,6,4,158,5.8,5.5,129,6,5.7,141,5,4.5,130,5.5,4.9,154,6.8,NA,75.8353139473251
2016,8,10,S3,5,SPAL,1,5,133,10.2,2.8,127,10,5.5,96,7.6,NA,108,10.8,NA,88,5,NA,NA,NA,NA,NA,NA,NA,NA,NA,NA,17.762845023186216
2017,9,19,G1,1,ATPA,1,15,93,1,1,103,1,1.7,176,4.1,3.4,141,1.3,1.5,176,3.9,3.9,85,1,1.2,152,1.5,1.5,215,3.8,2.6,94.31215371496953
2017,9,19,G1,1,SCRO,1,29,116,6,4.9,131,7.8,4.1,133,8.4,5,122,9,7.8,163,8.3,4.9,138,3.5,4.7,138,5,4.3,152,4.9,4.3,134.12102362086864
2017,9,19,G1,1,SPAL,1,8,120,7,NA,115,2.8,1.2,103,3.9,1.8,105,3.7,2.2,27,3.9,NA,143,5.5,4.4,147,5,NA,79,5.9,1.8,28.95527684095687
2017,9,19,G1,1,SPCY,1,14,138,5.1,3.2,169,3,3,138,6,3.8,158,5.7,4.6,155,6.1,3.6,172,8,4.5,158,4,3.8,162,5.1,4.7,120.5957764569633
2017,9,19,G1,1,SYTE,1,1,124,8.9,3.4,NA,NA,NA,NA,NA,NA,NA,NA,NA,NA,NA,NA,NA,NA,NA,NA,NA,NA,NA,NA,NA,4.017968794755137
2017,9,19,G1,2,KOVI,1,1,72,5.1,1.1,NA,NA,NA,NA,NA,NA,NA,NA,NA,NA,NA,NA,NA,NA,NA,NA,NA,NA,NA,NA,NA,1.087651973538828
2017,9,19,G1,2,SOSE,1,5,37,2.1,NA,35,2.7,NA,85,5.5,2.1,62,3.5,2.4,38,1.6,NA,NA,NA,NA,NA,NA,NA,NA,NA,NA,12.24016566964912
2017,9,19,G1,3,IVFR,1,7,12,0.8,NA,11,0.9,NA,11,1.1,NA,14,1.1,NA,14,1.2,NA,11,0.8,NA,10,0.9,NA,NA,NA,NA,3.9511665459936713
2017,9,19,G1,3,SOSE,1,5,98,6.1,4.9,91,5,3.6,94,5.3,4.4,65,6.6,5,81,4.8,3.1,92,5.8,3.2,76,6.7,4.8,90,4.4,3.6,31.827371372321732
2017,9,19,G1,6,SCAM,1,100,98,5,4.8,85,5.5,4.5,90,0.4,0.4,101,5.1,4,81,2,1.5,101,5.5,4.6,91,4.4,4,98,5.5,4.3,71.26748079885179
2017,9,19,G1,7,AMCA,1,1,152,8.9,8.1,NA,NA,NA,NA,NA,NA,NA,NA,NA,NA,NA,NA,NA,NA,NA,NA,NA,NA,NA,NA,NA,8.009225702073765
2017,9,19,G1,7,PLOD,1,1,76,5.8,4.2,NA,NA,NA,NA,NA,NA,NA,NA,NA,NA,NA,NA,NA,NA,NA,NA,NA,NA,NA,NA,NA,2.9313563089487302
2017,9,19,G1,7,SCAM,1,38,106,4.1,4,106,5.1,5.4,94,6.4,5.2,106,4.9,3.2,78,4.5,5.1,64,3.8,3,96,6,5,109,4.9,5,34.23621016603042
2017,9,19,G1,8,KOVI,1,1,10,0.8,NA,NA,NA,NA,NA,NA,NA,NA,NA,NA,NA,NA,NA,NA,NA,NA,NA,NA,NA,NA,NA,NA,0.6435771937068976
2017,9,19,G1,8,PADI,1,7,101,1.9,1.9,127,3.6,3.6,120,2.5,2.5,133,3.5,2.4,146,5,3.2,94,1.2,1.2,117,4,2,NA,NA,NA,22.28228560002971
2017,9,19,G1,8,SCAM,1,128,85,4,4,75,3.2,3,61,5.4,3.1,101,6.2,4.2,77,4.5,3.3,81,4.9,3.8,80,4.9,4.4,93,4.5,3.6,75.45987702425853
2017,9,19,G1,9,IVFR,1,4,5,0.7,NA,8,1.7,NA,13,1,NA,6,0.8,NA,NA,NA,NA,NA,NA,NA,NA,NA,NA,NA,NA,NA,1.9273278805991312
2017,9,19,G1,9,SCAM,1,30,35,4.2,NA,61,6.2,4.5,42,3.9,0.1,40,4.5,NA,35,4.4,NA,50,5.8,3.8,53,6.1,3.8,59,6.9,4.2,7.959508826492534
2017,9,19,G1,9,SOSE,1,4,101,8,4.8,50,8.5,3.3,8,0.5,NA,7,0.4,NA,NA,NA,NA,NA,NA,NA,NA,NA,NA,NA,NA,NA,13.78232230950245
2017,9,19,G1,10,AMCA,1,2,129,4.4,3,100,3.6,3.9,NA,NA,NA,NA,NA,NA,NA,NA,NA,NA,NA,NA,NA,NA,NA,NA,NA,NA,3.3937728016674154
2017,9,19,G1,10,KOVI,1,31,135,10,6.2,163,9.9,7.4,118,6.2,4,124,6.8,3.9,160,9.1,6.5,134,7.3,5.2,86,3.3,2.1,131,7.6,5.2,327.21236758699126
2017,9,19,G1,10,POHY,1,2,62,1.3,0.9,56,1.2,0.6,51,1,0.5,NA,NA,NA,NA,NA,NA,NA,NA,NA,NA,NA,NA,NA,NA,NA,0.8687455171649422
2017,9,19,G1,10,SCRO,1,1,152,9.8,5.8,NA,NA,NA,NA,NA,NA,NA,NA,NA,NA,NA,NA,NA,NA,NA,NA,NA,NA,NA,NA,NA,6.130108422836046
2017,9,19,G1,10,SPAL,1,20,136,9.9,4.4,124,10.5,NA,93,7.9,NA,62,6.5,NA,79,5,NA,84,5,NA,111,9,NA,100,5,NA,55.572732460843696
2017,9,19,G1,10,SPCY,1,5,104,4.5,3.4,136,4,3.3,147,5.4,4.5,157,5.9,3.5,155,5.1,4,NA,NA,NA,NA,NA,NA,NA,NA,NA,37.953813266703
2017,9,19,G1,11,AMCA,1,2,140,4.3,2,134,6,4.8,NA,NA,NA,NA,NA,NA,NA,NA,NA,NA,NA,NA,NA,NA,NA,NA,NA,NA,5.208986865317468
2017,9,19,G1,11,POHY,1,1,85,1.5,0.9,NA,NA,NA,NA,NA,NA,NA,NA,NA,NA,NA,NA,NA,NA,NA,NA,NA,NA,NA,NA,NA,2.632422460786036
2017,9,19,G1,11,SCAM,1,141,148,4.4,6.8,148,5.4,6.1,154,8,5.4,134,5.1,5.4,104,7.8,5.8,144,7.4,6.4,110,9,6.4,147,5.5,5.2,269.2262655595604
2017,9,19,G1,12,AMCA,1,3,45,15.8,9.5,122,7,4.6,71,4,3.1,NA,NA,NA,NA,NA,NA,NA,NA,NA,NA,NA,NA,NA,NA,NA,6.552927310299969
2017,9,19,G1,12,SCAM,1,63,138,7.8,5.4,110,7.5,6.1,109,3.6,3,108,5.8,5.4,91,7,5.5,135,7.8,5.7,132,8.9,7.2,117,7,5.5,92.16228515315564
2017,9,19,G1,12,SCAM,1,63,138,7.8,5.4,110,7.5,6.1,109,3.6,3,108,5.8,5.4,91,7,5.5,135,7.8,5.7,132,8.9,7.2,117,7,5.5,157.00487694779542
2017,9,19,G1,12,SCAM,1,82,134,7.9,7.4,114,6,5.7,122,9,7.1,127,9,6.3,131,7.8,7.1,99,9.3,7.1,123,11.7,7,148,6.5,6.2,92.16228515315564
2017,9,19,G1,12,SCAM,1,82,134,7.9,7.4,114,6,5.7,122,9,7.1,127,9,6.3,131,7.8,7.1,99,9.3,7.1,123,11.7,7,148,6.5,6.2,157.00487694779542
2017,9,19,G1,14,SCAM,1,116,91,4.8,4.2,88,4.2,4.4,102,4.8,3.9,108,4.2,4.7,127,5,5.6,48,2.3,2.1,122,5.8,3.6,119,6.9,4.9,110.69673584791836
2017,9,19,G1,14,SCRO,1,5,102,4.4,2.8,101,4,3.6,101,2.8,2.3,111,4.5,3.7,107,4,3.5,NA,NA,NA,NA,NA,NA,NA,NA,NA,10.797552247491854
2017,9,19,G1,15,ATPA,1,3,91,0.9,1.2,93,1.5,0.6,116,3.1,3,NA,NA,NA,NA,NA,NA,NA,NA,NA,NA,NA,NA,NA,NA,NA,4.140823414081833
2017,9,19,G1,15,IVFR,1,2,54,1.8,1.7,57,3.3,2.8,NA,NA,NA,NA,NA,NA,NA,NA,NA,NA,NA,NA,NA,NA,NA,NA,NA,NA,7.203783698190292
2017,9,19,G1,15,KOVI,1,3,52,2.3,1.4,37,2.1,NA,170,6,3.2,NA,NA,NA,NA,NA,NA,NA,NA,NA,NA,NA,NA,NA,NA,NA,14.716167152690472
2017,9,19,G1,15,SCAM,1,122,104,5,4.8,111,5.8,3.9,117,5,4,96,2.8,2.9,105,4.1,3.7,126,3.6,3.5,123,4.7,3.5,127,5.1,4.8,124.44937612335181
2017,9,19,G1,16,SCAM,1,146,109,5.1,4.5,79,5.2,3.1,114,5.2,3.8,108,5.8,5.2,101,5.1,4.2,138,5.5,4.2,101,4.9,3.2,131,4.2,5.6,155.16991467125618
2017,9,19,G1,17,SCAM,1,184,120,7.9,7.4,114,6.1,3.3,118,6.2,4,128,5.2,4.5,117,4.1,3.9,92,3.6,4.1,118,4.1,5,108,4.9,4.6,220.26561069330154
2017,9,19,G1,18,SCAM,1,179,110,5.6,4.4,109,3.6,3.6,103,5.4,4.2,108,4.8,3.6,112,5,5.2,115,4.9,4.2,113,5.2,3.6,111,6.2,4.8,183.2821485409126
2017,9,19,G1,19,SCAM,1,98,132,5.2,4.2,105,5.7,4.2,101,5,3.2,95,5.2,4.1,109,6.2,4.9,110,4,4,96,4,3.8,90,4.9,3.9,90.72124743214785
2017,9,19,G1,20,AMCA,1,1,31,2.2,NA,NA,NA,NA,NA,NA,NA,NA,NA,NA,NA,NA,NA,NA,NA,NA,NA,NA,NA,NA,NA,NA,0.24519766446152697
2017,9,19,G1,20,PLOD,1,11,4,1,NA,11,2.8,NA,48,4.8,2.6,43,5,1.3,50,3.1,2.7,37,3.6,NA,31,4.2,NA,38,3.8,NA,6.309061516576751
2017,9,19,G1,20,SCRO,1,4,197,7,4.2,119,3.3,3.1,189,4.7,4.8,83,4.4,2.8,NA,NA,NA,NA,NA,NA,NA,NA,NA,NA,NA,NA,27.26049348686633
2017,9,19,G1,20,TYAN,1,38,202,9.9,9.8,198,8.1,7.5,211,9.9,8.7,212,12.2,9.8,199,9.4,8.1,198,11.1,7.6,195,10.3,9.1,184,7.9,6.5,256.89509145570753
2017,9,19,G2,1,KOVI,1,7,123,9,6.6,234,17.5,11.9,205,10.5,10.3,147,10.1,5.8,162,11.5,7.9,216,16,11.6,187,10.3,9.4,NA,NA,NA,238.8765802448434
2017,9,19,G2,1,SCRO,1,1,111,4.2,3.3,NA,NA,NA,NA,NA,NA,NA,NA,NA,NA,NA,NA,NA,NA,NA,NA,NA,NA,NA,NA,NA,2.526629078435386
2017,9,19,G2,1,SPAL,1,3,150,4.5,4,168,3.6,3.1,111,1,0.8,NA,NA,NA,NA,NA,NA,NA,NA,NA,NA,NA,NA,NA,NA,NA,17.29348317489778
2017,9,19,G2,2,AMCA,1,1,184,12.4,10.1,NA,NA,NA,NA,NA,NA,NA,NA,NA,NA,NA,NA,NA,NA,NA,NA,NA,NA,NA,NA,NA,15.711903503286852
2017,9,19,G2,3,AMCA,1,1,242,22.1,19.3,NA,NA,NA,NA,NA,NA,NA,NA,NA,NA,NA,NA,NA,NA,NA,NA,NA,NA,NA,NA,NA,45.192668393585166
2017,9,19,G2,3,SCRO,1,2,127,5.7,4.3,116,4,3.6,NA,NA,NA,NA,NA,NA,NA,NA,NA,NA,NA,NA,NA,NA,NA,NA,NA,NA,6.514374240565688
2017,9,19,G2,5,SCRO,1,1,103,2,1.2,NA,NA,NA,NA,NA,NA,NA,NA,NA,NA,NA,NA,NA,NA,NA,NA,NA,NA,NA,NA,NA,2.01974614813235
2017,9,19,G2,6,AMCA,1,1,160,7.3,6.3,NA,NA,NA,NA,NA,NA,NA,NA,NA,NA,NA,NA,NA,NA,NA,NA,NA,NA,NA,NA,NA,6.475399535459254
2017,9,19,G2,6,KOVI,1,7,150,8.8,6.8,163,10.2,8.4,145,8.9,6.5,137,4.9,4.7,200,9.7,7.7,220,12.9,10.3,199,12.7,10.5,NA,NA,NA,192.76539692507615
2017,9,19,G2,6,SCAM,1,1,153,6.6,5.5,NA,NA,NA,NA,NA,NA,NA,NA,NA,NA,NA,NA,NA,NA,NA,NA,NA,NA,NA,NA,NA,2.109760225350876
2017,9,19,G2,6,SCRO,1,2,169,6.3,6.2,165,5.7,5.1,NA,NA,NA,NA,NA,NA,NA,NA,NA,NA,NA,NA,NA,NA,NA,NA,NA,NA,15.844133777631884
2017,9,19,G2,6,SPAL,1,13,147,5.6,2.4,145,3.3,2.2,157,5.7,NA,142,5,NA,146,5.7,NA,153,4.6,NA,155,4,NA,144,4.9,NA,102.31011707747473
2017,9,19,G2,7,SCAM,1,102,114,4.4,4,141,4.9,4.7,130,5.2,4.9,149,6,5,154,5.2,5.2,73,5,4.4,130,4.7,4.1,123,4.9,3.5,141.5567837621093
2017,9,19,G2,8,SCAM,1,35,105,5,5,81,4,3.6,99,4.5,4.5,83,4.1,3.5,114,5,4.6,78,4.2,3,81,4.5,4.3,97,3.3,3.3,26.757305082412653
2017,9,19,G2,8,SOSE,1,11,74,7.5,5.7,90,6,4.6,53,4.8,NA,106,4.2,3.3,57,2.6,1.6,45,3.6,NA,44,3.7,NA,77,6.5,5.4,53.20435783154669
2017,9,19,G2,9,SCAM,1,31,69,2.3,1.9,62,3.4,2.7,76,3.6,3.5,58,3.2,3,70,3.8,3.3,71,3.3,3.1,72,3.9,2.9,108,4.4,3.5,12.98327608835008
2017,9,19,G2,9,SOSE,1,10,61,5,4.4,72,5,4.2,49,3.2,2.2,50,5,NA,53,2.2,NA,48,3.4,NA,59,3.6,NA,46,2.5,NA,31.453576461434587
2017,9,19,G2,10,SCAM,1,5,140,4.5,4.3,134,5.6,5.9,133,4,4.6,93,4.3,3.8,128,4.2,1.4,NA,NA,NA,NA,NA,NA,NA,NA,NA,6.328093504418163
2017,9,19,G2,10,SCRO,1,2,153,3.9,3.8,99,2.9,2.7,NA,NA,NA,NA,NA,NA,NA,NA,NA,NA,NA,NA,NA,NA,NA,NA,NA,NA,7.8569048560094235
2017,9,19,G2,10,TYAN,1,3,194,11.1,8,157,7.7,5.5,101,4.5,3,NA,NA,NA,NA,NA,NA,NA,NA,NA,NA,NA,NA,NA,NA,NA,13.52285609236
2017,9,19,G2,11,SMRO,1,1,97,5.4,4.7,NA,NA,NA,NA,NA,NA,NA,NA,NA,NA,NA,NA,NA,NA,NA,NA,NA,NA,NA,NA,NA,4.397331061719063
2017,9,18,G3,1,SPAL,1,4,134,6.8,2.8,56,2.6,NA,31,3.9,NA,119,6.7,1.8,NA,NA,NA,NA,NA,NA,NA,NA,NA,NA,NA,NA,8.436777816224133
2017,9,18,G3,1,SPCY,1,5,103,6,2.4,125,6,4.3,129,3.5,2.9,107,3.7,2.7,151,7.7,4.7,NA,NA,NA,NA,NA,NA,NA,NA,NA,32.97133908319456
2017,9,18,G3,2,AMCA,1,1,153,19,9.9,NA,NA,NA,NA,NA,NA,NA,NA,NA,NA,NA,NA,NA,NA,NA,NA,NA,NA,NA,NA,NA,11.27882416562051
2017,9,18,G3,2,KOVI,1,5,96,4.4,2.6,207,10.6,9.8,60,2.4,1.7,187,9.6,7.9,111,6.6,3.4,NA,NA,NA,NA,NA,NA,NA,NA,NA,81.77421520611037
2017,9,18,G3,3,KOVI,1,2,14,1.1,NA,15,0.6,NA,NA,NA,NA,NA,NA,NA,NA,NA,NA,NA,NA,NA,NA,NA,NA,NA,NA,NA,1.4343196496319037
2017,9,18,G3,3,SOSE,1,4,30,1.2,NA,7,1,NA,12,0.7,NA,NA,NA,NA,NA,NA,NA,NA,NA,NA,NA,NA,NA,NA,NA,NA,4.07636155498239
2017,9,18,G3,4,PAVI,1,36,106,1.8,2.4,113,2.4,2.5,136,2,2.3,122,1.4,1.3,152,2.4,2.1,141,2.9,2.7,110,3.3,2.5,104,1.9,1.9,122.01758675192355
2017,9,18,G3,5,KOVI,1,5,148,10.4,8.8,124,8.6,6.6,153,11.7,9.1,119,6.8,4.8,88,4.8,3.2,NA,NA,NA,NA,NA,NA,NA,NA,NA,69.62424961359272
2017,9,18,G3,5,PAVI,1,47,129,2.1,2,168,4.7,3,158,3.2,2.9,153,5,3,142,2.5,2.5,176,3.5,3.4,142,5,2.4,147,2.4,2.4,276.47087089708623
2017,9,18,G3,5,POHY,1,3,41,0.5,NA,63,1.1,1,57,1.5,1,NA,NA,NA,NA,NA,NA,NA,NA,NA,NA,NA,NA,NA,NA,NA,1.5828463681548293
2017,9,18,G3,5,SAVAP,1,37,25,0.6,NA,38,0.5,NA,30,0.7,NA,31,0.7,NA,31,0.5,NA,32,0.6,NA,19,0.2,NA,32,0.5,NA,16.14639504730867
2017,9,18,G3,5,SOSE,1,9,109,4.9,3.1,115,4.4,3.9,52,2,NA,53,2,NA,51,4.9,NA,27,5.8,NA,66,8,NA,47,1,NA,36.75117488297753
2017,9,18,G3,5,SPCY,1,8,170,11.2,6.1,247,14.2,8.1,161,11.7,6.4,163,9.1,4.8,143,11.6,6.3,197,12.5,6.5,162,10.7,6.2,126,2.5,4.1,109.3912326177213
2017,9,18,G3,5,SYTE,1,1,42,0.6,NA,NA,NA,NA,NA,NA,NA,NA,NA,NA,NA,NA,NA,NA,NA,NA,NA,NA,NA,NA,NA,NA,0.6190743502630559
2017,9,18,G3,6,SPCY,1,29,268,8,5.3,251,9,6.2,275,14,9.7,237,10.5,6.2,216,8.8,6.1,253,10.6,6.9,209,5,3.8,248,13.9,8.7,719.4059197207015
2017,9,21,R1,1,SPAL,1,151,65,2.1,NA,68,3.2,NA,63,2.8,NA,81,3.8,NA,37,3.5,NA,48,4.2,NA,91,3.2,NA,83,3.6,NA,130.0623203253828
2017,9,21,R1,1,SYTE,1,6,105,2.8,2.8,115,2.2,1.9,78,3,2.5,74,1.5,1.7,115,2,2.2,60,1.2,1.5,NA,NA,NA,NA,NA,NA,10.69551287426494
2017,9,21,R1,2,SCRO,1,14,151,7.1,6.1,159,7.2,6.4,118,5,4,135,4.5,3.9,98,5.1,2.5,120,6,4.5,155,4.3,4.5,164,4.9,5.5,68.49688951594148
2017,9,21,R1,2,SPAL,1,51,72,4.5,NA,81,3.9,NA,108,2.5,NA,102,4.6,NA,52,2,NA,69,5,NA,102,4.2,NA,83,3.4,NA,84.32190912446586
2017,9,21,R1,2,SYTE,1,4,87,3,2.4,123,2.6,2.6,92,1.8,1.6,80,2,1.8,NA,NA,NA,NA,NA,NA,NA,NA,NA,NA,NA,NA,7.480086175006466
2017,9,21,R1,2,TYAN,1,3,142,8,6.5,163,13.5,11.7,148,8,7,NA,NA,NA,NA,NA,NA,NA,NA,NA,NA,NA,NA,NA,NA,NA,18.16767487179
2017,9,21,R1,3,SCAM,1,10,134,5,4.2,100,6.6,3.6,110,5.6,4.5,95,5,5,136,6,4.9,86,6,3.6,53,4.2,3.6,131,5.8,4.2,10.140446074886357
2017,9,21,R1,3,SCRO,1,33,118,6,4,93,3.2,2.1,122,4.7,3.9,148,8.2,4.5,99,5.8,4.3,92,3.8,2.8,129,5.7,4.6,133,5.8,4.9,102.67402192803613
2017,9,21,R1,3,SPAL,1,36,83,4.5,NA,96,3,NA,87,2.9,NA,74,3.5,NA,42,1.7,NA,102,2.3,NA,106,5.6,NA,80,4.5,NA,59.85775545021437
2017,9,21,R1,3,TYAN,1,3,194,12.6,8.8,187,15.7,8,136,5.8,5.9,NA,NA,NA,NA,NA,NA,NA,NA,NA,NA,NA,NA,NA,NA,NA,17.67709558531
2017,9,21,R1,4,SCAM,1,11,115,5.8,6.1,103,5.7,4.2,73,2.8,3.2,102,4.5,3.3,126,4.1,4.1,125,3.5,3.5,133,4.1,4.9,135,4.4,4.5,12.391508763122014
2017,9,21,R1,4,SCRO,1,4,106,3.6,2.3,156,3.9,4.2,157,6.7,5.8,151,5.3,4,NA,NA,NA,NA,NA,NA,NA,NA,NA,NA,NA,NA,21.0840503083829
2017,9,21,R1,4,SPAL,1,9,77,3,NA,92,3.5,NA,90,3.7,NA,92,4.9,NA,69,2.5,NA,37,1,NA,110,3.6,NA,82,2.5,NA,13.947104101508595
2017,9,21,R1,4,TYAN,1,8,103,9.7,7.4,160,3.5,3.6,177,12.2,8.9,135,10.5,3.5,173,11.6,8.5,210,14.6,12.9,177,9.2,8.8,178,12.9,7.5,46.89888901159
2017,9,21,R1,5,HIMO,1,3,180,17.2,13,186,13.2,11.1,175,11.4,10.8,NA,NA,NA,NA,NA,NA,NA,NA,NA,NA,NA,NA,NA,NA,NA,73.71281779420677
2017,9,21,R1,5,PEVI,1,19,18,7,NA,22,2.8,NA,7,1.8,NA,23,0.6,NA,22,2.6,NA,7,5.1,NA,30,3.9,NA,11,4.2,NA,5.863854903916802
2017,9,21,R1,5,SCRO,1,1,174,8.9,3.6,NA,NA,NA,NA,NA,NA,NA,NA,NA,NA,NA,NA,NA,NA,NA,NA,NA,NA,NA,NA,NA,8.475452193293313
2017,9,21,R1,5,TYAN,1,1,182,9.6,5.2,NA,NA,NA,NA,NA,NA,NA,NA,NA,NA,NA,NA,NA,NA,NA,NA,NA,NA,NA,NA,NA,4.49599689626
2017,9,21,R2,1,SCRO,1,4,107,3.4,2.4,97,3.9,2.4,180,4.2,3,52,4.1,NA,NA,NA,NA,NA,NA,NA,NA,NA,NA,NA,NA,NA,13.56306675418858
2017,9,21,R2,1,SYTE,1,3,68,2,1.1,81,1.5,0.5,75,1.2,0.4,NA,NA,NA,NA,NA,NA,NA,NA,NA,NA,NA,NA,NA,NA,NA,2.1138104044651413
2017,9,21,R2,3,SPAL,1,14,98,4.8,NA,59,3.5,NA,74,1.5,NA,85,1.8,NA,82,3.7,NA,93,2.9,NA,99,4.1,NA,98,5,NA,23.55836167798828
2017,9,21,R2,4,SPAL,1,1,127,2.4,NA,NA,NA,NA,NA,NA,NA,NA,NA,NA,NA,NA,NA,NA,NA,NA,NA,NA,NA,NA,NA,NA,5.279943253724932
2017,9,21,R2,5,HIMO,1,5,83,4,3.5,116,5.8,3.5,108,5.3,4.1,141,7.7,3.8,136,7.6,5.4,NA,NA,NA,NA,NA,NA,NA,NA,NA,23.37487073808767
2017,9,21,R3,1,SCRO,1,24,101,6.5,5,107,5.5,3.5,96,5.3,4.1,116,4.9,3.6,116,5.4,3.5,136,6.6,4.3,114,4.9,3,142,6,4.5,71.51952672732821
2017,9,21,R3,1,SPAL,1,52,117,5.1,NA,105,5.2,NA,109,6.3,4.4,94,4.8,NA,76,5.9,NA,97,4.6,NA,63,3,NA,119,4.2,NA,136.70360221537547
2017,9,21,R3,2,SCRO,1,5,140,3.5,3.9,105,3.3,3,121,6.5,6,133,4.3,4,58,3.1,NA,NA,NA,NA,NA,NA,NA,NA,NA,NA,14.811175618826592
2017,9,21,R3,2,SPAL,1,2,86,5,NA,77,4.1,NA,NA,NA,NA,NA,NA,NA,NA,NA,NA,NA,NA,NA,NA,NA,NA,NA,NA,NA,2.6724482171601904
2017,9,21,R3,2,SYTE,1,12,87,1.3,0.4,68,0.8,0.6,47,0.3,0.1,48,1.1,NA,63,1.1,0.6,39,0.9,NA,9,0.3,NA,47,0.8,0.4,6.218052216212471
2017,9,21,R3,3,KOVI,1,7,151,6.9,5.2,146,8.1,6.2,133,6.1,4.9,106,5.4,3.8,126,6.1,4.8,64,3.5,1.8,138,6.5,4.3,NA,NA,NA,57.98068064915347
2017,9,21,R3,3,PLOD,1,3,61,2.5,2.3,28,2.3,NA,16,1.5,NA,NA,NA,NA,NA,NA,NA,NA,NA,NA,NA,NA,NA,NA,NA,NA,1.7802041921287273
2017,9,21,R3,3,SYTE,1,7,26,0.8,NA,33,1.2,NA,39,0.9,NA,33,1.6,NA,31,1,NA,80,2.6,12,29,0.8,NA,NA,NA,NA,65.6119420249399
2017,9,21,R3,4,AMCA,1,2,101,6,5.2,98,3.1,2.1,NA,NA,NA,NA,NA,NA,NA,NA,NA,NA,NA,NA,NA,NA,NA,NA,NA,NA,2.8602748404046734
2017,9,21,R3,4,HIMO,1,1,107,6.5,4.2,NA,NA,NA,NA,NA,NA,NA,NA,NA,NA,NA,NA,NA,NA,NA,NA,NA,NA,NA,NA,NA,4.139639389260136
2017,9,21,R3,4,KOVI,1,4,92,4.4,3.6,92,5.7,4.6,92,5.3,3.7,115,5.4,4,NA,NA,NA,NA,NA,NA,NA,NA,NA,NA,NA,NA,16.606358835272125
2017,9,21,R3,4,PLOD,1,1,15,1.5,NA,NA,NA,NA,NA,NA,NA,NA,NA,NA,NA,NA,NA,NA,NA,NA,NA,NA,NA,NA,NA,NA,0.2792405729675413
2017,9,21,R3,5,AMCA,1,1,103,3.4,3,NA,NA,NA,NA,NA,NA,NA,NA,NA,NA,NA,NA,NA,NA,NA,NA,NA,NA,NA,NA,NA,1.185785945636466
2017,9,21,R3,5,HIMO,1,2,122,4.8,5.1,117,7.7,5.9,NA,NA,NA,NA,NA,NA,NA,NA,NA,NA,NA,NA,NA,NA,NA,NA,NA,NA,13.889065608135049
2017,9,21,R3,5,KOVI,1,7,110,7,4.6,123,6.6,5.2,187,5.5,3.4,117,8.5,5.8,99,6.3,4.3,85,5.2,4.4,109,6.1,6,NA,NA,NA,56.81333860543908
2017,9,21,R3,5,SOSE,1,3,119,4.3,4.4,105,5.9,3.1,101,3.8,3.2,NA,NA,NA,NA,NA,NA,NA,NA,NA,NA,NA,NA,NA,NA,NA,24.91139204474588
2017,9,21,R3,5,SYTE,1,1,60,1.6,1.1,NA,NA,NA,NA,NA,NA,NA,NA,NA,NA,NA,NA,NA,NA,NA,NA,NA,NA,NA,NA,NA,0.6294428789275751
2017,9,20,S1,1,MOCE,1,3,147,39.5,14.3,77,13.6,7.7,76,6.2,5.7,NA,NA,NA,NA,NA,NA,NA,NA,NA,NA,NA,NA,NA,NA,NA,177.77273278441018
2017,9,20,S1,1,RHRA,1,1,NA,NA,NA,NA,NA,NA,NA,NA,NA,NA,NA,NA,NA,NA,NA,NA,NA,NA,NA,NA,NA,NA,NA,NA,NA
2017,9,20,S1,1,SMRO,1,4,38,3,NA,32,2.9,NA,65,4,NA,26,4.4,NA,49,3.9,1.7,NA,NA,NA,NA,NA,NA,NA,NA,NA,2.6337880823327233
2017,9,20,S1,1,SOSE,1,3,62,3,1.8,36,1.8,NA,25,1.1,NA,NA,NA,NA,NA,NA,NA,NA,NA,NA,NA,NA,NA,NA,NA,NA,5.57123476149079
2017,9,20,S1,2,SOSE,1,12,50,3.1,1.4,56,3.6,1.5,51,2.8,1.4,50,3.4,1,35,1.9,NA,55,2.9,1.3,59,3.9,1.9,53,2.7,1.8,24.864906970302464
2017,9,20,S1,3,SOSE,1,6,77,6.6,3.4,48,3.6,1.6,45,4.2,1.8,60,4.5,2,65,4.5,2.2,47,3.9,1.9,NA,NA,NA,NA,NA,NA,16.3996731413337
2017,9,20,S1,3,SYLA,1,1,43,1,1,NA,NA,NA,NA,NA,NA,NA,NA,NA,NA,NA,NA,NA,NA,NA,NA,NA,NA,NA,NA,NA,0.43333516382413423
2017,9,20,S1,4,IVFR,1,1,33,3.1,NA,NA,NA,NA,NA,NA,NA,NA,NA,NA,NA,NA,NA,NA,NA,NA,NA,NA,NA,NA,NA,NA,1.3940227051852716
2017,9,20,S1,4,IVFR,1,1,33,3.1,NA,NA,NA,NA,NA,NA,NA,NA,NA,NA,NA,NA,NA,NA,NA,NA,NA,NA,NA,NA,NA,NA,565.3098211970055
2017,9,20,S1,4,SOSE,1,7,100,5.7,3.5,71,3.4,1.8,38,4.5,NA,18,1.1,NA,22,2,NA,52,3,NA,48,2,NA,NA,NA,NA,19.022685280748913
2017,9,20,S1,5,JUCO,1,1,242,22,28.3,NA,NA,NA,NA,NA,NA,NA,NA,NA,NA,NA,NA,NA,NA,NA,NA,NA,NA,NA,NA,NA,37.69463304528993
2017,9,20,S2,1,KOVI,1,1,31,1,NA,NA,NA,NA,NA,NA,NA,NA,NA,NA,NA,NA,NA,NA,NA,NA,NA,NA,NA,NA,NA,NA,1.0662498722379323
2017,9,20,S2,1,SOSE,1,2,41,2.1,NA,49,2,NA,NA,NA,NA,NA,NA,NA,NA,NA,NA,NA,NA,NA,NA,NA,NA,NA,NA,NA,4.429970422253101
2017,9,20,S2,3,SCAM,1,21,137,4.1,3,104,3.9,3.8,110,4.9,3.7,95,3.4,2.2,110,3.8,2.5,123,3.3,3.3,90,3.8,3.2,87,3.8,2.8,16.4572084027366
2017,9,20,S2,4,SCAM,1,66,82,5.6,4.3,83,4,3.4,80,3.4,3.2,100,4,4,73,3.2,3,110,3.5,3.5,110,3.6,3.5,83,3.8,3.2,43.134698787331416
2017,9,20,S2,4,SOSE,1,4,95,4.7,2.9,89,3.8,2.8,78,4.3,3.6,69,4.7,2.2,NA,NA,NA,NA,NA,NA,NA,NA,NA,NA,NA,NA,18.81363931245752
2017,9,20,S2,5,SCAM,1,76,109,3.8,3.1,99,3.9,3.8,102,5.1,3.8,82,4.2,2.5,100,5.1,3,88,5,3.5,133,6.8,4.7,97,4.8,3.8,60.52630948395404
2017,9,20,S2,6,PLOD,1,4,40,3.4,NA,34,2.9,NA,33,1.1,NA,55,6.9,3.5,NA,NA,NA,NA,NA,NA,NA,NA,NA,NA,NA,NA,3.238662258519369
2017,9,20,S2,6,SCAM,1,2,106,5,5,103,5,3.9,NA,NA,NA,NA,NA,NA,NA,NA,NA,NA,NA,NA,NA,NA,NA,NA,NA,NA,1.9925566009489728
2017,9,20,S2,6,SPCY,1,3,110,6,2,260,12.9,10,178,11.2,6.5,NA,NA,NA,NA,NA,NA,NA,NA,NA,NA,NA,NA,NA,NA,NA,61.4760874800254
2017,9,20,S2,6,TYAN,1,7,134,7,5.5,112,6.9,NA,129,3.5,NA,80,2.2,NA,123,7.7,NA,84,3.3,NA,95,6,NA,NA,NA,NA,25.60491755917776
2017,9,20,S3,1,SCRO,1,5,101,5.7,3.8,114,5,5.9,111,3.3,2.5,103,3.9,2.8,110,3.5,2.6,NA,NA,NA,NA,NA,NA,NA,NA,NA,11.817249414400862
2017,9,20,S3,1,SPAL,1,72,93,7.4,NA,102,10,NA,113,8.4,NA,113,7.2,NA,78,7.5,NA,125,6.2,NA,121,7.2,NA,119,8.4,NA,243.59375823416215
2017,9,20,S3,1,SPCY,1,5,185,9.7,6.5,153,8,3,173,5.5,4.2,98,5.5,2.5,146,4.1,2.8,NA,NA,NA,NA,NA,NA,NA,NA,NA,43.908028657240266
2017,9,20,S3,2,PLOD,1,1,43,3.6,0.3,NA,NA,NA,NA,NA,NA,NA,NA,NA,NA,NA,NA,NA,NA,NA,NA,NA,NA,NA,NA,NA,0.309109702753084
2017,9,20,S3,2,SCAM,1,9,101,6.5,5.5,115,6,5,130,4.6,4.6,119,6.2,5.5,135,6.5,5,131,5.8,5,110,5,4.5,111,4.4,3.3,11.716653568192266
2017,9,20,S3,3,ATPA,1,1,70,1.4,0.8,NA,NA,NA,NA,NA,NA,NA,NA,NA,NA,NA,NA,NA,NA,NA,NA,NA,NA,NA,NA,NA,0.3758880232995859
2017,9,20,S3,3,SOSE,1,7,98,5,3.5,66,1.6,1.5,53,3.5,2.3,52,5,2.3,58,5.4,4,67,6.4,4.5,84,4.3,4,NA,NA,NA,29.27950339250745
2017,9,20,S3,4,SCAM,1,23,121,5.6,5,131,6.9,5.9,129,6.7,5.9,134,6,4.9,119,5.3,4.9,127,4.9,4.5,128,4.7,4.6,118,5.1,4.5,33.654336097177094
2017,9,20,S3,4,SCRO,1,6,123,3.9,3.8,140,3.8,3.8,123,3.7,3.6,152,6.6,4.5,132,5.7,3.9,107,4.8,3.1,NA,NA,NA,NA,NA,NA,23.673201465479707
2017,9,20,S3,5,SCAM,1,10,194,4.4,4,141,5.6,4.4,116,4,3,129,3.9,3.1,122,3.8,3,78,3.1,2.9,115,4.1,3.6,126,3.6,3,11.998524339608721
2017,9,20,S3,5,SCRO,1,18,127,5,3.5,114,3.1,2.6,132,4,2.8,145,3.9,3.5,165,6,3.9,155,4.7,3.8,188,5.2,4.9,178,5.6,4.5,110.23074387793157
2017,9,20,S3,5,SPAL,1,5,139,8.2,NA,130,7,NA,118,8.9,NA,123,9.9,NA,96,7.5,NA,NA,NA,NA,NA,NA,NA,NA,NA,NA,23.852549711491193
2018,10,2,G1,1,AMCA,1,1,213,19.2,14,NA,NA,NA,NA,NA,NA,NA,NA,NA,NA,NA,NA,NA,NA,NA,NA,NA,NA,NA,NA,NA,30.188250729811106
2018,10,2,G1,1,ATPA,1,1,124,4.8,4.3,NA,NA,NA,NA,NA,NA,NA,NA,NA,NA,NA,NA,NA,NA,NA,NA,NA,NA,NA,NA,NA,7.382414702792902
2018,10,2,G1,1,POHY,1,1,53,1.6,1.1,NA,NA,NA,NA,NA,NA,NA,NA,NA,NA,NA,NA,NA,NA,NA,NA,NA,NA,NA,NA,NA,0.45550408689284166
2018,10,2,G1,1,SCRO,1,9,172,8.1,6.5,150,7.1,5.3,112,3,3.7,141,3.9,3.8,165,9.2,6,147,6.8,4.1,152,6.9,5.1,108,8.5,4.1,49.0013007788695
2018,10,1,G1,1,SPAL,1,4,126,4.1,NA,67,1.1,NA,67,1.8,NA,100,2.2,NA,NA,NA,NA,NA,NA,NA,NA,NA,NA,NA,NA,NA,9.087253787017946
2018,10,2,G1,1,SPCY,1,54,143,8.2,5.1,151,5.4,4,168,8.8,5.3,221,8.3,6.9,152,8.1,5.2,185,7.7,6,176,5.7,4.5,172,4.3,3.9,622.7250902470389
2018,10,2,G1,1,SYTE,1,4,88,3.2,2.8,120,3.2,2,78,2.2,1.8,84,2.3,1.1,NA,NA,NA,NA,NA,NA,NA,NA,NA,NA,NA,NA,6.730350905072582
2018,10,2,G1,2,KOVI,1,2,51,1.1,0.6,15,0.2,NA,NA,NA,NA,NA,NA,NA,NA,NA,NA,NA,NA,NA,NA,NA,NA,NA,NA,NA,1.3043186584026307
2018,10,2,G1,2,POHY,1,1,50,4,2.9,NA,NA,NA,NA,NA,NA,NA,NA,NA,NA,NA,NA,NA,NA,NA,NA,NA,NA,NA,NA,NA,1.503862366944294
2018,10,2,G1,2,SOSE,1,5,68,5.1,3.6,22,2.8,NA,17,0.2,NA,32,0.3,NA,NA,NA,NA,NA,NA,NA,NA,NA,NA,NA,NA,NA,9.882382041373852
2018,10,2,G1,3,KOVI,1,1,19,0.3,NA,NA,NA,NA,NA,NA,NA,NA,NA,NA,NA,NA,NA,NA,NA,NA,NA,NA,NA,NA,NA,NA,0.7990399775395681
2018,10,2,G1,3,SOSE,1,23,72,5.3,3.2,89,5.5,4.3,47,3.9,1.2,72,5,4.6,75,6,3,92,4.3,3,65,6.1,1.4,82,5.7,2.8,100.87197850860812
2018,10,2,G1,7,AMCA,1,1,95,3,1.4,NA,NA,NA,NA,NA,NA,NA,NA,NA,NA,NA,NA,NA,NA,NA,NA,NA,NA,NA,NA,NA,0.6604627719797377
2018,10,2,G1,7,ATPA,1,2,90,1.4,1.1,90,0.8,0.8,NA,NA,NA,NA,NA,NA,NA,NA,NA,NA,NA,NA,NA,NA,NA,NA,NA,NA,1.158822644273625
2018,10,2,G1,7,IVFR,1,1,84,4,3.1,NA,NA,NA,NA,NA,NA,NA,NA,NA,NA,NA,NA,NA,NA,NA,NA,NA,NA,NA,NA,NA,9.582751594976397
2018,10,2,G1,7,IVFR,1,1,84,4,3.1,NA,NA,NA,NA,NA,NA,NA,NA,NA,NA,NA,NA,NA,NA,NA,NA,NA,NA,NA,NA,NA,274.77991067680665
2018,10,2,G1,7,POHY,1,5,98,4.2,4.7,60,1.2,1,113,1.6,2.2,52,1.7,1.5,74,0.7,0.8,NA,NA,NA,NA,NA,NA,NA,NA,NA,76.209736920886
2018,10,2,G1,7,SCAM,1,58,143,5.8,4.3,74,7,5.4,82,5.3,4.3,156,5.6,5.8,110,5.8,5.2,99,3.8,3,134,5.8,5.2,108,6.3,5.2,73.09951356391771
2018,10,2,G1,7,SCAM,1,58,143,5.8,4.3,74,7,5.4,82,5.3,4.3,156,5.6,5.8,110,5.8,5.2,99,3.8,3,134,5.8,5.2,108,6.3,5.2,75.33604653989106
2018,10,2,G1,7,SCAM,1,108,105,5,3.8,84,4,5.1,65,2.5,3.2,85,4.6,4.6,90,6.8,4.4,102,4.5,4.4,70,3.5,3,92,2.9,3.2,73.09951356391771
2018,10,2,G1,7,SCAM,1,108,105,5,3.8,84,4,5.1,65,2.5,3.2,85,4.6,4.6,90,6.8,4.4,102,4.5,4.4,70,3.5,3,92,2.9,3.2,75.33604653989106
2018,10,2,G1,8,KOVI,1,1,49,1.1,1,NA,NA,NA,NA,NA,NA,NA,NA,NA,NA,NA,NA,NA,NA,NA,NA,NA,NA,NA,NA,NA,0.6334844662769179
2018,10,2,G1,8,PADI,1,18,89,2.1,2,154,3.8,3.4,119,2.5,2.2,135,2.4,1.9,153,3.5,3.6,121,2.5,2.3,148,3.2,2.5,137,2.8,2.3,74.946702840792355
2018,10,2,G1,8,SCAM,1,96,82,3.8,3.1,95,4,4,96,5,4.6,80,4.5,4.5,63,4,3.9,96,4,3.5,95,5.6,4.4,93,4,4,67.46727335244749
2018,10,2,G1,9,KOVI,1,1,32,1,NA,NA,NA,NA,NA,NA,NA,NA,NA,NA,NA,NA,NA,NA,NA,NA,NA,NA,NA,NA,NA,NA,1.0921941996296345
2018,10,2,G1,9,SCAM,1,59,95,5,4.1,82,5.2,4.9,85,6.8,6,80,5.8,4.9,86,6.6,5,89,5,4.1,86,4.5,5.3,59,4,3.3,46.262689099589345
2018,10,2,G1,9,SOSE,1,4,81,4.3,2.4,30,2.1,NA,73,7.1,2.9,87,5.4,4.3,NA,NA,NA,NA,NA,NA,NA,NA,NA,NA,NA,NA,16.109909344945425
2018,10,2,G1,10,AMCA,1,3,154,8.2,7.7,163,6,6.2,130,3.4,2.9,NA,NA,NA,NA,NA,NA,NA,NA,NA,NA,NA,NA,NA,NA,NA,16.27228066422869
2018,10,2,G1,10,KOVI,1,11,166,11.6,7.3,149,8,5.8,111,5.9,4.3,172,9.2,9.2,170,12,8.4,141,8.9,6.9,143,11.2,8.3,156,11.3,11.2,234.03683466032487
2018,10,2,G1,10,POHY,1,5,92,1.2,1.6,42,0.8,NA,130,3.6,3.6,108,2,2.7,99,1.1,0.8,NA,NA,NA,NA,NA,NA,NA,NA,NA,157.15735412925463
2018,10,2,G1,10,SCRO,1,6,153,4.3,4.5,161,5.4,5.3,154,5.4,5.4,134,5.8,3.4,74,9.5,5.4,162,7.9,6,NA,NA,NA,NA,NA,NA,31.898081316541415
2018,10,2,G1,10,SPCY,1,8,140,9,6.1,74,1.3,1.4,154,6.5,4.1,189,4.1,4,127,4.6,3.9,138,6.1,4.2,153,9,5.6,136,8,6.8,69.05682574822367
2018,10,2,G1,11,AMCA,1,5,82,4.1,1.3,219,17,14.4,111,9,4.1,117,4.4,3,159,9.2,6.2,NA,NA,NA,NA,NA,NA,NA,NA,NA,42.13797429912559
2018,10,2,G1,11,KOVI,1,1,100,3.6,1.9,NA,NA,NA,NA,NA,NA,NA,NA,NA,NA,NA,NA,NA,NA,NA,NA,NA,NA,NA,NA,NA,2.4759608428094952
2018,10,2,G1,11,SCAM,1,165,151,8.9,6.4,122,5,5,137,5.7,4.2,123,6.1,6.1,150,7.9,6.7,99,5.1,4.9,147,7.3,7.4,122,5.2,4.1,288.52540835641105
2018,10,1,G1,12,AMCA,1,2,84,1.1,1,83,4,2.7,NA,NA,NA,NA,NA,NA,NA,NA,NA,NA,NA,NA,NA,NA,NA,NA,NA,NA,1.1961609955336185
2018,10,1,G1,12,KOVI,1,1,63,3.2,2.3,NA,NA,NA,NA,NA,NA,NA,NA,NA,NA,NA,NA,NA,NA,NA,NA,NA,NA,NA,NA,NA,1.3068003257267649
2018,10,1,G1,12,SCAM,1,78,140,6,6,139,5.9,4.9,74,5,3.3,124,5,5.1,116,5.6,4.9,122,5.5,5.1,124,5.9,5.5,123,5,3.8,106.03190471664135
2018,10,1,G1,12,SOSE,1,1,103,5,3.5,NA,NA,NA,NA,NA,NA,NA,NA,NA,NA,NA,NA,NA,NA,NA,NA,NA,NA,NA,NA,NA,7.282107772116468
2018,10,1,G1,13,AMCA,1,1,141,10.1,9,NA,NA,NA,NA,NA,NA,NA,NA,NA,NA,NA,NA,NA,NA,NA,NA,NA,NA,NA,NA,NA,8.371089137578727
2018,10,1,G1,13,SCAM,1,36,55,9.8,7.6,44,8.5,6.5,111,9,9.1,120,10.9,8.4,159,7.9,6.5,152,8.2,6.8,124,9.1,8,128,4.6,4.8,68.82641151083367
2018,10,1,G1,14,SCAM,1,110,95,7.1,5,93,5.8,3.9,92,6,4.7,123,6.6,5.4,104,6,5.5,110,6.1,5,107,3.6,3.6,64,4.5,4,107.47619062227889
2018,10,1,G1,15,ATPA,1,1,76,1,1.1,NA,NA,NA,NA,NA,NA,NA,NA,NA,NA,NA,NA,NA,NA,NA,NA,NA,NA,NA,NA,NA,0.4908460021174474
2018,10,1,G1,15,IVFR,1,1,105,4.6,4,NA,NA,NA,NA,NA,NA,NA,NA,NA,NA,NA,NA,NA,NA,NA,NA,NA,NA,NA,NA,NA,18.14808110068888
2018,10,1,G1,15,SCAM,1,153,101,2,1.8,123,3.9,3.5,116,4.9,4.2,111,4.9,4.1,114,4.2,3.8,115,4.1,4.1,121,5.4,4.3,135,3.7,4.4,160.9203219593414
2018,10,1,G1,16,ATPA,1,1,45,0.5,0.2,NA,NA,NA,NA,NA,NA,NA,NA,NA,NA,NA,NA,NA,NA,NA,NA,NA,NA,NA,NA,NA,0.17881807151626758
2018,10,1,G1,16,SCAM,1,202,110,4.2,4,59,4.2,2,126,3.6,3.7,77,4.1,3.7,137,6,5.6,124,4,4,122,5.6,6.9,133,5,4.6,233.15729531909653
2018,10,1,G1,17,SCAM,1,283,107,4.7,4,87,3.7,3.2,109,4.4,3.2,107,3.7,3.6,97,3.9,3.2,102,4.7,4.2,104,4.3,3.9,117,4.1,3.5,232.6402785711366
2018,10,1,G1,18,SCAM,1,175,107,5,4.4,109,4.1,3.3,95,5,4,109,5.2,4.1,97,3,2.9,107,3.8,3.6,64,3.2,3,115,4.8,4.9,145.50447618841105
2018,10,1,G1,19,SCAM,1,218,95,4.8,4,90,4.1,4.8,114,4.1,2.8,100,3.5,3.8,110,4.5,4.5,81,4,4,85,5.1,4.4,94,6,4.9,180.85529984914132
2018,10,1,G1,20,PLOD,1,3,32,3.9,NA,30,1,NA,13,0.9,NA,NA,NA,NA,NA,NA,NA,NA,NA,NA,NA,NA,NA,NA,NA,NA,1.1588086985868582
2018,10,1,G1,20,SCRO,1,1,68,5,1.9,NA,NA,NA,NA,NA,NA,NA,NA,NA,NA,NA,NA,NA,NA,NA,NA,NA,NA,NA,NA,NA,0.7313726977594781
2018,10,1,G1,20,TYAN,1,38,203,9,6.2,211,13.2,9.1,187,9,5.9,226,11.7,9.6,121,8.2,5.5,183,9.8,6,232,12.2,9.5,207,9.9,6,228.43758522422502
2018,10,2,G2,1,KOVI,1,4,121,7.6,5.5,142,9.9,9.6,189,14.2,10.3,125,5.5,5.2,NA,NA,NA,NA,NA,NA,NA,NA,NA,NA,NA,NA,82.41790183057918
2018,10,1,G2,6,AMCA,1,1,91,4.2,3.5,NA,NA,NA,NA,NA,NA,NA,NA,NA,NA,NA,NA,NA,NA,NA,NA,NA,NA,NA,NA,NA,1.0722091004312242
2018,10,1,G2,6,KOVI,1,2,254,17.5,20.9,198,11.6,9,NA,NA,NA,NA,NA,NA,NA,NA,NA,NA,NA,NA,NA,NA,NA,NA,NA,NA,104.56803197016366
2018,10,1,G2,6,POHY,1,2,107,1.8,2,84,1.8,1.8,NA,NA,NA,NA,NA,NA,NA,NA,NA,NA,NA,NA,NA,NA,NA,NA,NA,NA,21.552304793666618
2018,10,1,G2,6,SCAM,1,2,154,7.6,5.6,152,6.5,7,NA,NA,NA,NA,NA,NA,NA,NA,NA,NA,NA,NA,NA,NA,NA,NA,NA,NA,4.693806116523119
2018,10,1,G2,6,SCRO,1,10,67,4.3,3.5,171,6.1,5.5,108,5.9,6,167,4,3.9,198,4.9,4.3,203,4.8,4.8,210,7,5.9,174,3.9,3.5,85.4667184966689
2018,10,1,G2,7,SCAM,1,211,133,7.6,6.5,86,5.7,2.6,148,8.5,5.6,103,5,5,121,4.6,4.1,115,4.9,5.1,137,6.1,5.1,150,6.9,5.6,310.44952220907294
2018,10,1,G2,7,SOSE,1,1,175,6.4,5.1,NA,NA,NA,NA,NA,NA,NA,NA,NA,NA,NA,NA,NA,NA,NA,NA,NA,NA,NA,NA,NA,32.257069302546135
2018,10,1,G2,8,SCAM,1,175,103,4.7,3.8,80,4.5,4.5,123,4.1,4.1,94,6.2,4.6,96,4.8,3.8,105,5.5,3.8,190,5.6,4,104,5.9,4,190.93291992825766
2018,10,1,G2,8,SOSE,1,71,68,4,2,81,4.4,3.6,48,4.5,NA,37,2.9,NA,50,2.2,NA,39,1,NA,52,3,NA,NA,NA,NA,197.33450002138412
2018,10,1,G2,9,SCAM,1,63,67,4.2,4.6,69,3.1,3,89,3.9,2.8,99,4.1,3.4,70,3.5,3.5,103,4.6,4.2,76,4.2,3.8,84,2.9,2.1,35.13300292303558
2018,10,1,G2,9,SOSE,1,5,57,5.9,4,55,3.4,NA,37,0.6,NA,31,1.5,NA,57,2.9,NA,NA,NA,NA,NA,NA,NA,NA,NA,NA,13.114934058994177
2018,10,1,G3,3,IVFR,1,1,69,4.2,2.1,NA,NA,NA,NA,NA,NA,NA,NA,NA,NA,NA,NA,NA,NA,NA,NA,NA,NA,NA,NA,NA,5.212127730242569
2018,10,1,G3,3,IVFR,1,1,69,4.2,2.1,NA,NA,NA,NA,NA,NA,NA,NA,NA,NA,NA,NA,NA,NA,NA,NA,NA,NA,NA,NA,NA,141.48286228151136
2018,10,1,G3,3,KOVI,1,3,47,2.4,0.8,85,4.3,2.5,50,2.1,1.4,NA,NA,NA,NA,NA,NA,NA,NA,NA,NA,NA,NA,NA,NA,NA,3.4570582173883375
2018,10,1,G3,3,POHY,1,2,106,2.1,2.4,110,3.2,2.3,NA,NA,NA,NA,NA,NA,NA,NA,NA,NA,NA,NA,NA,NA,NA,NA,NA,NA,43.74386819084302
2018,10,1,G3,3,SOSE,1,4,98,6,6.1,98,6.4,6.1,95,9,5.5,64,5.5,2.5,NA,NA,NA,NA,NA,NA,NA,NA,NA,NA,NA,NA,36.233890051285
2018,10,1,G3,4,IVFR,1,5,71,NA,2,42,NA,NA,50,NA,0.3,38,NA,NA,44,NA,NA,NA,NA,NA,NA,NA,NA,NA,NA,NA,13.166635811363065
2018,10,1,G3,4,KOVI,1,2,56,2.6,1.4,93,4,1.1,NA,NA,NA,NA,NA,NA,NA,NA,NA,NA,NA,NA,NA,NA,NA,NA,NA,NA,2.5712211967539633
2018,10,1,G3,4,PADI,1,22,158,6,3.2,90,2.2,2,99,3.8,2.5,95,3.4,3.2,155,8,5.9,194,7.5,5.1,145,6.4,4.8,162,5.8,3.5,115.56592119540277
2018,10,1,G3,4,POHY,1,5,101,4.1,3.6,99,2.7,2.5,100,3.9,3.6,101,3.4,2,99,2,1.5,NA,NA,NA,NA,NA,NA,NA,NA,NA,93.31484058659231
2018,10,1,G3,4,SOSE,1,13,113,4,3.1,97,6.1,4.2,112,3,3.1,112,6.4,2.5,102,6.6,4.5,124,4.6,3.7,96,4,3.3,97,6.4,4.3,103.43975246629633
2018,10,1,G3,4,SYTE,1,3,110,6,4.4,130,5.8,4.9,88,3.3,3.3,NA,NA,NA,NA,NA,NA,NA,NA,NA,NA,NA,NA,NA,NA,NA,13.370877202379596
2018,10,1,G3,5,KOVI,1,5,157,11.6,9.2,157,12.5,9.8,37,0.6,NA,33,1.6,NA,56,1.3,0.5,NA,NA,NA,NA,NA,NA,NA,NA,NA,59.272020500029456
2018,10,1,G3,5,PADI,1,3,57,4.3,2.6,74,6.4,3.4,83,4.5,2.6,NA,NA,NA,NA,NA,NA,NA,NA,NA,NA,NA,NA,NA,NA,NA,2.5838618285435984
2018,10,1,G3,5,POHY,1,8,92,1.9,1.4,78,0.9,1.4,58,1,0.8,71,3.1,1.2,53,1.6,1,81,1.5,1.7,79,3.9,2.1,90,3,1.9,23.837055373804105
2018,10,1,G3,5,SOSE,1,3,71,3.1,2.3,106,6,4.8,49,1,NA,NA,NA,NA,NA,NA,NA,NA,NA,NA,NA,NA,NA,NA,NA,NA,15.88882101808995
2018,10,1,G3,5,SPCY,1,12,200,7.9,6.1,141,5.8,3.8,175,8.1,6.1,133,3,4.4,143,4,4,144,4.6,2.6,138,8,5.6,170,6.6,5,117.79448809412332
2018,10,1,G3,6,KOVI,1,1,47,1.2,1,NA,NA,NA,NA,NA,NA,NA,NA,NA,NA,NA,NA,NA,NA,NA,NA,NA,NA,NA,NA,NA,0.60599399633491
2018,10,1,G3,6,POHY,1,1,60,5,2.5,NA,NA,NA,NA,NA,NA,NA,NA,NA,NA,NA,NA,NA,NA,NA,NA,NA,NA,NA,NA,NA,1.8780919664355007
2018,10,1,G3,6,SPCY,1,47,280,11.9,6.7,233,9.4,5.3,108,2.8,2.9,299,10.9,8.5,199,13.5,8.6,277,10.6,8.1,118,3.5,3.5,220,8.3,5.3,1055.3827935441595
2018,10,4,R1,1,SCRO,1,22,112,5.2,2.5,107,3.9,2.5,130,4.9,3.3,133,5.4,3.2,125,4.9,1.8,114,3,2.1,120,4.6,3.8,136,3.6,2.9,71.9247111636399
2018,10,4,R1,1,SPAL,1,108,87,3.5,NA,80,1.2,NA,85,3.5,NA,102,3.3,3.1,8.3,1.3,NA,82,1.7,NA,78,2.2,NA,83,1,NA,149.2162690794882
2018,10,4,R1,1,SYTE,1,3,82,2.1,1.2,80,1.7,1.8,47,1.5,0.5,NA,NA,NA,NA,NA,NA,NA,NA,NA,NA,NA,NA,NA,NA,NA,2.5757007186496432
2018,10,4,R1,2,AMCA,1,1,100,5.5,4.1,NA,NA,NA,NA,NA,NA,NA,NA,NA,NA,NA,NA,NA,NA,NA,NA,NA,NA,NA,NA,NA,1.4871905006517339
2018,10,4,R1,2,SCRO,1,18,108,4.6,4.2,137,7,5,135,4.2,3.5,136,3.7,3.8,143,3.9,3.3,152,4.6,3,154,5,4,118,3.6,3,79.56140049424289
2018,10,4,R1,2,SPAL,1,38,78,2.1,NA,80,1.5,NA,89,1.8,NA,104,3.5,1.6,128,6.7,4.6,72,2.9,NA,85,3.1,NA,91,4.6,1.5,77.84318432919905
2018,10,4,R1,2,SYTE,1,2,53,3.6,3.2,67,1.9,1.3,NA,NA,NA,NA,NA,NA,NA,NA,NA,NA,NA,NA,NA,NA,NA,NA,NA,NA,2.2197778013145393
2018,10,4,R1,2,TYAN,1,2,137,9.8,5.2,190,18.1,10.6,NA,NA,NA,NA,NA,NA,NA,NA,NA,NA,NA,NA,NA,NA,NA,NA,NA,NA,12.07994038361
2018,10,4,R1,3,SCAM,1,3,127,8,5.5,123,5.8,5.6,86,3.1,2.8,NA,NA,NA,NA,NA,NA,NA,NA,NA,NA,NA,NA,NA,NA,NA,3.6355479100475394
2018,10,4,R1,3,SCRO,1,38,156,4.7,4.8,140,4.2,3.5,148,5.3,3.7,144,7.1,4.7,101,5.7,4.1,150,7.2,4.5,126,7,4,137,4.6,4.2,178.5642451846234
2018,10,4,R1,3,SPAL,1,12,74,5,NA,98,5.8,NA,101,4,NA,34,3.1,NA,71,3.5,NA,51,2.8,NA,79,3.1,NA,68,3.5,NA,13.648069867419174
2018,10,4,R1,3,TYAN,1,4,192,14.7,12.6,108,13.6,11.2,192,12.3,3.8,154,12.3,9.2,NA,NA,NA,NA,NA,NA,NA,NA,NA,NA,NA,NA,26.29223457178
2018,10,4,R1,4,KOVI,1,2,35,1.5,NA,48,3.5,1.2,NA,NA,NA,NA,NA,NA,NA,NA,NA,NA,NA,NA,NA,NA,NA,NA,NA,NA,1.8374119608566177
2018,10,4,R1,4,SCAM,1,9,108,3.7,3.2,146,5.4,4.9,94,6.5,5.2,149,5.6,5.1,123,6,3.8,128,5.1,4.8,100,4.2,3.7,142,4.1,4.1,11.699120263143945
2018,10,4,R1,4,SCRO,1,6,203,5.2,5.4,173,6.2,4.1,176,8.5,5.2,112,5.9,2.6,182,7,4,151,6.5,4.2,NA,NA,NA,NA,NA,NA,49.096582265473586
2018,10,4,R1,4,SPAL,1,4,103,4.2,NA,40,3.6,NA,18,2,NA,121,4.2,NA,NA,NA,NA,NA,NA,NA,NA,NA,NA,NA,NA,NA,7.441130051073271
2018,10,4,R1,4,TYAN,1,9,203,13.9,8.9,141,17,12.2,218,8.1,7.5,186,12.2,8.5,189,12.5,8.9,164,11.9,7,222,13.5,10.3,211,8.1,7.5,62.0329139163225
2018,10,4,R1,5,HIMO,1,9,117,6.9,10.5,169,13.9,13.5,135,18.5,11.4,190,14.3,14.1,174,15.1,10.7,131,9.7,6.8,86,4.1,3.9,68,3.8,2.8,185.16454998239095
2018,10,4,R1,5,SCAM,1,2,163,5.9,4.6,173,7.4,6.6,NA,NA,NA,NA,NA,NA,NA,NA,NA,NA,NA,NA,NA,NA,NA,NA,NA,NA,4.988437964931807
2018,10,4,R1,5,TYAN,1,1,158,8.9,8.4,NA,NA,NA,NA,NA,NA,NA,NA,NA,NA,NA,NA,NA,NA,NA,NA,NA,NA,NA,NA,NA,6.125567869939999
2018,10,4,R2,1,SPAL,1,8,74,1.8,NA,72,2.1,NA,70,2.2,NA,92,3.2,1.5,90,5.6,3.2,90,2.9,1.4,75,4.5,NA,76,2.9,NA,10.605548702673648
2018,10,4,R2,3,SPAL,1,14,88,1.9,0.8,62,2,NA,82,2.1,NA,90,2,NA,94,3.5,2,42,2.2,NA,75,2.1,NA,78,1.2,NA,17.187501847563773
2018,10,4,R2,5,HIMO,1,3,116,6.8,3.7,144,5.9,3.6,105,4,3.5,NA,NA,NA,NA,NA,NA,NA,NA,NA,NA,NA,NA,NA,NA,NA,12.648268339765842
2018,10,4,R3,1,SCRO,1,12,147,5.6,4.6,143,6.1,4,44,7.1,NA,160,5,3.9,154,5.1,4.2,153,5.1,4.8,161,5.9,4.7,151,5.7,4.7,63.99930533969254
2018,10,4,R3,1,SPAL,1,29,76,3.2,1.9,133,3.2,3.1,87,3.8,1.6,130,4.1,3.4,93,3.6,2.3,109,5.3,3.8,102,5.1,4.4,101,2.8,2.8,87.49285958149422
2018,10,4,R3,2,HIMO,1,17,137,10.5,5.9,132,7.9,5.5,91,6,3.4,131,7.3,5,145,12.8,5.8,140,13.5,6.1,147,11,6.7,139,7.2,5.9,135.33533190084276
2018,10,4,R3,2,SCRO,1,2,108,7,3,165,4.5,4.5,92,5.3,3.7,115,5.4,4,NA,NA,NA,NA,NA,NA,NA,NA,NA,NA,NA,NA,7.091053289465107
2018,10,4,R3,2,SYTE,1,1,26,3.1,NA,NA,NA,NA,NA,NA,NA,NA,NA,NA,NA,NA,NA,NA,NA,NA,NA,NA,NA,NA,NA,NA,0.3862295102784695
2018,10,4,R3,3,HIMO,1,8,157,8.9,7,168,8.9,7.2,106,6.7,4.8,158,10.6,7.4,104,5,3.5,167,7.3,5.5,100,3.3,2.1,93,5.7,3,61.06598561101148
2018,10,4,R3,3,SCRO,1,6,163,5,4.5,136,5.1,3.8,188,6,5.4,153,5.6,4.2,156,5.3,3.4,49,3.7,NA,NA,NA,NA,NA,NA,NA,35.13232598620728
2018,10,4,R3,3,SYTE,1,6,39,2,NA,23,1,NA,70,1.6,1.1,77,3.9,1.3,82,1.1,0.9,120,3,2.8,NA,NA,NA,NA,NA,NA,6.72710970436448
2018,10,4,R3,4,HIMO,1,6,126,8.9,6.2,138,8.7,6.7,174,12.8,8.5,171,15.5,8.2,98,5.4,3.9,75,4,2,NA,NA,NA,NA,NA,NA,55.769983455297506
2018,10,4,R3,4,SCRO,1,4,139,6.8,3.8,120,5.9,3.8,128,5.1,4,107,3.8,3.5,NA,NA,NA,NA,NA,NA,NA,NA,NA,NA,NA,NA,13.77697686556171
2018,10,4,R3,5,HIMO,1,6,130,6.8,5.1,147,9.7,7.5,172,9.8,7,175,10.2,7.8,164,8.7,6.5,121,4.3,4,NA,NA,NA,NA,NA,NA,63.747080337238174
2018,10,4,R3,5,SCAM,1,3,166,4.1,4.2,171,3.5,3.2,147,3.9,3.7,NA,NA,NA,NA,NA,NA,NA,NA,NA,NA,NA,NA,NA,NA,NA,5.497561033219268
2018,10,4,R3,5,SCRO,1,3,102,3.4,1.9,173,4,3.5,135,2.9,3,NA,NA,NA,NA,NA,NA,NA,NA,NA,NA,NA,NA,NA,NA,NA,14.527092891727229
2018,10,4,R3,5,SOSE,1,3,89,2.1,1.8,81,2.5,1.4,57,2.9,0.9,NA,NA,NA,NA,NA,NA,NA,NA,NA,NA,NA,NA,NA,NA,NA,9.305135992149054
2018,10,3,S1,3,SOSE,1,7,85,6.4,4,65,3.6,2.6,65,5.8,3.6,60,5,3.1,57,6.1,2.8,16,1.7,NA,61,3.1,NA,NA,NA,NA,24.122318499356233
2018,10,3,S1,3,SYTE,1,6,59,1.2,1.1,73,1.1,1,83,2.6,1.9,63,1.8,1.2,67,1.4,1.1,73,1.6,1.1,NA,NA,NA,NA,NA,NA,4.938954438804634
2018,10,3,S1,4,IVFR,1,1,38,0.6,NA,NA,NA,NA,NA,NA,NA,NA,NA,NA,NA,NA,NA,NA,NA,NA,NA,NA,NA,NA,NA,NA,1.7271369579732059
2018,10,3,S1,4,IVFR,1,1,38,0.6,NA,NA,NA,NA,NA,NA,NA,NA,NA,NA,NA,NA,NA,NA,NA,NA,NA,NA,NA,NA,NA,NA,114.94275100690322
2018,10,3,S1,4,SOSE,1,11,70,5.1,4.9,63,6.6,0.9,62,6.1,NA,108,5,3.9,83,4.1,3,45,3.7,NA,41,2.8,NA,53,2.5,NA,43.7064532951908
2018,10,3,S1,4,SYTE,1,5,75,1.5,1,45,1.9,0.6,71,2.6,1,51,1.2,1.4,73,2.2,2.2,NA,NA,NA,NA,NA,NA,NA,NA,NA,3.792516773374625
2018,10,3,S2,1,KOVI,1,1,43,3.1,NA,NA,NA,NA,NA,NA,NA,NA,NA,NA,NA,NA,NA,NA,NA,NA,NA,NA,NA,NA,NA,NA,1.42281840959717
2018,10,3,S2,2,SOSE,1,6,20,1,NA,55,1.2,NA,68,1.9,NA,117,4.6,3.3,51,3.4,NA,26,2,NA,NA,NA,NA,NA,NA,NA,20.862753185920077
2018,10,3,S2,3,KOVI,1,2,32,1.8,NA,42,2.6,0.1,NA,NA,NA,NA,NA,NA,NA,NA,NA,NA,NA,NA,NA,NA,NA,NA,NA,NA,1.4871375741508144
2018,10,3,S2,3,SCAM,1,34,99,3.9,4.3,40,3.6,NA,118,3.6,3.3,115,4.1,3.5,101,4.2,3.1,83,4,4.2,102,4.5,3.5,45,4.5,2.8,22.502634496713124
2018,10,3,S2,4,SCAM,1,111,111,7,4.6,106,3.8,3.3,117,4.1,4,125,4,3.6,123,3.8,3.8,101,5,5.2,104,5,4.2,94,4.4,3.9,111.23072341178123
2018,10,3,S2,4,SOSE,1,9,84,2.5,1.8,79,3.5,1.9,91,3.1,2.4,83,4.1,2.3,72,2.8,1.8,45,2.7,NA,38,1.4,NA,91,3.7,2.8,31.894605907582232
2018,10,3,S2,5,SCAM,1,112,118,5.4,5.5,93,4.2,3.7,126,7.3,5.5,142,7.6,4.5,104,4.5,4.5,108,6.9,4.9,108,6.1,4.2,110,7,3.9,131.86334647812606
2018,10,3,S2,6,SCAM,1,13,93,5,5.2,161,4.4,4.4,126,5.9,4.9,115,4.8,3.7,139,6.1,5.5,112,6,1.8,42,3.8,1.1,104,6.1,5,14.646147334455927
2018,10,3,S2,6,SPAL,1,8,219,6,5.6,90,3.2,NA,59,4.4,NA,100,11,5.4,112,5.9,4.7,116,4,2.6,102,7.8,4.9,24,40,NA,35.36796069348901
2018,10,3,S2,6,TYAN,1,8,134,3.8,1.4,173,10.2,6.3,99,9.5,3.4,149,6.9,5.3,142,8,2.4,147,11.8,8.9,142,6.6,4.8,100,11,6.4,31.18695321098
2018,10,3,S3,1,SCRO,1,8,121,3.8,4.2,128,5.2,4.3,126,5.3,3.2,141,5.7,3.2,130,4.7,2.9,130,5,3.2,131,3.9,4.1,116,5,4.2,29.703290394762195
2018,10,3,S3,1,SPAL,1,50,81,6,NA,81,2.5,NA,83,7.7,NA,115,8.8,NA,97,4.3,1.6,68,3.2,NA,99,7.1,3.1,104,5.1,NA,101.25103826347099
2018,10,3,S3,1,SPCY,1,5,132,4.3,4.3,134,4.9,3.8,161,3.8,3.8,176,7.5,5.5,90,3.8,1,NA,NA,NA,NA,NA,NA,NA,NA,NA,39.53726040548451
2018,10,3,S3,2,PLOD,1,8,28,2.8,NA,39,1.7,NA,30,1.6,NA,23,1.3,NA,30,1,NA,20,1.1,NA,47,2.2,0.3,26,0.6,NA,3.2453179868383066
2018,10,3,S3,2,SCAM,1,25,134,6.8,5.5,121,9.6,5.2,126,5.6,5.6,139,6.2,5.3,110,5.5,4.6,100,5.9,6,140,6.1,6.2,120,5.7,5.2,38.53982927590335
2018,10,3,S3,3,SOSE,1,19,94,7,3.9,63,6.1,3.8,67,5.9,3.4,76,5,5,60,4.2,2.4,63,4,3.6,76,3.5,3.4,73,5.8,3.7,89.11927527317684
2018,10,3,S3,3,SYTE,1,16,57,1.1,0.8,50,1.1,1.6,50,0.9,1,78,1.8,1.7,62,1,0.8,67,1.6,1.1,30,0.8,NA,79,1.3,1.3,11.005431675396087
2018,10,3,S3,4,PLOD,1,1,57,6.5,3,NA,NA,NA,NA,NA,NA,NA,NA,NA,NA,NA,NA,NA,NA,NA,NA,NA,NA,NA,NA,NA,1.3883311301185313
2018,10,3,S3,4,SCAM,1,11,154,5.3,5.7,117,4.3,3.3,150,4,4,88,6,6.2,170,6,4.8,141,8,7.5,130,5.5,4,152,6.9,4.5,18.990609911773607
2018,10,3,S3,4,SCRO,1,28,145,6.6,4.5,140,5.3,4.5,134,7,4.5,132,6.1,3.8,113,8.2,5.4,135,6.1,4.2,120,6,2.8,129,4.9,3.9,112.76603593211635
2018,10,3,S3,5,SCAM,1,11,138,8.6,5.8,155,6.2,5.2,102,6.8,4.8,168,6.7,7.3,100,5.2,5,93,6.6,5.2,132,6.2,5.8,86,5.2,4.3,17.218021112320724
2018,10,3,S3,5,SCRO,1,13,135,7.6,5.8,128,5.7,4.3,168,10,6.6,144,6.5,5,129,5.2,4.7,137,4.7,4,69,6.8,4.1,68,5.9,6,51.06688643839422
2018,10,3,S3,5,SPAL,1,7,138,9,NA,95,7.2,NA,115,6.9,NA,134,8.9,NA,131,12.7,NA,66,4.9,NA,135,9.2,NA,NA,NA,NA,31.947121049453266
2018,10,3,S3,5,SYTE,1,3,92,1.5,2,60,1.5,2,78,1.7,1.3,NA,NA,NA,NA,NA,NA,NA,NA,NA,NA,NA,NA,NA,NA,NA,3.4942594896621233
